/*******************************************************************************
 * Size: 26 px
 * Bpp: 4
 * Opts: --font C:/Users/trumc/OneDrive/2.PERSONAL/Family/BAOT/AI/HomeCenter/font-bold.ttf --size 26 --bpp 4 --format lvgl --lv-include lvgl.h --range 0x20-0x17F --range 0x1EA0-0x1EF9 --range 0x2013-0x2026 -o vocat_vn_26.c
 ******************************************************************************/

#ifdef LV_LVGL_H_INCLUDE_SIMPLE
#include "lvgl.h"
#else
#include "lvgl.h"
#endif

#ifndef VOCAT_VN_26
#define VOCAT_VN_26 1
#endif

#if VOCAT_VN_26

/*-----------------
 *    BITMAPS
 *----------------*/

/*Store the image of the glyphs*/
static LV_ATTRIBUTE_LARGE_CONST const uint8_t glyph_bitmap[] = {
    /* U+0020 " " */

    /* U+0021 "!" */
    0xaf, 0xf8, 0xc0, 0x3f, 0xf9, 0x4, 0x1, 0x17,
    0x80, 0x42, 0x40, 0x1, 0x1, 0x0, 0x10, 0x30,
    0x1, 0xc0, 0xc0, 0x4, 0x2, 0x0, 0x10, 0x0,
    0x87, 0x0, 0x8, 0xc, 0x1, 0x9e, 0xa0, 0xb5,
    0x50, 0x6a, 0xac, 0x20, 0x1f, 0xe0,

    /* U+0022 "\"" */
    0x9f, 0xf9, 0x43, 0x7f, 0xe0, 0xf, 0xfe, 0x58,
    0x80, 0x42, 0x2, 0x1, 0xb4, 0x2, 0x50, 0x50,
    0x1, 0x3, 0x80, 0x4, 0x41, 0xe0, 0x7, 0x2,
    0x44, 0x30, 0x1, 0x12, 0xf0,

    /* U+0023 "#" */
    0x0, 0xc9, 0xfe, 0x90, 0x5, 0x7f, 0x90, 0x3,
    0xb0, 0x1, 0x80, 0x4, 0x0, 0x28, 0x7, 0x20,
    0x1, 0x0, 0x44, 0x6, 0x20, 0x1c, 0x60, 0x42,
    0x8, 0x0, 0x40, 0x5, 0x6e, 0xb8, 0x0, 0x5b,
    0xab, 0x0, 0x36, 0x93, 0x11, 0x4, 0x2, 0x22,
    0x8, 0x0, 0x48, 0x3, 0xff, 0x89, 0x9f, 0xe2,
    0x0, 0x7f, 0xb4, 0x0, 0x9f, 0xe2, 0x0, 0x88,
    0x8, 0x0, 0xe0, 0x3, 0x0, 0xe2, 0x0, 0x38,
    0x3, 0x40, 0x1c, 0x1, 0xce, 0x0, 0x20, 0x1,
    0x0, 0x14, 0x2, 0xad, 0xb0, 0x3, 0x6e, 0x94,
    0x1, 0xdb, 0xa2, 0x62, 0x10, 0x0, 0x91, 0x0,
    0x22, 0x28, 0x3, 0xff, 0x89, 0x9a, 0x0, 0x4f,
    0xf4, 0x0, 0x27, 0xfe, 0x20, 0x70, 0x1, 0x80,
    0x34, 0x0, 0xa0, 0x1d, 0xa0, 0xd, 0x0, 0x38,
    0x0, 0xc0, 0x38, 0xc0, 0xe, 0x0, 0x20, 0x30,
    0xf, 0x20, 0x9, 0x1, 0x80, 0x14, 0x3, 0x80,

    /* U+0024 "$" */
    0x0, 0xf8, 0x40, 0x3f, 0xf8, 0x19, 0xc0, 0x1f,
    0xe5, 0xa3, 0xa, 0x60, 0xf, 0xe, 0x52, 0x80,
    0x16, 0x74, 0x80, 0x35, 0x18, 0x7, 0x8b, 0xc0,
    0x24, 0x40, 0x2, 0x8, 0x20, 0x0, 0x4c, 0x0,
    0xc0, 0x1, 0xb8, 0x83, 0xa8, 0xf, 0x0, 0x4,
    0x0, 0xc0, 0x1a, 0xbf, 0xa0, 0x0, 0x20, 0x4,
    0x10, 0xf, 0xeb, 0x0, 0xf, 0x90, 0x7, 0xe3,
    0x30, 0x0, 0x44, 0x16, 0xc0, 0x1e, 0xd2, 0x0,
    0xc9, 0x3c, 0xa0, 0x18, 0x76, 0x4, 0x3, 0xd,
    0x28, 0x7, 0x3f, 0x10, 0x8, 0x5, 0x60, 0x1f,
    0x8, 0x73, 0x80, 0x4, 0x80, 0x2, 0x62, 0x1,
    0xa0, 0x40, 0xc, 0x1f, 0xd8, 0xc0, 0x1c, 0x60,
    0x7, 0x3, 0x0, 0x48, 0x80, 0x46, 0x40, 0x2,
    0x9, 0x0, 0xe, 0x10, 0x3e, 0x80, 0x14, 0x41,
    0x50, 0x0, 0x42, 0x10, 0x20, 0x36, 0x1, 0x5a,
    0x80, 0x78, 0xf0, 0x40, 0x35, 0x63, 0x88, 0x3e,
    0x60, 0x80, 0x3c, 0x70, 0x41, 0x6, 0x1, 0xff,
    0xc6,

    /* U+0025 "%" */
    0x2, 0xae, 0xfd, 0x60, 0xf, 0xf, 0xfa, 0x0,
    0x31, 0x62, 0x88, 0x14, 0xc0, 0x7, 0x40, 0xc,
    0x0, 0x6b, 0x10, 0xae, 0x20, 0x71, 0x0, 0x89,
    0x82, 0x40, 0x39, 0x40, 0xa, 0x28, 0x0, 0x50,
    0xa, 0x0, 0x5c, 0x3, 0x84, 0x4, 0x0, 0x20,
    0x1, 0x0, 0x12, 0x84, 0x0, 0x78, 0x40, 0x40,
    0x2, 0x0, 0x10, 0x4, 0x0, 0xb0, 0x7, 0x94,
    0x0, 0xc4, 0xe0, 0x5, 0x3, 0x50, 0x80, 0xf,
    0xac, 0x1, 0x3a, 0x20, 0xe2, 0x10, 0x4, 0xc0,
    0x1f, 0x16, 0xa8, 0x81, 0x4c, 0x1, 0xa0, 0x40,
    0x7, 0xf1, 0x57, 0x7e, 0xb0, 0x3, 0xc0, 0x94,
    0x17, 0x3f, 0xa8, 0x40, 0x3f, 0x90, 0xc2, 0x1,
    0xa8, 0xc0, 0x57, 0xc4, 0x3, 0xf4, 0x1, 0xa8,
    0x40, 0xe, 0xc0, 0xc, 0x80, 0x7c, 0xa6, 0x10,
    0x4, 0x20, 0xe4, 0xe0, 0x4, 0x0, 0xfa, 0x0,
    0xd0, 0x18, 0x1, 0xc0, 0x18, 0x80, 0x3c, 0xa4,
    0x10, 0x1, 0xfe, 0x30, 0xf, 0x40, 0x22, 0x0,
    0xc, 0x0, 0xe0, 0xc, 0x20, 0x1c, 0xc4, 0x10,
    0x1, 0x10, 0x83, 0x93, 0x80, 0x10, 0x3, 0xa0,
    0x10, 0xc0, 0x34, 0x0, 0xec, 0x0, 0xc8, 0x6,
    0x71, 0x9, 0x0, 0xe6, 0xa3, 0x1, 0x5c, 0x10,

    /* U+0026 "&" */
    0x0, 0xc9, 0x7d, 0xfe, 0xc6, 0x0, 0xff, 0x3d,
    0xa0, 0x80, 0xe, 0x68, 0x3, 0xf1, 0x40, 0x0,
    0x59, 0x0, 0xa, 0xc0, 0x1f, 0x28, 0x5, 0x93,
    0x6c, 0x0, 0xd0, 0xf, 0xf8, 0xc0, 0x1e, 0x0,
    0x70, 0xf, 0x90, 0x2, 0xa0, 0x1b, 0x0, 0x20,
    0x7, 0xc6, 0x80, 0x4, 0xaf, 0x20, 0x19, 0x0,
    0xfd, 0x42, 0x0, 0x51, 0x2, 0xc1, 0x0, 0xfc,
    0xc2, 0x1, 0x93, 0x48, 0x3, 0xe1, 0xc8, 0x0,
    0xe4, 0x20, 0xf, 0xda, 0x60, 0x7, 0x80, 0xb,
    0xc1, 0xbf, 0x20, 0x0, 0xc6, 0x0, 0x78, 0x76,
    0x0, 0x15, 0xd0, 0x19, 0x80, 0x1a, 0x1, 0x40,
    0x2, 0x4c, 0x0, 0x86, 0x0, 0xd0, 0x3, 0x0,
    0x8, 0x3, 0x68, 0x80, 0x62, 0x60, 0x0, 0x80,
    0x8, 0x40, 0x21, 0x80, 0xc, 0xc0, 0x15, 0x80,
    0x5a, 0x60, 0x2f, 0x20, 0x19, 0x30, 0x81, 0xc4,
    0x0, 0x79, 0xfd, 0x0, 0x1e, 0x3d, 0x10, 0xc2,
    0x0, 0xfc, 0xf6, 0x1, 0x38, 0x81, 0x6c, 0xa0,
    0x80, 0x9, 0xb6, 0x13, 0x51, 0x10, 0x1, 0x9a,
    0xfb, 0xfd, 0xb2, 0x40, 0x2, 0xbb, 0x0, 0x0,

    /* U+0027 "'" */
    0xdf, 0xf8, 0x3, 0xfe, 0x10, 0xc, 0xa0, 0x2,
    0xf, 0x0, 0x38, 0x22, 0x58, 0x0,

    /* U+0028 "(" */
    0x0, 0xdd, 0xf2, 0x1, 0x40, 0x85, 0x80, 0x9,
    0xc1, 0x8, 0x1, 0x0, 0xe, 0x0, 0xa, 0x80,
    0x14, 0x1, 0x20, 0x5, 0x0, 0x94, 0x1, 0x80,
    0x1, 0x20, 0x2, 0x80, 0x10, 0x2, 0x30, 0x1,
    0x0, 0x4, 0x2, 0xe0, 0x1, 0x80, 0x78, 0x40,
    0x3f, 0xf8, 0x22, 0x1, 0x70, 0x0, 0xc0, 0x23,
    0x0, 0x8, 0x4, 0xa0, 0x11, 0x80, 0x4, 0xc0,
    0xa, 0x1, 0x50, 0x3, 0x0, 0x26, 0x0, 0x28,
    0x6, 0x60, 0x2, 0x0, 0x56, 0x0, 0xe0, 0x8,
    0x9c, 0x14, 0x40, 0x28, 0x10, 0x90,

    /* U+0029 ")" */
    0xe, 0xf9, 0x0, 0xe9, 0x6, 0x30, 0xc, 0xc0,
    0xf, 0x0, 0xc2, 0x80, 0x68, 0x1, 0xb8, 0x1,
    0xe0, 0x19, 0x40, 0x8, 0x40, 0x18, 0xc0, 0xa,
    0x1, 0x94, 0x1, 0x60, 0x1b, 0xc0, 0x6, 0x1,
    0x88, 0x2, 0x20, 0x9, 0xc0, 0x26, 0x0, 0x84,
    0x3, 0xff, 0x86, 0x20, 0x13, 0x0, 0x4e, 0x1,
    0x18, 0x4, 0x40, 0x1, 0x10, 0x5, 0xe0, 0x4,
    0x0, 0xca, 0x0, 0xc0, 0xc, 0x60, 0x7, 0x0,
    0x90, 0x0, 0x82, 0x1, 0x68, 0x3, 0xc0, 0x33,
    0x1, 0xa0, 0x4, 0xc0, 0x8, 0x0, 0xd0, 0xa,
    0x80, 0x10,

    /* U+002A "*" */
    0x0, 0x8f, 0xfc, 0x1, 0xf0, 0x80, 0x80, 0x61,
    0xd6, 0x30, 0x20, 0x5b, 0x7, 0x29, 0xc0, 0x2e,
    0xa4, 0x49, 0xcc, 0x80, 0x44, 0x6c, 0xe5, 0x1a,
    0x40, 0x4, 0xc9, 0x30, 0x6, 0x92, 0x92, 0x48,
    0x5, 0x6, 0x37, 0xc0, 0xc8, 0x0, 0x87, 0x81,
    0x36, 0xa4, 0x0, 0xa1, 0x80, 0x12, 0xa0, 0x0,

    /* U+002B "+" */
    0x0, 0xe3, 0x38, 0x3, 0xfe, 0xcc, 0x8c, 0x3,
    0xff, 0xc6, 0xac, 0xd8, 0x2, 0xb6, 0x6c, 0x17,
    0x33, 0x80, 0x27, 0x99, 0xc2, 0x1, 0xff, 0xd0,
    0xef, 0xfc, 0x1, 0x67, 0xfe, 0x10, 0xf, 0xff,
    0x60,

    /* U+002C "," */
    0x2a, 0xa8, 0xc5, 0x56, 0x60, 0xf, 0xf1, 0xfb,
    0x3, 0x0, 0x10, 0xc, 0xb0, 0x9c, 0x0, 0x6f,
    0x0, 0x5f, 0x0, 0x0,

    /* U+002D "-" */
    0x5a, 0xaf, 0x26, 0xaa, 0xf8, 0xc0, 0x3f, 0xf8,
    0x80,

    /* U+002E "." */
    0x1a, 0xa9, 0xd, 0x56, 0x30, 0xf, 0xf0,

    /* U+002F "/" */
    0x0, 0xe8, 0xff, 0x10, 0x7, 0x20, 0x9, 0x0,
    0x71, 0x82, 0x0, 0x72, 0x0, 0x30, 0x3, 0xb0,
    0x0, 0x80, 0x1c, 0x80, 0x24, 0x1, 0xc6, 0x8,
    0x1, 0xc6, 0x0, 0xc0, 0xe, 0x40, 0x2, 0x0,
    0x76, 0x0, 0x90, 0x7, 0x20, 0x20, 0x7, 0x18,
    0x3, 0x0, 0x39, 0x0, 0x8, 0x1, 0xd8, 0x2,
    0x40, 0x1c, 0xa0, 0xa0, 0x1c, 0x42, 0x18, 0x1,
    0xc8, 0x0, 0x40, 0xe, 0xc0, 0x1, 0x80, 0x72,
    0x2, 0x0, 0x70,

    /* U+0030 "0" */
    0x0, 0x97, 0x3f, 0xdb, 0x0, 0x1e, 0xaa, 0x18,
    0x0, 0x9f, 0x44, 0x2, 0x65, 0x0, 0xf1, 0x50,
    0x5, 0x0, 0x2, 0xde, 0x40, 0x2, 0x18, 0x20,
    0x80, 0x20, 0x86, 0x80, 0x2a, 0xc, 0x0, 0x90,
    0x0, 0x26, 0x0, 0x50, 0x30, 0x8, 0x40, 0x26,
    0x0, 0x18, 0x30, 0x0, 0x80, 0x31, 0x80, 0x42,
    0x1, 0xff, 0xc0, 0x33, 0x0, 0x7c, 0x20, 0x18,
    0xc0, 0x3e, 0x10, 0x8, 0xc0, 0x3f, 0xf8, 0x2c,
    0x0, 0x30, 0xc, 0x60, 0x10, 0x90, 0x0, 0x44,
    0x1, 0x30, 0x0, 0xc3, 0x0, 0x24, 0x0, 0x9,
    0x80, 0x10, 0x14, 0x2, 0x82, 0x1b, 0x0, 0xac,
    0x1, 0x0, 0x2, 0xde, 0x50, 0x2, 0x18, 0x1,
    0xd4, 0x3, 0xc5, 0x40, 0x1a, 0xa8, 0x60, 0x2,
    0x7d, 0x10, 0x0,

    /* U+0031 "1" */
    0x0, 0xed, 0xff, 0x18, 0x6, 0x72, 0x0, 0xf2,
    0xc0, 0x7, 0xa2, 0x80, 0x39, 0xb5, 0xc0, 0x3d,
    0x24, 0x0, 0x40, 0xf, 0xe, 0x70, 0x6, 0x39,
    0xe3, 0x0, 0xec, 0x60, 0xf, 0xff, 0xf8, 0x7,
    0xff, 0x28,

    /* U+0032 "2" */
    0x0, 0x85, 0xf3, 0xfd, 0xd4, 0x60, 0x1c, 0x7f,
    0x6, 0x0, 0x15, 0xc8, 0x0, 0xda, 0x20, 0x1f,
    0x3a, 0x80, 0x1c, 0x40, 0xb, 0xdf, 0x20, 0x14,
    0x0, 0x30, 0x0, 0x34, 0x20, 0xcc, 0x0, 0x10,
    0x81, 0x21, 0x20, 0x6, 0xe0, 0x8, 0xc2, 0x6f,
    0x68, 0x3, 0x70, 0x4, 0x40, 0x1f, 0x85, 0x80,
    0x6, 0x1, 0xfd, 0xa0, 0x14, 0x0, 0x7e, 0xb3,
    0x0, 0x22, 0x0, 0x3e, 0xb4, 0x0, 0x15, 0x0,
    0x7d, 0x88, 0x0, 0x1f, 0x10, 0xf, 0x61, 0x80,
    0xb, 0xc8, 0x3, 0xd6, 0x60, 0x2, 0xc1, 0x0,
    0xf4, 0x20, 0x0, 0xb0, 0x40, 0x3c, 0x4e, 0x1,
    0x2a, 0x2a, 0xf0, 0x2, 0x0, 0x33, 0xd5, 0x78,
    0x81, 0x40, 0x3f, 0xf8, 0x8, 0x1, 0xff, 0xc1,

    /* U+0033 "3" */
    0x0, 0x86, 0x37, 0xfd, 0xae, 0x1, 0xe2, 0xf7,
    0x20, 0x1, 0x46, 0x90, 0x6, 0xf1, 0x0, 0xf1,
    0x70, 0x4, 0xa4, 0x0, 0x7f, 0xe4, 0x0, 0x1a,
    0x0, 0x30, 0x0, 0x70, 0x3, 0x20, 0x11, 0x80,
    0x27, 0xb3, 0xc0, 0x3e, 0x10, 0x8, 0x4c, 0xc0,
    0x14, 0x80, 0x4e, 0x1, 0xf5, 0xf2, 0x0, 0x28,
    0x40, 0x3c, 0x68, 0x20, 0xb, 0x50, 0xf, 0x98,
    0x3, 0x5c, 0x80, 0x7c, 0x9d, 0xc8, 0x0, 0x34,
    0x0, 0x78, 0x46, 0x75, 0x0, 0x38, 0x80, 0x7f,
    0x60, 0x4, 0xa0, 0xaf, 0x2a, 0x1, 0xfe, 0x88,
    0x34, 0x80, 0x6d, 0x0, 0x98, 0x14, 0x0, 0x72,
    0x22, 0x84, 0x0, 0x19, 0x4, 0x88, 0x1, 0xbb,
    0x8e, 0x1, 0x78, 0x0, 0x74, 0x40, 0x3e, 0xb3,
    0x0, 0x8f, 0xdc, 0x80, 0x4, 0xfc, 0x80, 0x0,

    /* U+0034 "4" */
    0x0, 0xfd, 0x9f, 0xe8, 0x0, 0xfe, 0x73, 0x0,
    0xff, 0x8a, 0x0, 0x3f, 0xf8, 0x1c, 0x1, 0xff,
    0xc0, 0x73, 0x0, 0xff, 0x8a, 0x0, 0x3f, 0xf8,
    0x1c, 0x0, 0x81, 0x0, 0xfc, 0xe6, 0x6, 0xe0,
    0x1f, 0x8a, 0x0, 0x1c, 0x1, 0xfd, 0xc0, 0x8,
    0x20, 0xf, 0xd0, 0x60, 0x6e, 0x1, 0xf8, 0xdc,
    0x1, 0xc0, 0x1f, 0xd6, 0x1, 0x6f, 0xfc, 0x20,
    0x7, 0xfd, 0x0, 0xff, 0xe8, 0x4e, 0x67, 0xc2,
    0x0, 0x5c, 0xf1, 0x33, 0xf8, 0x2, 0x23, 0x20,
    0xf, 0xfe, 0x80,

    /* U+0035 "5" */
    0x0, 0x57, 0xff, 0xed, 0x0, 0x9c, 0x3, 0xff,
    0x80, 0x40, 0x1f, 0xf1, 0x80, 0x51, 0x33, 0xd0,
    0x0, 0x50, 0x0, 0xbb, 0x37, 0x28, 0x3, 0xc0,
    0x4, 0x1, 0xfc, 0xa0, 0x15, 0xf7, 0xe2, 0x80,
    0x63, 0x0, 0x1a, 0x8, 0x1d, 0x50, 0x0, 0x40,
    0x1f, 0xcb, 0x20, 0xc0, 0x14, 0xff, 0xac, 0x40,
    0xc, 0x49, 0xfb, 0xa6, 0x0, 0x24, 0x0, 0x4a,
    0x0, 0x22, 0x0, 0x67, 0x0, 0xb8, 0x3, 0xf0,
    0x80, 0x46, 0x65, 0x66, 0x0, 0x62, 0x0, 0x8a,
    0x2a, 0x64, 0x20, 0x12, 0x80, 0x5b, 0xa0, 0xb,
    0x44, 0x12, 0x40, 0x2, 0xac, 0x40, 0x3, 0xef,
    0xb1, 0x0, 0x50, 0x3, 0x8, 0x3, 0xe9, 0x40,
    0x0, 0xec, 0x18, 0x0, 0x9b, 0x58, 0x0,

    /* U+0036 "6" */
    0x0, 0x86, 0x37, 0xfd, 0x8c, 0x1, 0xc9, 0xee,
    0x40, 0x3, 0x9b, 0x0, 0x8a, 0xc4, 0x3, 0xc8,
    0xe0, 0xe, 0x0, 0xa7, 0xf4, 0x80, 0x12, 0x4,
    0x60, 0x8, 0x60, 0x28, 0x35, 0x71, 0x50, 0x9,
    0x40, 0x25, 0xca, 0x91, 0xd0, 0x8, 0x96, 0x69,
    0xc4, 0x2, 0x60, 0x1, 0x5d, 0x32, 0xc7, 0x28,
    0x0, 0x40, 0x4, 0x80, 0x1d, 0x48, 0x6, 0x1,
    0xab, 0xec, 0x40, 0x12, 0x6, 0x1, 0x42, 0x82,
    0x58, 0x0, 0x8c, 0x40, 0x24, 0x0, 0x90, 0x2,
    0x46, 0x0, 0x84, 0x2, 0x10, 0xb, 0xc8, 0x2,
    0x60, 0xf, 0xbe, 0xc0, 0x2e, 0x0, 0x90, 0x2,
    0x33, 0x10, 0x1, 0x5c, 0x4e, 0x40, 0x2, 0x81,
    0x20, 0x14, 0x76, 0x10, 0x2, 0x0, 0x9, 0x20,
    0x1f, 0x3b, 0x0, 0x4d, 0xaa, 0x20, 0x29, 0x70,
    0x0,

    /* U+0037 "7" */
    0xef, 0xff, 0xf9, 0x40, 0x3f, 0xf9, 0xa3, 0x73,
    0x3f, 0x0, 0x4e, 0x8a, 0xcd, 0xee, 0x0, 0x1c,
    0x0, 0x7c, 0x4e, 0x0, 0xe0, 0xf, 0xdc, 0x0,
    0x72, 0x0, 0xf9, 0x4c, 0x1, 0x20, 0x1f, 0xa4,
    0x0, 0xc2, 0x1, 0xf1, 0x98, 0x1, 0x0, 0x1f,
    0xa4, 0x0, 0x82, 0x1, 0xf9, 0x40, 0x1a, 0x1,
    0xf9, 0x40, 0x27, 0x0, 0xfd, 0x80, 0x3, 0x10,
    0xf, 0xc8, 0x0, 0x50, 0xf, 0xe2, 0x0, 0x78,
    0x7, 0xe3, 0x0, 0x94, 0x3, 0xf3, 0x80, 0x42,
    0x1, 0xf8, 0x40, 0x23, 0x0, 0xf0,

    /* U+0038 "8" */
    0x0, 0xc, 0x6f, 0xfb, 0x68, 0xc0, 0x31, 0xfb,
    0x90, 0x0, 0x97, 0x18, 0x2, 0xe1, 0x0, 0x84,
    0x2, 0x92, 0x4, 0x20, 0x3, 0xff, 0x50, 0x5,
    0x40, 0x60, 0x14, 0x0, 0x15, 0x0, 0x4, 0x2,
    0x1, 0xf3, 0x80, 0xc, 0x1c, 0x2, 0x80, 0x2,
    0x98, 0x2, 0x80, 0x64, 0x0, 0xff, 0xea, 0x0,
    0x41, 0x80, 0x1a, 0x80, 0x3c, 0xee, 0x0, 0x92,
    0xc0, 0x3c, 0xf6, 0x0, 0x2b, 0x10, 0x5d, 0xe9,
    0x0, 0x24, 0x5, 0x80, 0x6, 0x88, 0x59, 0x80,
    0x7, 0x4, 0x0, 0x20, 0x6, 0xd0, 0x8, 0xcc,
    0x1, 0xf0, 0x80, 0x4e, 0x60, 0x4, 0x0, 0xda,
    0x1, 0x32, 0x80, 0x6, 0x84, 0x15, 0xc0, 0x4,
    0x49, 0x10, 0x2, 0xf7, 0xd0, 0x5, 0x0, 0x3a,
    0x20, 0x1f, 0x42, 0x80, 0xf, 0xe0, 0xc0, 0x2,
    0xb8, 0xe0, 0x0,

    /* U+0039 "9" */
    0x0, 0x8a, 0x77, 0xfa, 0xd4, 0x3, 0xc9, 0xac,
    0x40, 0x29, 0x56, 0x1, 0x8a, 0xc0, 0x3e, 0x49,
    0x0, 0xa0, 0x2, 0xaf, 0xc2, 0x0, 0x31, 0x80,
    0x14, 0x0, 0xca, 0x7, 0xc0, 0x15, 0x1, 0x0,
    0x5e, 0x1, 0x18, 0x80, 0x10, 0x3, 0xfc, 0x40,
    0x2, 0x2, 0x0, 0xb8, 0x3, 0x10, 0x4, 0x40,
    0x80, 0x6, 0x20, 0x3, 0x88, 0x4, 0x21, 0x0,
    0x1, 0xdb, 0xc8, 0x0, 0xf1, 0xc8, 0x4, 0x86,
    0x4, 0x1, 0xe6, 0xc4, 0x10, 0x3a, 0x50, 0x8,
    0x40, 0x23, 0xbe, 0xfc, 0x52, 0x0, 0x88, 0x2,
    0x12, 0x0, 0xce, 0x0, 0x20, 0x5, 0x7f, 0x78,
    0x4, 0x64, 0x0, 0x50, 0x6, 0x80, 0x9, 0xc0,
    0xb8, 0x2, 0xa0, 0x3, 0x0, 0x51, 0xfa, 0x40,
    0x7, 0x20, 0x0, 0xd0, 0x7, 0xcf, 0x0, 0x19,
    0x71, 0x44, 0x5, 0x72, 0x0, 0x20,

    /* U+003A ":" */
    0x7f, 0xf8, 0x80, 0x3f, 0xc6, 0xab, 0x1a, 0x55,
    0x42, 0x1, 0xff, 0xcd, 0x4a, 0xa8, 0x4d, 0x56,
    0x30, 0xf, 0xf0,

    /* U+003B ";" */
    0x8f, 0xf8, 0x3, 0xfe, 0xd5, 0x58, 0x16, 0xaa,
    0x0, 0xff, 0xe7, 0x2d, 0x54, 0x1a, 0xab, 0x0,
    0x7f, 0xd1, 0xe2, 0x20, 0x1, 0x8a, 0x83, 0x68,
    0x40, 0x8, 0x59, 0x83, 0xf2, 0x0, 0x0,

    /* U+003C "<" */
    0x0, 0xff, 0xe0, 0x20, 0x7, 0xf9, 0xb6, 0xc0,
    0x3e, 0x28, 0xf9, 0x20, 0xf, 0x1d, 0x6b, 0x80,
    0x7c, 0xb9, 0x85, 0x0, 0xc9, 0x42, 0xfd, 0x46,
    0x1, 0xb, 0xf5, 0xae, 0xc0, 0x80, 0x4b, 0x7d,
    0x2, 0x1, 0xe5, 0xea, 0x40, 0xf, 0xe5, 0xd6,
    0x0, 0xf4, 0x18, 0x4, 0x73, 0xf2, 0x60, 0x12,
    0x66, 0x14, 0x3, 0x36, 0x61, 0x80, 0x23, 0xae,
    0x70, 0xc, 0x73, 0xc0, 0x18, 0x63, 0xe4, 0x80,
    0x21, 0x0, 0xf9, 0xb6, 0x8c, 0x3, 0xfe, 0x5c,
    0xc3, 0x0,

    /* U+003D "=" */
    0xef, 0xff, 0xfe, 0x0, 0x80, 0x7f, 0xf4, 0x2a,
    0xbf, 0xf8, 0x22, 0x8a, 0xbf, 0xfc, 0x0, 0x55,
    0xff, 0xe0, 0x85, 0xd5, 0x7f, 0xf0, 0x4, 0x3,
    0xff, 0xa0,

    /* U+003E ">" */
    0x40, 0xf, 0xfe, 0x4, 0x73, 0x88, 0x7, 0xf8,
    0x63, 0xa4, 0x80, 0x3f, 0xe6, 0xdb, 0x40, 0xe,
    0xf5, 0x0, 0xc9, 0x7a, 0xc0, 0x11, 0xd7, 0x49,
    0x0, 0x45, 0x3d, 0x2, 0x0, 0x16, 0xdc, 0x60,
    0x8, 0x5f, 0x80, 0x38, 0xe7, 0xdc, 0x3, 0xfc,
    0x96, 0xe0, 0x1f, 0xc, 0x75, 0xa0, 0x4, 0x52,
    0x9, 0x7c, 0xe2, 0x1, 0x25, 0xeb, 0x5d, 0x90,
    0x3, 0x2e, 0x5a, 0x0, 0x1c, 0x2, 0x17, 0xea,
    0x30, 0xf, 0x14, 0xf4, 0x8, 0x7, 0x92, 0xf5,
    0x80, 0x3f, 0x80,

    /* U+003F "?" */
    0x0, 0x8e, 0x77, 0xfd, 0xb4, 0x80, 0x1d, 0x18,
    0xc4, 0x0, 0x25, 0xba, 0x0, 0xa1, 0xc0, 0x22,
    0x30, 0x9, 0x68, 0x9, 0xc0, 0x5, 0x9b, 0x9c,
    0xa0, 0x5, 0x45, 0x0, 0xbc, 0xc0, 0x3, 0x40,
    0x16, 0x92, 0x9a, 0x10, 0x7, 0x10, 0x0, 0xd6,
    0xb2, 0xc0, 0x38, 0x88, 0x0, 0x20, 0xf, 0xc7,
    0x80, 0x14, 0x80, 0x7c, 0x98, 0x20, 0xa, 0x10,
    0xf, 0x2d, 0x80, 0x52, 0xa0, 0x1e, 0x1a, 0x0,
    0xad, 0x80, 0x3e, 0x60, 0xb, 0x10, 0x3, 0xf6,
    0x80, 0x14, 0xc0, 0x3f, 0x84, 0x0, 0x40, 0x1f,
    0xea, 0xdd, 0x48, 0x7, 0xf9, 0xa2, 0x12, 0x1,
    0xfe, 0xc5, 0x58, 0x3, 0xff, 0xaa,

    /* U+0040 "@" */
    0x0, 0xfc, 0x2d, 0x5b, 0xdf, 0xee, 0xb7, 0x20,
    0xf, 0xfe, 0x9, 0x57, 0x4a, 0x90, 0x80, 0x5,
    0x23, 0x6c, 0x80, 0x3f, 0xcf, 0xaa, 0x0, 0x47,
    0x99, 0xa1, 0x4, 0x13, 0x58, 0x3, 0xf4, 0xc0,
    0xc, 0x7d, 0xc3, 0x34, 0xf7, 0xd2, 0x0, 0x95,
    0x0, 0xf3, 0xb0, 0x27, 0xb8, 0x7, 0xf3, 0x69,
    0x5, 0x10, 0x6, 0x28, 0x4, 0xb1, 0x3, 0xae,
    0xfd, 0x70, 0xff, 0x9f, 0xc4, 0x20, 0x3, 0x48,
    0xd, 0x80, 0x1b, 0x14, 0x40, 0xa3, 0x0, 0x27,
    0x29, 0x5, 0x0, 0x8d, 0x2, 0xc0, 0xb, 0x20,
    0x5, 0x97, 0x3, 0x0, 0x9, 0x3, 0x0, 0x14,
    0x1, 0x40, 0x2a, 0x3, 0x40, 0x8, 0xa6, 0x89,
    0x0, 0x94, 0x0, 0x26, 0x4, 0x0, 0x40, 0x70,
    0x4, 0x0, 0xd, 0xc0, 0x26, 0x0, 0x8c, 0x2,
    0x70, 0xe0, 0x1, 0x6, 0x0, 0x1c, 0x1, 0x40,
    0x1f, 0xb4, 0x2, 0x70, 0x10, 0x20, 0x3, 0x81,
    0x88, 0x1, 0xc0, 0x3f, 0x38, 0x4, 0x41, 0xc0,
    0x20, 0x3, 0x5, 0x0, 0x8, 0x80, 0x32, 0x0,
    0x4, 0x80, 0x8, 0x20, 0xa0, 0x20, 0x3, 0x0,
    0xc6, 0x1, 0xd8, 0x0, 0x50, 0xa, 0x0, 0x8c,
    0xc, 0x0, 0xc0, 0x18, 0x80, 0x39, 0x80, 0x6,
    0x0, 0x73, 0x8, 0x0, 0x9, 0x6, 0x2, 0x0,
    0x48, 0x1, 0x50, 0x80, 0x38, 0x1e, 0x1, 0x14,
    0x2, 0x40, 0x60, 0x23, 0x0, 0x5c, 0x36, 0x28,
    0x5, 0x7b, 0x0, 0x76, 0x1, 0xa8, 0x5, 0xc3,
    0x84, 0x0, 0xf2, 0x64, 0x1, 0x11, 0x1, 0x74,
    0x3, 0x8d, 0x2, 0xc, 0xbd, 0x84, 0x9, 0xf6,
    0x4, 0x9, 0x6e, 0x84, 0x91, 0x0, 0x14, 0x80,
    0x31, 0x46, 0x7b, 0xf6, 0x1, 0xfb, 0xf6, 0x90,
    0x1b, 0x6e, 0x0, 0x22, 0xb0, 0x5, 0x5a, 0x0,
    0x7f, 0x93, 0x24, 0x7, 0x40, 0x32, 0x61, 0x2,
    0x5f, 0xdc, 0xbb, 0x31, 0xe2, 0xfe, 0xcc, 0xf,
    0xc4, 0x3, 0x8f, 0x60, 0x80, 0x8, 0xd1, 0x32,
    0x87, 0x40, 0x1, 0x56, 0x8, 0x7, 0xe7, 0xdc,
    0x84, 0x21, 0x0, 0x9, 0x24, 0x66, 0xa8, 0x6,

    /* U+0041 "A" */
    0x0, 0xfb, 0xbf, 0xe6, 0x0, 0xff, 0xe0, 0xa8,
    0x80, 0x54, 0x1, 0xff, 0xc1, 0xe0, 0xc, 0x66,
    0x0, 0xff, 0x85, 0x0, 0x3a, 0x80, 0x3f, 0xe6,
    0x0, 0x84, 0x0, 0xc0, 0x1f, 0xf5, 0x0, 0xa,
    0x40, 0x26, 0x0, 0xfe, 0x32, 0x0, 0x2a, 0x80,
    0x2a, 0x0, 0xfe, 0xa0, 0xa, 0x88, 0xc0, 0x6,
    0x40, 0x1f, 0x98, 0x0, 0x44, 0xa, 0x0, 0xa8,
    0x3, 0xe6, 0x0, 0xa8, 0x0, 0xe0, 0x13, 0x0,
    0x7d, 0x40, 0x12, 0x80, 0x5, 0x0, 0x2, 0xa0,
    0x1c, 0x46, 0x0, 0x21, 0x33, 0xc0, 0x17, 0x0,
    0x75, 0x0, 0x45, 0x99, 0x9c, 0x2, 0x42, 0x0,
    0xcc, 0x1, 0xff, 0xc1, 0xa0, 0x9, 0x4, 0x3,
    0xff, 0x82, 0xc0, 0x17, 0x0, 0x55, 0xff, 0xf1,
    0x0, 0x5, 0x0, 0x54, 0x0, 0x2a, 0x1, 0xf5,
    0x80, 0x5e, 0xe, 0x1, 0x30, 0x7, 0xe6, 0x0,
    0x90, 0x68, 0x2, 0xa0, 0xf, 0xe6, 0x0, 0x98,

    /* U+0042 "B" */
    0x1f, 0xff, 0xee, 0xc8, 0x10, 0xf, 0xfe, 0x8,
    0x9b, 0xf9, 0x0, 0x7f, 0xf0, 0xc7, 0xc0, 0x3c,
    0x9b, 0xbd, 0x42, 0x0, 0x25, 0x0, 0xe1, 0x22,
    0xe5, 0xa0, 0xb, 0x40, 0x3f, 0xf8, 0xa, 0x1,
    0xff, 0xc4, 0x40, 0xb, 0x0, 0x38, 0x48, 0xb1,
    0xb5, 0x80, 0xd, 0x0, 0x39, 0x37, 0x76, 0x48,
    0x81, 0x68, 0x7, 0xff, 0xd, 0xc, 0x3, 0xff,
    0x86, 0xda, 0x60, 0x1c, 0xbf, 0xfd, 0xae, 0x1,
    0x68, 0x7, 0xfc, 0x50, 0xc0, 0x1, 0x50, 0xf,
    0xfe, 0x7, 0x80, 0x44, 0x1, 0xff, 0xc0, 0xc0,
    0x8, 0x40, 0x30, 0x91, 0x63, 0x49, 0x50, 0x9,
    0x0, 0x32, 0x6e, 0xec, 0xb6, 0x0, 0x94, 0x80,
    0x3f, 0xf8, 0x47, 0x60, 0x1f, 0xfc, 0x1, 0x49,
    0xc1, 0x0,

    /* U+0043 "C" */
    0x0, 0xe5, 0xad, 0xff, 0x6d, 0x20, 0x7, 0xc7,
    0xb4, 0xa4, 0x0, 0x25, 0xbb, 0x8, 0x6, 0x4c,
    0x20, 0xf, 0xc9, 0x80, 0x11, 0x58, 0x4, 0x51,
    0x72, 0xa0, 0x11, 0x48, 0x2, 0x0, 0x25, 0xd7,
    0x46, 0xaa, 0x0, 0x4c, 0x22, 0x50, 0x1, 0x50,
    0x7, 0x2a, 0x80, 0x54, 0xdc, 0x2, 0xa0, 0xf,
    0xaf, 0xb9, 0x45, 0xe0, 0x11, 0x80, 0x7c, 0x22,
    0x0, 0x88, 0x2, 0x60, 0xf, 0xfe, 0x21, 0x80,
    0x7f, 0xf1, 0xc, 0x3, 0xff, 0x80, 0x20, 0x13,
    0x0, 0x7f, 0xf0, 0x30, 0x2, 0x30, 0xf, 0x9b,
    0xa5, 0x1, 0x0, 0x2a, 0x0, 0xfa, 0x85, 0xad,
    0x9, 0x0, 0x5, 0x20, 0x1c, 0xe6, 0x0, 0x14,
    0x9, 0x0, 0x9b, 0x59, 0x1a, 0xe0, 0x2, 0x80,
    0x1, 0x50, 0x4, 0x53, 0x72, 0x80, 0x12, 0xb0,
    0x4, 0xb6, 0x20, 0x1f, 0x9a, 0x80, 0x39, 0x3a,
    0x50, 0x40, 0x4, 0xd9, 0x20, 0x10,

    /* U+0044 "D" */
    0x2f, 0xff, 0xdd, 0x90, 0x20, 0x1f, 0xfc, 0x11,
    0x37, 0xe6, 0x0, 0xff, 0xe2, 0x4b, 0x0, 0x79,
    0x33, 0x2b, 0x92, 0x0, 0xa4, 0x40, 0x38, 0x4c,
    0xe4, 0x6d, 0x40, 0xa, 0x40, 0x3f, 0xf8, 0x14,
    0x1, 0x30, 0x7, 0xff, 0x0, 0x50, 0x0, 0x24,
    0x1, 0xff, 0xc0, 0x30, 0x9, 0xc0, 0x3f, 0xf8,
    0x1e, 0x1, 0x18, 0x7, 0xff, 0x0, 0x40, 0x21,
    0x0, 0xff, 0xe0, 0x8, 0x4, 0x20, 0x1f, 0xfc,
    0xf, 0x0, 0x8c, 0x3, 0xff, 0x80, 0x60, 0x13,
    0x0, 0x7f, 0xf0, 0x10, 0x0, 0x26, 0x1, 0xff,
    0x40, 0x4, 0xc0, 0x1c, 0x26, 0x79, 0x6d, 0xc0,
    0x29, 0x0, 0xe4, 0xcc, 0xd4, 0x80, 0x15, 0x8,
    0x7, 0xff, 0xa, 0x54, 0x3, 0xfe, 0x13, 0x8e,
    0x60, 0x8,

    /* U+0045 "E" */
    0x1f, 0xff, 0xfe, 0xd, 0x80, 0x7f, 0xf6, 0x53,
    0x33, 0xfa, 0x40, 0x38, 0x4c, 0xff, 0x88, 0x3,
    0xff, 0xb2, 0x26, 0x7f, 0xc0, 0x1e, 0x4c, 0xcf,
    0xe0, 0xf, 0xfe, 0xd2, 0xff, 0xff, 0x0, 0x7f,
    0xfa, 0x84, 0xcf, 0xfc, 0x1, 0xc9, 0x99, 0xfe,
    0x0, 0xff, 0xea, 0x80,

    /* U+0046 "F" */
    0x1f, 0xff, 0xfe, 0x5, 0x0, 0x7f, 0xf5, 0x13,
    0x33, 0xf4, 0x0, 0x61, 0x33, 0xfc, 0x40, 0x1f,
    0xfd, 0x41, 0x33, 0xf8, 0x40, 0x39, 0x33, 0x3e,
    0x60, 0xf, 0xfe, 0xaa, 0xff, 0xfc, 0xe0, 0x1f,
    0xff, 0xf0, 0xf, 0xfe, 0x60,

    /* U+0047 "G" */
    0x0, 0xe3, 0x9c, 0xef, 0xf6, 0xd2, 0x0, 0x7c,
    0x59, 0x86, 0x31, 0x0, 0x12, 0xde, 0x8, 0x6,
    0x3c, 0x30, 0xf, 0xe3, 0xf1, 0x0, 0xe, 0x88,
    0x4, 0xd5, 0x72, 0x80, 0x10, 0xd8, 0x2, 0x4,
    0x0, 0x7d, 0x2a, 0x8d, 0x74, 0x1, 0x28, 0x89,
    0x80, 0x2d, 0x10, 0xe, 0x55, 0x1, 0xb1, 0xa0,
    0x4, 0xe2, 0x1, 0xf5, 0x7e, 0x49, 0x60, 0x5,
    0x80, 0x1f, 0xfc, 0x12, 0x0, 0x98, 0x3, 0x9,
    0x9f, 0xc2, 0x1, 0xfc, 0xd9, 0x9f, 0x58, 0x7,
    0xff, 0x18, 0xc0, 0x27, 0x0, 0xff, 0xe0, 0xe8,
    0x5, 0xe0, 0x19, 0xff, 0xed, 0x0, 0xca, 0x1,
    0x29, 0x0, 0x7f, 0xf0, 0x58, 0x2, 0xf2, 0x0,
    0xf5, 0x80, 0x74, 0x8, 0x0, 0xb6, 0x55, 0x1a,
    0x7d, 0x80, 0x38, 0x70, 0x40, 0x26, 0xab, 0x96,
    0x0, 0xc3, 0x20, 0x2, 0xf4, 0x0, 0xff, 0x3f,
    0x98, 0x4, 0x37, 0x8e, 0x62, 0x2, 0x4b, 0x5f,
    0x2, 0x0,

    /* U+0048 "H" */
    0x1f, 0xfa, 0x80, 0x3e, 0xff, 0xb0, 0x3, 0xff,
    0xfe, 0x1, 0xff, 0xcd, 0x13, 0x3f, 0x80, 0x3f,
    0x26, 0x67, 0xc0, 0x1f, 0xfd, 0xc5, 0xff, 0xf8,
    0x3, 0xff, 0xfe, 0x1, 0xff, 0xdd,

    /* U+0049 "I" */
    0x3f, 0xfa, 0x0, 0x3f, 0xff, 0xe0, 0x1f, 0xfc,
    0x30,

    /* U+004A "J" */
    0x0, 0xfc, 0xdf, 0xf2, 0x80, 0x7f, 0xff, 0xc0,
    0x3f, 0xff, 0x2, 0x6a, 0xe0, 0x1f, 0xd3, 0x95,
    0x2, 0x1, 0x8, 0x4, 0x3c, 0x1, 0x38, 0x5,
    0x80, 0x13, 0x20, 0x5, 0x2e, 0xb2, 0x80, 0x2,
    0x29, 0x0, 0x28, 0xa6, 0x0, 0xa0, 0x1, 0x44,
    0x1, 0xf3, 0xa8, 0x0, 0x76, 0xc, 0x0, 0x4b,
    0x90, 0x0,

    /* U+004B "K" */
    0x1f, 0xfa, 0xc0, 0x3c, 0x7f, 0xfb, 0x0, 0x3f,
    0xe2, 0xd0, 0x8, 0xb4, 0x3, 0xfc, 0x3e, 0x20,
    0x2, 0xc1, 0x0, 0xff, 0x69, 0x0, 0x7, 0xc4,
    0x3, 0xfd, 0x66, 0x0, 0x1c, 0x20, 0xf, 0xf5,
    0x20, 0x5, 0xa4, 0x1, 0xfe, 0x85, 0x0, 0xb0,
    0xc0, 0x3f, 0xce, 0xe0, 0x9, 0xcc, 0x3, 0xfc,
    0xb0, 0x1, 0x9c, 0x40, 0x3f, 0xc2, 0x1, 0xeb,
    0x0, 0xff, 0xe0, 0xc8, 0x80, 0x15, 0x0, 0x3f,
    0xe9, 0x69, 0x0, 0xa8, 0x3, 0xfd, 0x2c, 0xe,
    0x40, 0x1, 0x90, 0xf, 0xc8, 0xc0, 0x14, 0x80,
    0x4c, 0x60, 0x1f, 0xfc, 0x4, 0x40, 0x5, 0xc0,
    0x1f, 0xfc, 0x19, 0x0, 0x89, 0xc0, 0x3f, 0xf8,
    0x4, 0xc0, 0x14, 0x10, 0x7, 0xff, 0x2, 0x4,
    0x2, 0xe0, 0xf, 0xfe, 0x0, 0xc0, 0x4, 0x6c,

    /* U+004C "L" */
    0xff, 0xb0, 0x3, 0xff, 0xfe, 0x1, 0xff, 0xff,
    0x0, 0xff, 0xf8, 0x19, 0xff, 0x0, 0x63, 0xcc,
    0xfe, 0x10, 0xf, 0xfe, 0x80,

    /* U+004D "M" */
    0x2f, 0xfe, 0x90, 0xf, 0x77, 0xfe, 0xd0, 0xf,
    0x20, 0x7, 0x18, 0x80, 0x7f, 0xc4, 0x20, 0x19,
    0x0, 0x3f, 0xf8, 0x2e, 0x1, 0xb0, 0x3, 0xfc,
    0x20, 0xc, 0x0, 0xc8, 0x0, 0x10, 0xf, 0x90,
    0x0, 0x80, 0x11, 0x80, 0x4a, 0x1, 0xf6, 0x0,
    0x4, 0x80, 0x8, 0x0, 0x41, 0x0, 0xf8, 0xc8,
    0x0, 0x80, 0xb, 0x0, 0x60, 0x7, 0xf2, 0x0,
    0x30, 0x0, 0x60, 0x4, 0x0, 0xfe, 0xc0, 0x2,
    0x2, 0x0, 0x46, 0x1, 0xfc, 0x80, 0x1, 0x3c,
    0x0, 0x20, 0x7, 0xf8, 0x48, 0x0, 0x88, 0x0,
    0x60, 0x7, 0xfc, 0x80, 0xb, 0x30, 0x2, 0x0,
    0x7f, 0xd8, 0x0, 0x30, 0x8, 0xc0, 0x3f, 0xe4,
    0x0, 0xe4, 0x0, 0xff, 0xe0, 0x9, 0x0, 0x6c,
    0x0, 0xff, 0xe0, 0xa0, 0x6, 0x40, 0xf, 0xfe,
    0xe, 0x0, 0x63, 0x0, 0xff, 0xe0, 0xa0, 0x4,
    0x80, 0x1f, 0x0,

    /* U+004E "N" */
    0x1f, 0xfb, 0x40, 0x3e, 0xcf, 0xf5, 0x80, 0x62,
    0x70, 0xf, 0xfe, 0x1c, 0x10, 0x7, 0xff, 0xe,
    0x40, 0x3f, 0xf8, 0x68, 0x80, 0xf, 0xfe, 0x1c,
    0x80, 0x7f, 0xf0, 0xc9, 0xc0, 0x3f, 0xe7, 0x0,
    0xa0, 0x80, 0x3f, 0xdd, 0x20, 0x14, 0x80, 0x7f,
    0xcc, 0x40, 0x4, 0x40, 0x7, 0xfd, 0xc0, 0x14,
    0x80, 0x7f, 0xc6, 0xc0, 0x2, 0x70, 0xf, 0xfa,
    0x4, 0x1, 0x4, 0x1, 0xfe, 0x18, 0x0, 0x84,
    0x3, 0xfe, 0x63, 0x0, 0xff, 0xe1, 0xf8, 0x7,
    0xff, 0xc, 0xd8, 0x3, 0xff, 0x87, 0x2, 0x1,
    0xff, 0xc2, 0x18, 0x0, 0xc0,

    /* U+004F "O" */
    0x0, 0xe5, 0xad, 0xff, 0x75, 0xb8, 0x80, 0x7e,
    0x4e, 0xa5, 0x20, 0x0, 0xa4, 0x73, 0x80, 0x79,
    0x6c, 0x40, 0x3f, 0xa2, 0x80, 0x31, 0xd0, 0x4,
    0x2f, 0x57, 0x26, 0x1, 0x2b, 0x80, 0x5e, 0x1,
    0x27, 0x42, 0xa3, 0x64, 0x0, 0x50, 0x20, 0x66,
    0x0, 0xd, 0x80, 0x79, 0xd4, 0x2, 0x90, 0xb0,
    0xa, 0x40, 0x3f, 0x40, 0x4, 0x80, 0x60, 0x12,
    0x0, 0x7e, 0x21, 0x0, 0x18, 0x38, 0x4, 0x60,
    0x1f, 0xc4, 0x1, 0x8, 0x80, 0x3f, 0xf8, 0x2e,
    0x1, 0x18, 0x80, 0x42, 0x1, 0xfc, 0xe0, 0x11,
    0xb8, 0x4, 0x40, 0x1f, 0xc4, 0x1, 0x9, 0x80,
    0x48, 0x1, 0xf8, 0xc4, 0x0, 0x41, 0x60, 0x14,
    0x88, 0x7, 0xd2, 0x1, 0x28, 0x19, 0x80, 0x3,
    0xa2, 0x1, 0xd0, 0xa0, 0x14, 0x80, 0x3c, 0x2,
    0x3f, 0x85, 0x47, 0xd7, 0x0, 0x9c, 0x40, 0x7,
    0x20, 0x10, 0xbd, 0x5c, 0x10, 0x4, 0xb0, 0x1,
    0x9a, 0xc8, 0x3, 0xfa, 0x28, 0x3, 0xc9, 0xb4,
    0xa4, 0x0, 0x14, 0x8e, 0x70, 0xc,

    /* U+0050 "P" */
    0x1f, 0xff, 0xdd, 0xb4, 0x60, 0x1f, 0xfc, 0x1,
    0x25, 0xc7, 0x0, 0xff, 0xe1, 0xc2, 0x0, 0x72,
    0x66, 0x57, 0x2, 0x1, 0x78, 0x7, 0x9, 0x9c,
    0x8f, 0x80, 0x12, 0x0, 0x7f, 0xc4, 0x60, 0x11,
    0x0, 0x7f, 0xf0, 0xcc, 0x3, 0xfc, 0x66, 0x0,
    0x84, 0x3, 0x9, 0x9c, 0x91, 0x80, 0x12, 0x80,
    0x72, 0x66, 0x56, 0xe0, 0x1a, 0x0, 0x3f, 0xf8,
    0x56, 0x40, 0x1f, 0xe1, 0x37, 0xe4, 0x0, 0xf2,
    0xff, 0xee, 0xc8, 0x10, 0xf, 0xff, 0xf8, 0x7,
    0xff, 0x30,

    /* U+0051 "Q" */
    0x0, 0xe5, 0xad, 0xff, 0x75, 0xb8, 0x80, 0x7e,
    0x4d, 0xa5, 0x20, 0x0, 0xa4, 0x74, 0x0, 0x79,
    0xac, 0x80, 0x3f, 0x9e, 0x80, 0x31, 0xc8, 0x4,
    0x2f, 0x57, 0x6, 0x1, 0x2c, 0x0, 0x5e, 0x1,
    0x27, 0xc2, 0xa3, 0xe4, 0x0, 0x4e, 0x20, 0x66,
    0x0, 0xd, 0x8, 0x7, 0x3a, 0x80, 0x52, 0x16,
    0x1, 0x48, 0x80, 0x7d, 0x0, 0x12, 0x1, 0x80,
    0x48, 0x1, 0xf8, 0x84, 0x0, 0x60, 0xe0, 0x11,
    0x80, 0x7f, 0x10, 0x4, 0x22, 0x0, 0xff, 0xe0,
    0xb8, 0x4, 0x62, 0x1, 0xff, 0xc1, 0x70, 0x8,
    0xdc, 0x2, 0x30, 0xf, 0xe2, 0x0, 0x84, 0xc0,
    0x24, 0x0, 0xce, 0x40, 0x2, 0x10, 0x1, 0x85,
    0x80, 0x54, 0x1, 0x24, 0x6c, 0x84, 0x0, 0x48,
    0x6, 0x60, 0x1, 0x50, 0x0, 0x84, 0x1b, 0x94,
    0x2, 0x90, 0x7, 0x80, 0x4b, 0xac, 0xb4, 0x40,
    0x20, 0x14, 0x8, 0x0, 0xe4, 0x2, 0x29, 0xcb,
    0x20, 0xe, 0x30, 0xc, 0xd6, 0x20, 0x1f, 0xf5,
    0xd9, 0x0, 0x24, 0xea, 0x52, 0x0, 0xa, 0x45,
    0x8, 0x1, 0x30, 0x3, 0x96, 0xb7, 0xfd, 0xd6,
    0xeb, 0xea, 0x0, 0x90, 0xf, 0xfe, 0x10, 0xd6,
    0xd8, 0x80,

    /* U+0052 "R" */
    0x1f, 0xff, 0xf6, 0xd2, 0x0, 0x7f, 0xf0, 0xc9,
    0x6e, 0x40, 0x3f, 0xf8, 0xac, 0xa0, 0x1e, 0x4c,
    0xce, 0xa3, 0x0, 0xa0, 0x3, 0xc2, 0x67, 0xcb,
    0x80, 0x11, 0x0, 0x7f, 0xf0, 0x8c, 0x2, 0x10,
    0xf, 0xfe, 0x9, 0x0, 0x42, 0x1, 0xff, 0x15,
    0x8, 0x1, 0x0, 0x3c, 0xbf, 0xfd, 0xaa, 0x1,
    0x48, 0x7, 0xff, 0xc, 0xb0, 0x80, 0x3f, 0xf8,
    0x29, 0x7a, 0x60, 0x1f, 0x2f, 0xf5, 0x8, 0x1,
    0xc, 0x3, 0xfe, 0x15, 0xd0, 0xa, 0x1c, 0x3,
    0xff, 0x80, 0x70, 0x1, 0x41, 0x80, 0x7f, 0xf0,
    0x1c, 0xc0, 0x2e, 0x0, 0xff, 0xe0, 0xf0, 0x4,
    0x50, 0x1, 0xff, 0xc0, 0x28, 0x0, 0x9c, 0x80,
    0x3f, 0xf8, 0xe, 0x40, 0x14, 0x80, 0x7f, 0xf0,
    0x78, 0x2, 0x45,

    /* U+0053 "S" */
    0x0, 0xc7, 0x3b, 0xdf, 0xd9, 0x24, 0x1, 0xf4,
    0xe3, 0x10, 0x80, 0x9b, 0x6c, 0x0, 0x74, 0x30,
    0x7, 0xf3, 0xb8, 0x2, 0x17, 0x0, 0x9e, 0xf2,
    0xd4, 0x2, 0x81, 0x0, 0x28, 0x5, 0x50, 0x86,
    0x94, 0xa0, 0x12, 0x0, 0x4, 0x2, 0x30, 0xe,
    0x94, 0x48, 0x2, 0x70, 0xa, 0x60, 0x80, 0x23,
    0xbb, 0x94, 0x0, 0x48, 0x1, 0x3e, 0xf5, 0x30,
    0x80, 0x7d, 0x44, 0x1, 0x85, 0x67, 0xac, 0xc0,
    0x38, 0x75, 0xc4, 0x3, 0xc9, 0x8e, 0x1, 0xe8,
    0xeb, 0x72, 0x0, 0xe8, 0x40, 0xf, 0x92, 0x37,
    0xa8, 0x80, 0x28, 0x0, 0x33, 0xcb, 0x80, 0x61,
    0x5d, 0x10, 0x1, 0x80, 0x22, 0xd, 0x0, 0x1f,
    0x10, 0x7, 0x20, 0x5, 0x20, 0x1c, 0x66, 0x0,
    0x8, 0x2, 0x40, 0x26, 0xb6, 0x45, 0x8c, 0x0,
    0x9c, 0x0, 0x6c, 0x1, 0x24, 0xdd, 0x38, 0x4,
    0x30, 0x1, 0x4b, 0x0, 0x7f, 0x16, 0x8, 0x6,
    0x9c, 0x63, 0x10, 0x1, 0x2d, 0x69, 0x0, 0x0,

    /* U+0054 "T" */
    0x7f, 0xff, 0xfe, 0x12, 0x80, 0x7f, 0xf5, 0x1b,
    0x33, 0x80, 0x21, 0xcc, 0xe4, 0x13, 0x3e, 0x10,
    0x1, 0x9f, 0x84, 0x3, 0xff, 0xfe, 0x1, 0xff,
    0xff, 0x0, 0xff, 0xff, 0x0,

    /* U+0055 "U" */
    0x2f, 0xfa, 0x80, 0x3e, 0xff, 0xac, 0x3, 0xff,
    0xfe, 0x1, 0xff, 0xff, 0x0, 0xff, 0x18, 0x7,
    0xf8, 0x40, 0x21, 0x10, 0x4, 0x20, 0x1f, 0xfc,
    0x35, 0x0, 0xf2, 0x80, 0x44, 0x6, 0x0, 0x16,
    0x0, 0xef, 0x0, 0xb8, 0x2c, 0x2, 0x9a, 0x54,
    0x6c, 0x40, 0x9, 0xc1, 0xc8, 0x2, 0x5a, 0xb9,
    0x30, 0x9, 0xc4, 0x1, 0x86, 0x1, 0xfc, 0xd0,
    0x1, 0xe, 0x4a, 0x8, 0x0, 0x49, 0xb2, 0x40,
    0x0,

    /* U+0056 "V" */
    0xd, 0xff, 0x8c, 0x3, 0xf6, 0xff, 0xc4, 0x14,
    0x1, 0x50, 0x7, 0xc4, 0x40, 0x1, 0x90, 0x28,
    0x4, 0xe0, 0x1f, 0x28, 0x5, 0x40, 0x2, 0x30,
    0x0, 0x98, 0x7, 0xac, 0x2, 0x70, 0xa, 0xc0,
    0x2a, 0x0, 0xe2, 0x30, 0x2, 0x8, 0x4, 0xc0,
    0x13, 0x80, 0x72, 0x80, 0x5a, 0x1, 0x85, 0x0,
    0x2, 0x60, 0x1a, 0xc0, 0x26, 0x0, 0xed, 0x0,
    0xa8, 0x2, 0x13, 0x0, 0x28, 0x7, 0x9c, 0x2,
    0x70, 0x9, 0xc0, 0x2f, 0x0, 0xf0, 0xa0, 0x0,
    0x4c, 0x1, 0x40, 0x12, 0x80, 0x7d, 0xc0, 0x15,
    0x0, 0x98, 0x1, 0x40, 0x3f, 0x28, 0x4, 0xe0,
    0xe0, 0x17, 0x0, 0x7f, 0x28, 0x0, 0x4f, 0x40,
    0x2, 0x80, 0x1f, 0xdc, 0x1, 0x4a, 0x0, 0x1c,
    0x3, 0xfc, 0x82, 0x0, 0x50, 0xa, 0x80, 0x3f,
    0xe7, 0x0, 0xe1, 0x30, 0xf, 0xfa, 0x80, 0x39,
    0x80, 0x3f, 0xf8, 0x6, 0x20, 0x1a, 0x80, 0x3f,
    0xf8, 0x2c, 0x1, 0x11, 0x0, 0x3c,

    /* U+0057 "W" */
    0xcf, 0xf8, 0x3, 0xdf, 0xfa, 0xc0, 0x39, 0xbf,
    0xe6, 0x40, 0x9, 0x0, 0x32, 0x0, 0x64, 0x0,
    0xef, 0x0, 0x93, 0x40, 0x23, 0x0, 0xd8, 0x1,
    0xc6, 0x1, 0x94, 0x0, 0x24, 0x80, 0x16, 0x80,
    0x64, 0x0, 0xe4, 0x0, 0xc6, 0x0, 0x40, 0x12,
    0x0, 0x20, 0x6, 0x30, 0xe, 0xc0, 0x8, 0xc0,
    0x2d, 0x0, 0x38, 0x0, 0x44, 0x0, 0x40, 0x9,
    0x40, 0x8, 0x1, 0x20, 0x4, 0x80, 0xc, 0x0,
    0x90, 0x1, 0x80, 0x2, 0xe0, 0x8, 0xc0, 0x1a,
    0x1, 0x18, 0x1, 0x0, 0x2d, 0x0, 0x28, 0x1,
    0x10, 0x1, 0x20, 0x1, 0x0, 0x8, 0x1, 0x10,
    0x80, 0x10, 0x4, 0x80, 0x18, 0x8, 0x0, 0xc0,
    0x11, 0x0, 0x30, 0x3, 0x28, 0x0, 0xc1, 0x0,
    0x24, 0xc, 0x0, 0x28, 0x20, 0x4, 0x60, 0x1b,
    0x0, 0x22, 0xc0, 0x1, 0x8, 0x20, 0x0, 0x4f,
    0x40, 0x24, 0x0, 0xc8, 0x1, 0x22, 0x0, 0xa,
    0x0, 0x30, 0x9, 0xc, 0x0, 0x60, 0x1c, 0x60,
    0x16, 0x90, 0x3, 0x0, 0x24, 0x0, 0x62, 0x0,
    0x10, 0x3, 0xc6, 0x0, 0x40, 0x9, 0x0, 0x2d,
    0x0, 0x20, 0x5, 0x80, 0x1e, 0x40, 0xe, 0x30,
    0xc, 0x80, 0x1e, 0x50, 0xf, 0x60, 0x7, 0x20,
    0x6, 0x21, 0x0, 0xc4, 0x20, 0x1e, 0x40, 0xe,
    0xc0, 0xe, 0x40, 0xc, 0x80, 0x1f, 0x88, 0x3,
    0x20, 0x7, 0x60, 0x6, 0xc0, 0xf, 0xc8, 0x1,
    0x20, 0x7, 0x9c, 0x3, 0x20, 0x6,

    /* U+0058 "X" */
    0x2f, 0xfc, 0x80, 0x1e, 0xef, 0xf9, 0x80, 0xa0,
    0x2, 0x90, 0xe, 0x81, 0x0, 0x1b, 0x0, 0x1c,
    0xc0, 0x5, 0x0, 0x11, 0x38, 0x5, 0xc0, 0x1b,
    0xc0, 0x27, 0x20, 0x4, 0x80, 0x4e, 0x40, 0x18,
    0xdc, 0x2, 0x90, 0x54, 0x0, 0x14, 0x0, 0x7a,
    0x8, 0x0, 0x8d, 0x60, 0x14, 0x80, 0x7e, 0x90,
    0xa, 0x44, 0x0, 0xa8, 0x1, 0xf9, 0x14, 0x3,
    0x86, 0xc0, 0x3f, 0xd6, 0x20, 0x1a, 0x4, 0x3,
    0xfc, 0x26, 0x1, 0x90, 0x3, 0xfe, 0x82, 0x0,
    0xdc, 0x1, 0xfe, 0x37, 0x0, 0xe3, 0x60, 0xf,
    0xee, 0x0, 0x8c, 0x2, 0x91, 0x0, 0xf9, 0xc8,
    0x0, 0x38, 0xa0, 0x15, 0x0, 0x78, 0xa0, 0x2,
    0xb0, 0xb0, 0x9, 0x14, 0x3, 0xb8, 0x2, 0x45,
    0x1, 0x90, 0xa, 0xc4, 0x2, 0x63, 0x0, 0xa8,
    0x2, 0x63, 0x0, 0xd, 0x80, 0x6, 0x40, 0x28,
    0x10, 0xd, 0xe0, 0x12, 0xa8, 0x2c, 0x2, 0x37,
    0x0, 0xe3, 0x70, 0xa, 0xc4,

    /* U+0059 "Y" */
    0xb, 0xff, 0xa8, 0x3, 0xe4, 0xff, 0xc2, 0x12,
    0x1, 0x29, 0x80, 0x7a, 0x40, 0x28, 0x10, 0x28,
    0x0, 0xb8, 0x3, 0x98, 0x80, 0x6, 0xe0, 0x13,
    0x90, 0x0, 0x98, 0x3, 0x40, 0x5, 0xe0, 0x1d,
    0xc0, 0x14, 0x8, 0x2, 0x4, 0x0, 0xc6, 0x1,
    0xc6, 0xa0, 0x1, 0x80, 0x27, 0x0, 0xc, 0x80,
    0x7d, 0x62, 0x0, 0x62, 0x80, 0xa, 0xc0, 0x3f,
    0xc, 0x0, 0x5e, 0xa0, 0x4, 0x50, 0xf, 0xe6,
    0x30, 0x1, 0x0, 0x52, 0x1, 0xff, 0x70, 0x7,
    0x41, 0x0, 0x7f, 0xc4, 0xe0, 0x11, 0x38, 0x7,
    0xff, 0x6, 0xc0, 0x25, 0x0, 0xff, 0xff, 0x80,
    0x7f, 0xfd, 0x40,

    /* U+005A "Z" */
    0x9, 0xff, 0xff, 0xe0, 0x80, 0x7f, 0xf5, 0xa3,
    0x33, 0xe9, 0x0, 0xcc, 0x0, 0x13, 0x3f, 0x14,
    0x0, 0x47, 0x20, 0x1f, 0xd4, 0x20, 0x1, 0xd0,
    0xf, 0xe8, 0x40, 0xb, 0x44, 0x3, 0xf2, 0xb8,
    0x5, 0x26, 0x1, 0xf8, 0xa8, 0x2, 0x66, 0x0,
    0x7e, 0x1f, 0x0, 0x8e, 0x40, 0x3f, 0xa8, 0x80,
    0x3, 0xa0, 0x1f, 0xd0, 0x80, 0x15, 0x8, 0x7,
    0xe4, 0x70, 0xa, 0x10, 0x3, 0xf1, 0x58, 0x4,
    0xae, 0x1, 0xfd, 0xe0, 0x11, 0x50, 0x7, 0xf4,
    0x90, 0x5, 0x6, 0x7f, 0xc2, 0x40, 0x1a, 0xb3,
    0x3f, 0x9c, 0x3, 0xff, 0xa8,

    /* U+005B "[" */
    0x2f, 0xff, 0x10, 0x7, 0xff, 0x0, 0x48, 0x80,
    0x1d, 0x5b, 0xa2, 0x0, 0xff, 0xff, 0x80, 0x7f,
    0xfd, 0x6b, 0x74, 0x40, 0x18, 0x48, 0x80, 0x1f,
    0xc0,

    /* U+005C "\\" */
    0xe, 0xfb, 0x0, 0xf2, 0x2, 0x0, 0x7b, 0x0,
    0x6, 0x1, 0xc8, 0x0, 0x40, 0xe, 0x21, 0xc,
    0x0, 0xf2, 0x82, 0x80, 0x7b, 0x0, 0x48, 0x3,
    0x90, 0x0, 0x80, 0x1c, 0x60, 0xc, 0x0, 0xf2,
    0x2, 0x0, 0x7b, 0x0, 0x48, 0x3, 0x90, 0x0,
    0x80, 0x1c, 0x60, 0xc, 0x0, 0xf1, 0x82, 0x0,
    0x79, 0x0, 0x48, 0x3, 0xb0, 0x0, 0x80, 0x1c,
    0x80, 0xc, 0x0, 0xf1, 0x82, 0x0, 0x79, 0x0,
    0x48,

    /* U+005D "]" */
    0x8f, 0xfe, 0xd0, 0xf, 0xb8, 0x88, 0x20, 0x13,
    0x6e, 0x9c, 0x3, 0xff, 0xfe, 0x1, 0xff, 0xe3,
    0x7d, 0xd3, 0x0, 0x5e, 0x44, 0x0, 0xff, 0x80,

    /* U+005E "^" */
    0x0, 0xe7, 0x88, 0x8, 0x7, 0xe3, 0x87, 0x74,
    0x80, 0x7e, 0x90, 0x9, 0x80, 0x3e, 0x25, 0x0,
    0x85, 0x80, 0x3d, 0x60, 0x1, 0x0, 0x58, 0x7,
    0xb, 0x0, 0x28, 0x0, 0x48, 0x1, 0xa4, 0x0,
    0x48, 0xa0, 0xf, 0x0, 0xcc, 0x0, 0xa0, 0xe0,
    0x2, 0x10, 0x1, 0x84, 0x0, 0xc0, 0x84, 0x0,
    0xb0, 0x5, 0x80, 0x14, 0x40, 0x14, 0x0, 0x61,
    0x52, 0x0, 0x70, 0x4, 0xc0, 0x13, 0x0,

    /* U+005F "_" */
    0x15, 0x5f, 0xfe, 0x11, 0x95, 0x57, 0xff, 0xc,
    0x3, 0xff, 0x88,

    /* U+0060 "`" */
    0x1c, 0xdd, 0x48, 0x0, 0x60, 0x88, 0xc4, 0x0,
    0x4a, 0x0, 0x58, 0x4, 0xb2, 0xc, 0x20,

    /* U+0061 "a" */
    0x0, 0x8e, 0xb7, 0xfd, 0xd8, 0xe0, 0x1c, 0xd8,
    0xa4, 0x0, 0x13, 0x8d, 0x0, 0x8a, 0x40, 0x23,
    0x20, 0x8, 0x9c, 0x1, 0x40, 0x1, 0xdc, 0xde,
    0x10, 0x6, 0x0, 0x23, 0xae, 0x88, 0x0, 0x2a,
    0x0, 0x70, 0x8, 0x51, 0x2, 0x8f, 0x88, 0x1,
    0xe1, 0x8d, 0xeb, 0x83, 0x0, 0xf1, 0x7b, 0x90,
    0xa, 0x41, 0x80, 0x74, 0x88, 0xd, 0xf5, 0xbb,
    0x80, 0x39, 0x0, 0xe, 0x80, 0x13, 0x0, 0x7e,
    0x50, 0x9, 0x88, 0x3, 0x8c, 0x0, 0x7b, 0x39,
    0x20, 0x10, 0x80, 0x3c, 0x2, 0x26, 0x30, 0x30,
    0x1, 0x0, 0xf, 0x14, 0x40, 0x52, 0xf4, 0x2,
    0x50,

    /* U+0062 "b" */
    0x4f, 0xf9, 0x0, 0x3f, 0xff, 0x45, 0x5d, 0xfa,
    0xe0, 0x1f, 0x6e, 0x94, 0x40, 0xa3, 0x44, 0x3,
    0x98, 0x4, 0x80, 0x22, 0xd0, 0xf, 0x47, 0x6e,
    0x88, 0x0, 0x68, 0x1, 0x95, 0xc0, 0x5, 0xc0,
    0x16, 0x80, 0x6f, 0x0, 0xc6, 0x20, 0x5, 0x0,
    0xc2, 0x1, 0xc4, 0x0, 0x10, 0xf, 0xfe, 0x31,
    0x0, 0x71, 0x0, 0x18, 0x3, 0x50, 0x6, 0x31,
    0x0, 0x18, 0x6, 0x39, 0x0, 0x1f, 0x0, 0x56,
    0x1, 0xcd, 0xfd, 0x84, 0x0, 0x53, 0x0, 0xd4,
    0x0, 0x10, 0x8, 0xec, 0x3, 0x97, 0x54, 0x40,
    0xa3, 0x4, 0x0,

    /* U+0063 "c" */
    0x0, 0x96, 0xfb, 0xfd, 0x8e, 0x1, 0xd7, 0x48,
    0x20, 0x3, 0x8d, 0x20, 0x5, 0x20, 0x4, 0x20,
    0x11, 0x70, 0x1a, 0x80, 0xf, 0xb9, 0xec, 0x0,
    0x35, 0xa0, 0xb, 0x84, 0x1, 0x24, 0xb0, 0xca,
    0x0, 0x22, 0x0, 0x6d, 0xa7, 0x32, 0x0, 0x8,
    0x7, 0xff, 0x28, 0x80, 0x4, 0x1, 0xca, 0x82,
    0xa, 0x0, 0x13, 0x0, 0xd5, 0x7d, 0x54, 0x0,
    0xb5, 0x0, 0x6c, 0x2, 0xf3, 0x50, 0x0, 0xdf,
    0xf2, 0x0, 0xd, 0x42, 0x90, 0x3, 0xe2, 0xd0,
    0xa, 0xe9, 0x4, 0x0, 0x71, 0xa2, 0x0,

    /* U+0064 "d" */
    0x0, 0xfe, 0x5f, 0xf8, 0xc0, 0x3f, 0xfd, 0xf1,
    0xbf, 0xd4, 0x40, 0x1e, 0x2d, 0x72, 0x1, 0x5d,
    0xc0, 0xe, 0xf2, 0x0, 0x88, 0x41, 0x80, 0x32,
    0x90, 0x0, 0xfb, 0x79, 0xc0, 0x3b, 0xc0, 0x2e,
    0x10, 0x4, 0x18, 0x6, 0x70, 0x1, 0x10, 0x3,
    0x58, 0x6, 0x30, 0x3, 0x0, 0x71, 0x0, 0x7f,
    0xf0, 0x4c, 0x3, 0x18, 0x1, 0x80, 0x3b, 0x80,
    0x32, 0x0, 0x8, 0xc0, 0x32, 0x80, 0x6d, 0x0,
    0xb8, 0x80, 0x12, 0x40, 0x19, 0x10, 0x0, 0x2d,
    0xef, 0x60, 0xf, 0x51, 0x80, 0x42, 0x0, 0xa0,
    0xe, 0x1c, 0x82, 0x1, 0x6d, 0x40, 0xc,

    /* U+0065 "e" */
    0x0, 0xcf, 0x9f, 0xed, 0x81, 0x0, 0xe2, 0xd8,
    0x30, 0x1, 0x3f, 0x20, 0x6, 0xf2, 0x0, 0x9,
    0x0, 0x56, 0x40, 0x7, 0x20, 0x4, 0x76, 0xe8,
    0x40, 0x10, 0x0, 0xa0, 0x1, 0xb8, 0x0, 0xa0,
    0x0, 0xa0, 0x2, 0x0, 0x39, 0x9f, 0x0, 0x46,
    0x40, 0x12, 0x66, 0x6a, 0x0, 0x98, 0x3, 0xff,
    0x82, 0x66, 0x0, 0x9b, 0xff, 0xf3, 0x9, 0x0,
    0x14, 0x3, 0x23, 0xa9, 0x0, 0x14, 0x0, 0x70,
    0x0, 0x19, 0x8a, 0xc0, 0x4, 0x8, 0x1, 0xfb,
    0x38, 0x80, 0x10, 0x1, 0x60, 0x80, 0x4, 0xc0,
    0x27, 0x60, 0x8, 0xba, 0xc, 0x40, 0x52, 0xe0,
    0x0,

    /* U+0066 "f" */
    0x0, 0x8e, 0xbb, 0xfa, 0xcc, 0x0, 0x58, 0xa2,
    0x2, 0x80, 0x15, 0x0, 0x42, 0x42, 0x60, 0x2,
    0x0, 0xbb, 0x78, 0x2, 0x10, 0x1, 0x0, 0x6b,
    0xf4, 0x0, 0x17, 0xfa, 0x0, 0x3f, 0xe2, 0x20,
    0x6, 0x22, 0x78, 0x4e, 0xa0, 0x0, 0xb7, 0x4e,
    0x1, 0xff, 0xff, 0x0, 0xff, 0xe7, 0x0,

    /* U+0067 "g" */
    0x0, 0xa3, 0x7f, 0xa8, 0x89, 0xff, 0x18, 0xe,
    0xb9, 0x0, 0xae, 0xa0, 0x7, 0x69, 0x0, 0x46,
    0x21, 0x20, 0x19, 0xc, 0x0, 0x7d, 0x9d, 0x0,
    0x1d, 0xc0, 0x17, 0x8, 0x1, 0xd0, 0x3, 0x38,
    0x0, 0x88, 0x1, 0xb4, 0x3, 0x18, 0x1, 0x80,
    0x38, 0x80, 0x3f, 0xf8, 0x22, 0x1, 0x8c, 0x0,
    0xa0, 0x1c, 0x40, 0x19, 0xc0, 0x2, 0x60, 0x1a,
    0x40, 0x37, 0x0, 0x5c, 0x60, 0x34, 0x20, 0x19,
    0xc, 0x0, 0x59, 0xfc, 0xa0, 0x1e, 0xd2, 0x0,
    0xe1, 0x80, 0xe, 0x1d, 0x72, 0x1, 0x6f, 0x20,
    0x8, 0x44, 0x43, 0x1b, 0xfd, 0x22, 0x60, 0x11,
    0xbe, 0xf7, 0xd8, 0x4, 0x34, 0x0, 0x21, 0x40,
    0x9, 0x3b, 0x37, 0x8c, 0x1, 0x40, 0x50, 0x1,
    0x9, 0x90, 0x4, 0x8e, 0x0, 0x7c, 0x62, 0x0,
    0x85, 0x2a, 0xc0, 0x0,

    /* U+0068 "h" */
    0x2f, 0xf9, 0x80, 0x3f, 0xff, 0x43, 0x1b, 0xfd,
    0x24, 0x1, 0xee, 0xf7, 0x20, 0x16, 0xc2, 0x0,
    0xe7, 0x11, 0x18, 0x4, 0x32, 0x1, 0xe8, 0xec,
    0xe1, 0x0, 0x20, 0x7, 0x1b, 0x80, 0x5, 0x80,
    0x21, 0x0, 0xc8, 0x1, 0xbc, 0x3, 0xf7, 0x80,
    0x7e, 0x30, 0xc, 0x20, 0x1f, 0xff, 0xf0, 0xf,
    0xfe, 0x30,

    /* U+0069 "i" */
    0x2f, 0xf9, 0xc0, 0x3f, 0xc5, 0x55, 0x28, 0x2a,
    0xc4, 0x4f, 0xf9, 0xc0, 0x3f, 0xfe, 0xa0,

    /* U+006A "j" */
    0x0, 0x8f, 0xfe, 0x50, 0xf, 0xfe, 0x39, 0x55,
    0x4e, 0x1, 0xa, 0xac, 0x40, 0x11, 0xff, 0xca,
    0x1, 0xff, 0xff, 0x0, 0xff, 0xea, 0x38, 0x7,
    0x23, 0x48, 0x4, 0xc1, 0x12, 0x40, 0x11, 0x1,
    0x80, 0x66, 0x11, 0x18, 0x81, 0x44, 0x80,

    /* U+006B "k" */
    0x4f, 0xf9, 0x40, 0x3f, 0xff, 0x83, 0xbf, 0xf3,
    0x0, 0x7e, 0xd2, 0x0, 0x3b, 0x0, 0x7d, 0x46,
    0x0, 0x68, 0x0, 0xf9, 0xd4, 0x0, 0x92, 0x1,
    0xf7, 0xc0, 0x0, 0xec, 0x3, 0xf2, 0x80, 0x56,
    0x1, 0xff, 0xc1, 0x81, 0x0, 0xff, 0xe0, 0xc0,
    0x7, 0xf5, 0xb0, 0x1, 0x88, 0x3, 0xe9, 0x48,
    0x0, 0xa4, 0x3, 0xe3, 0x1, 0x70, 0x2, 0x20,
    0x3, 0xfa, 0x44, 0x1, 0x0, 0x1f, 0xc3, 0x20,
    0x3, 0x50, 0xf, 0xe7, 0x10, 0x5, 0x80,

    /* U+006C "l" */
    0x2f, 0xf9, 0xc0, 0x3f, 0xff, 0xe0, 0x1f, 0xfc,
    0x30,

    /* U+006D "m" */
    0x6f, 0xf7, 0x2, 0x5f, 0x7e, 0x28, 0x1, 0x2f,
    0xfd, 0x8a, 0x1, 0xe8, 0xb4, 0x10, 0x3a, 0x77,
    0x5a, 0x0, 0xe, 0x9c, 0x3, 0xb, 0x81, 0x10,
    0x2, 0x88, 0x1, 0x8, 0x5, 0x2, 0x1, 0x87,
    0x37, 0x4a, 0x1, 0xab, 0x79, 0x80, 0x24, 0x0,
    0xd2, 0x60, 0xf, 0x0, 0x95, 0x40, 0xa, 0x0,
    0x8c, 0x3, 0x18, 0x4, 0x20, 0x16, 0x0, 0x42,
    0x1, 0xf9, 0xc0, 0x3e, 0x30, 0xf, 0x84, 0x3,
    0x8, 0x7, 0xff, 0xfc, 0x3, 0xff, 0xee,

    /* U+006E "n" */
    0x2f, 0xf8, 0x86, 0x37, 0xfa, 0x88, 0x3, 0xcf,
    0xee, 0x40, 0x2b, 0xa6, 0x1, 0xd4, 0x22, 0x30,
    0xd, 0x0, 0x1e, 0x8e, 0xcd, 0x10, 0x2, 0x0,
    0x71, 0xb8, 0x0, 0x9c, 0x2, 0x10, 0xc, 0x80,
    0x1b, 0x80, 0x3f, 0x70, 0x7, 0xe3, 0x0, 0xff,
    0xff, 0x80, 0x7f, 0xf2, 0xc0,

    /* U+006F "o" */
    0x0, 0x8a, 0x37, 0xfd, 0xb2, 0x40, 0x1c, 0xfa,
    0xe4, 0x0, 0x26, 0xd7, 0x0, 0x9a, 0x0, 0x3f,
    0x43, 0x0, 0xc8, 0x5, 0x5f, 0xea, 0x0, 0xa4,
    0x64, 0x2, 0xa5, 0x0, 0x2c, 0x80, 0x52, 0x80,
    0x1, 0x50, 0xc, 0xc2, 0x0, 0x42, 0x0, 0x10,
    0x7, 0x88, 0x0, 0x40, 0x1f, 0xfc, 0x22, 0x0,
    0x10, 0x7, 0x88, 0x0, 0x48, 0x0, 0x16, 0x0,
    0xcc, 0x20, 0x4, 0xa0, 0xa, 0x54, 0x0, 0xb2,
    0x1, 0x49, 0x40, 0x5, 0x5f, 0xea, 0x0, 0xa4,
    0x41, 0xe0, 0x3, 0xf4, 0xb0, 0x4, 0xfa, 0xe4,
    0x0, 0x26, 0xe6, 0x0, 0x0,

    /* U+0070 "p" */
    0x3f, 0xf8, 0x4a, 0xbb, 0xf5, 0xc0, 0x3e, 0x7d,
    0x51, 0x2, 0x8d, 0x10, 0xe, 0x90, 0x0, 0x80,
    0x45, 0x40, 0x1e, 0x6f, 0xed, 0x20, 0x2, 0x20,
    0x3, 0x1c, 0x80, 0xb, 0x80, 0x2d, 0x0, 0xd6,
    0x1, 0x8c, 0x80, 0xa, 0x1, 0x88, 0x3, 0x98,
    0x0, 0x40, 0x1f, 0xfc, 0x62, 0x0, 0xe6, 0x0,
    0x10, 0x6, 0xa0, 0xc, 0x44, 0x0, 0x28, 0x6,
    0x2a, 0x10, 0x2f, 0x0, 0xa8, 0x3, 0x97, 0xb9,
    0xa4, 0x0, 0x43, 0x0, 0xce, 0x20, 0x20, 0x11,
    0xd0, 0x7, 0x6f, 0xa8, 0x81, 0x46, 0x8, 0x7,
    0x86, 0xbb, 0xf5, 0xc0, 0x3f, 0xfd, 0xe0,

    /* U+0071 "q" */
    0x0, 0x9f, 0x3f, 0xac, 0xc3, 0xfe, 0x40, 0x1c,
    0x83, 0x1, 0x4c, 0x50, 0xe, 0xa3, 0x0, 0x88,
    0x1, 0x40, 0x18, 0xd0, 0x0, 0x39, 0xbf, 0x0,
    0x1d, 0x60, 0x15, 0x18, 0x1, 0xd4, 0x3, 0x18,
    0x4, 0x80, 0x1b, 0xc0, 0x33, 0x0, 0x8, 0x3,
    0x98, 0x3, 0x8, 0x7, 0xff, 0x5, 0xc0, 0x6,
    0x1, 0xca, 0x1, 0x8c, 0x0, 0x26, 0x1, 0xa8,
    0x3, 0x50, 0x5, 0xc6, 0x0, 0x93, 0x0, 0xc4,
    0xa0, 0x2, 0xce, 0xf6, 0x0, 0xf5, 0x18, 0x4,
    0x20, 0x6, 0x0, 0xf6, 0x41, 0x0, 0xae, 0xe0,
    0x7, 0xcf, 0xbf, 0xd4, 0x40, 0x1f, 0xff, 0x10,

    /* U+0072 "r" */
    0x4f, 0xf8, 0x1f, 0xbf, 0x4c, 0x3, 0x44, 0x4,
    0x8, 0x80, 0x19, 0xc0, 0x23, 0x10, 0xe, 0x5b,
    0x89, 0x0, 0xe2, 0xa4, 0x75, 0x0, 0xe5, 0x0,
    0xfe, 0xe0, 0xf, 0xe3, 0x0, 0xfe, 0x10, 0xf,
    0xff, 0x58,

    /* U+0073 "s" */
    0x0, 0x9a, 0xfb, 0xfd, 0xd4, 0x80, 0x1d, 0x92,
    0x82, 0x0, 0x15, 0xb7, 0x0, 0xa0, 0xc0, 0x6,
    0xca, 0x1, 0x41, 0x80, 0x14, 0x0, 0xf9, 0x35,
    0xc2, 0x6, 0xa0, 0x1c, 0xaa, 0x10, 0x1f, 0xf6,
    0x30, 0x1, 0x0, 0x5, 0x5d, 0x92, 0xa0, 0x1d,
    0x4, 0x1, 0x8d, 0xaf, 0x9c, 0x2, 0x1d, 0x82,
    0x0, 0xe1, 0x89, 0x0, 0xcf, 0xba, 0x95, 0x10,
    0x9, 0x84, 0x48, 0xf2, 0x64, 0xd5, 0xcc, 0x1,
    0x19, 0xae, 0x1b, 0xc0, 0x3f, 0x19, 0x28, 0x0,
    0xfa, 0xeb, 0x58, 0x0, 0xa2, 0x14, 0x80, 0x1,
    0x45, 0x20, 0x1, 0xd0, 0x5, 0x74, 0xa2, 0x0,
    0x14, 0xac, 0x0, 0x0,

    /* U+0074 "t" */
    0x0, 0xc4, 0xc0, 0x1c, 0x33, 0xbe, 0x1, 0xde,
    0xc0, 0x1f, 0x8, 0x7, 0xff, 0xe, 0x7c, 0x2,
    0x6f, 0xf0, 0x7, 0xf8, 0x44, 0x1, 0x84, 0x41,
    0x1c, 0x1, 0x37, 0x70, 0x3, 0xff, 0xda, 0x20,
    0x5, 0x13, 0x0, 0x8c, 0x0, 0x7d, 0x84, 0x0,
    0x50, 0xe, 0x10, 0x4, 0x39, 0x0, 0xa0, 0x80,

    /* U+0075 "u" */
    0x3f, 0xf9, 0x40, 0x34, 0x7f, 0xc0, 0x1f, 0xff,
    0xf0, 0xf, 0xfe, 0x81, 0x80, 0x61, 0x0, 0xc2,
    0x1, 0x8, 0x6, 0x40, 0xc, 0x40, 0x15, 0x8,
    0x2, 0x8, 0x3, 0x8c, 0x0, 0x5d, 0x9c, 0xe0,
    0x1e, 0xf0, 0xc, 0x62, 0x52, 0x1, 0xc7, 0xaa,
    0x20, 0x51, 0xa4, 0x1, 0x80,

    /* U+0076 "v" */
    0xaf, 0xf8, 0x40, 0x3a, 0xff, 0xdc, 0x1c, 0x1,
    0x38, 0x6, 0x14, 0x0, 0x38, 0x20, 0x80, 0x28,
    0x3, 0x38, 0x5, 0x60, 0x6, 0x0, 0x19, 0x0,
    0x54, 0x0, 0x32, 0x0, 0x48, 0x4, 0xa0, 0x2,
    0x30, 0x5, 0x0, 0x42, 0x80, 0xa, 0x0, 0x50,
    0x4, 0xe0, 0x1b, 0x80, 0x4, 0x60, 0xa0, 0x5,
    0x10, 0xc, 0xa2, 0x0, 0xb3, 0x20, 0x7, 0x0,
    0x79, 0x80, 0xb, 0x60, 0x1, 0x40, 0xf, 0x50,
    0x0, 0x98, 0x0, 0xc0, 0x1f, 0x11, 0x80, 0x4,
    0x1, 0x40, 0x1f, 0xa8, 0x3, 0x21, 0x0, 0x7e,
    0x60, 0xd, 0xc0, 0x1f, 0xe6, 0x0, 0x94, 0x3,
    0x80,

    /* U+0077 "w" */
    0xbf, 0xf5, 0x80, 0x6b, 0xff, 0x80, 0x33, 0xff,
    0xc3, 0x80, 0x4, 0x0, 0xca, 0x1, 0x18, 0x5,
    0x80, 0x3, 0x15, 0x0, 0x90, 0x0, 0x62, 0x1,
    0x20, 0x4, 0x80, 0xb, 0x2, 0x20, 0x3, 0x0,
    0x8, 0x1, 0xb0, 0x0, 0x80, 0x12, 0x80, 0x14,
    0x0, 0xa0, 0xc, 0x0, 0xc8, 0x0, 0xd0, 0x1,
    0x10, 0x1, 0x60, 0x2, 0x10, 0x40, 0x1, 0x80,
    0xc, 0x10, 0x0, 0xa0, 0x11, 0x88, 0x1, 0xc,
    0x0, 0x96, 0x0, 0x42, 0x20, 0x2, 0xc0, 0x33,
    0x80, 0x3d, 0x0, 0x18, 0x80, 0xc, 0x40, 0x0,
    0x98, 0x6, 0xd0, 0x2, 0x60, 0x1, 0xc, 0x0,
    0x9a, 0x0, 0x70, 0xe, 0x40, 0x0, 0xa0, 0x0,
    0xc1, 0x0, 0x8, 0x0, 0xd0, 0xf, 0x20, 0x6,
    0x40, 0x6, 0x0, 0x72, 0x0, 0x7b, 0x40, 0x36,
    0x0, 0x10, 0x3, 0x28, 0x7, 0xce, 0x1, 0x90,
    0x0, 0x62, 0x1, 0x78, 0x7, 0xc2, 0x60, 0x11,
    0x80, 0x48, 0x1, 0x28, 0x6,

    /* U+0078 "x" */
    0x4f, 0xfb, 0x84, 0x2, 0xbf, 0xf9, 0xc1, 0x18,
    0x0, 0x36, 0x0, 0x64, 0x0, 0x1b, 0x80, 0x24,
    0x40, 0xa, 0x83, 0x0, 0x17, 0x0, 0x6a, 0x0,
    0xa6, 0x84, 0x1, 0x24, 0x1, 0x91, 0xc0, 0x4,
    0x80, 0x4, 0x60, 0xf, 0x41, 0x0, 0x61, 0xa0,
    0xf, 0xdc, 0x1, 0xa0, 0x40, 0x3f, 0x20, 0x6,
    0xa0, 0xf, 0xc5, 0x0, 0x18, 0xdc, 0x3, 0xee,
    0x0, 0xf4, 0x18, 0x7, 0x39, 0x80, 0x1e, 0x40,
    0x2e, 0x0, 0xc5, 0x0, 0x2, 0x86, 0x40, 0x1,
    0x40, 0x5, 0xc0, 0x14, 0x80, 0x24, 0x2, 0x73,
    0x8, 0x30, 0x2, 0xa0, 0x0, 0xa0, 0x2, 0xe0,

    /* U+0079 "y" */
    0xaf, 0xf8, 0x80, 0x3b, 0x7f, 0xda, 0x1c, 0x1,
    0x28, 0x6, 0x22, 0x0, 0x28, 0x10, 0x80, 0x16,
    0x1, 0x94, 0x2, 0x50, 0x5, 0x0, 0xc, 0x80,
    0x2b, 0x0, 0x19, 0x0, 0x18, 0x2, 0x50, 0x1,
    0x18, 0x2, 0x80, 0x21, 0x40, 0x5, 0x0, 0x14,
    0x2, 0x60, 0xd, 0xc0, 0x2, 0x20, 0x58, 0x1,
    0x40, 0x39, 0x40, 0x2a, 0x13, 0x0, 0x70, 0x7,
    0x98, 0x0, 0xac, 0x0, 0x14, 0x0, 0xf5, 0x0,
    0xa, 0x40, 0xe, 0x1, 0xf1, 0x90, 0x0, 0x40,
    0x14, 0x1, 0xfa, 0x80, 0x31, 0x18, 0x7, 0xe6,
    0x0, 0xd4, 0x1, 0xfc, 0x26, 0x1, 0x30, 0x7,
    0xf0, 0x98, 0x1, 0x4, 0x3, 0xf0, 0xd0, 0x5,
    0xc0, 0x1f, 0x77, 0x48, 0x0, 0x25, 0x0, 0xf8,
    0x84, 0x3, 0x70, 0x7, 0xe4, 0x10, 0x25, 0xc3,
    0x0, 0xf8,

    /* U+007A "z" */
    0x1f, 0xff, 0xf8, 0x40, 0x3f, 0xf9, 0xa2, 0x2f,
    0xfe, 0xc0, 0xd, 0x60, 0x1e, 0x1d, 0x0, 0xa1,
    0x0, 0x3d, 0x82, 0x0, 0x57, 0x0, 0xf5, 0x10,
    0x0, 0xe8, 0x3, 0xd0, 0xa0, 0x1, 0xd0, 0xf,
    0x2b, 0x80, 0x5a, 0x20, 0x1c, 0x74, 0x1, 0x51,
    0x80, 0x70, 0xe8, 0x4, 0xee, 0x22, 0xe1, 0x91,
    0x0, 0x9f, 0x77, 0xcc, 0x20, 0x1f, 0xfc, 0xd0,

    /* U+007B "{" */
    0x0, 0xe7, 0xcf, 0xf3, 0x80, 0x6b, 0x83, 0x0,
    0xf1, 0x20, 0x7, 0xe7, 0x0, 0xab, 0x9c, 0x2,
    0x30, 0x0, 0xa8, 0x80, 0x61, 0x0, 0x18, 0x7,
    0xf0, 0x80, 0x7b, 0xc0, 0xe, 0x1, 0xe5, 0x0,
    0x10, 0x6, 0x17, 0x20, 0x6, 0x0, 0x47, 0xd0,
    0x0, 0x45, 0x0, 0xf8, 0xec, 0x3, 0xf1, 0xc0,
    0x6, 0x3c, 0x50, 0x3, 0x98, 0x6, 0x3a, 0x10,
    0x5, 0x80, 0x79, 0xc0, 0x4, 0x1, 0xee, 0x0,
    0x30, 0x7, 0xff, 0x1c, 0x40, 0x3c, 0x20, 0x3,
    0x0, 0xf1, 0x80, 0x5, 0xc8, 0x3, 0x38, 0x5,
    0x1a, 0xe0, 0x11, 0x30, 0x7, 0xf4, 0xc8, 0xc4,
    0x0,

    /* U+007C "|" */
    0xcf, 0xf0, 0x80, 0x7f, 0xff, 0xc0, 0x3f, 0xf8,
    0xa0,

    /* U+007D "}" */
    0x6f, 0xf6, 0x38, 0x7, 0xe3, 0x8b, 0x0, 0xfe,
    0x43, 0x0, 0x9b, 0xa8, 0x2, 0x50, 0xc, 0x2a,
    0x40, 0x1, 0x0, 0xff, 0xe2, 0x8, 0x7, 0xf3,
    0x80, 0x3c, 0x3, 0xc4, 0x0, 0x40, 0xf, 0x60,
    0x0, 0xe0, 0x40, 0x32, 0xa0, 0x1, 0xf9, 0x0,
    0x35, 0x98, 0x7, 0xe8, 0x30, 0xf, 0x89, 0xc0,
    0xb, 0x88, 0x1, 0x50, 0x0, 0x68, 0xc0, 0x31,
    0x0, 0x1c, 0x3, 0xc2, 0x0, 0xe0, 0xf, 0x38,
    0x7, 0xf0, 0x80, 0x7f, 0x18, 0x0, 0x40, 0x31,
    0x38, 0x80, 0xc, 0x2, 0x6d, 0x80, 0x9, 0xc0,
    0x3f, 0x29, 0x0, 0x78, 0xe6, 0x80, 0x30,

    /* U+007E "~" */
    0x0, 0xff, 0xe2, 0xbe, 0xff, 0x5b, 0x0, 0x73,
    0x20, 0x6c, 0x10, 0xa, 0x4f, 0xd3, 0x33, 0x24,
    0x48, 0x80, 0x1f, 0x2c, 0xc8, 0xc0, 0x31, 0xc5,
    0x39, 0x0, 0x78, 0x5c, 0x23, 0x1d, 0x63, 0x71,
    0x88, 0x9, 0xfc, 0x88, 0xe0, 0x1c, 0x73, 0xbf,
    0xb0, 0x20,

    /* U+00A0 " " */

    /* U+00A1 "¡" */
    0x6f, 0xf8, 0xc0, 0x3f, 0xca, 0xb8, 0x4e, 0xaa,
    0x20, 0xaf, 0x70, 0x0, 0x87, 0x80, 0x18, 0x8,
    0x0, 0x40, 0x20, 0x19, 0x80, 0x80, 0x6, 0x2,
    0x0, 0x10, 0x60, 0x8, 0x8c, 0x2, 0x1e, 0x0,
    0x98, 0x3, 0xff, 0x90,

    /* U+00A2 "¢" */
    0x0, 0xfe, 0x95, 0x0, 0xff, 0x13, 0x68, 0x7,
    0xf9, 0x42, 0xc0, 0x3f, 0xd6, 0x26, 0x1, 0xfc,
    0x26, 0x80, 0x1e, 0x5b, 0xef, 0xe0, 0x30, 0xe,
    0xba, 0x41, 0x0, 0x9b, 0x44, 0x1, 0x48, 0x1,
    0x8, 0x4, 0x5a, 0x6, 0xa0, 0x3, 0xdd, 0x1,
    0x0, 0xd, 0x28, 0x2, 0xd2, 0xb0, 0xe2, 0x58,
    0x74, 0x0, 0x10, 0x82, 0x91, 0xed, 0x39, 0x98,
    0x0, 0xc0, 0x44, 0x50, 0xf, 0xce, 0xa, 0x16,
    0x1, 0xc4, 0x0, 0x20, 0xb1, 0x30, 0x54, 0x10,
    0x40, 0x0, 0xa9, 0xb8, 0xd, 0x5f, 0x4d, 0x80,
    0x54, 0x1a, 0x34, 0x1, 0x61, 0xb0, 0x6, 0xbe,
    0x40, 0x1, 0xa8, 0x4a, 0x0, 0x7c, 0x5a, 0x1,
    0x5b, 0x80, 0x63, 0x8d, 0x10, 0xc, 0x21, 0xdf,
    0xec, 0x70, 0xf, 0x39, 0x88, 0x7, 0xf1, 0x8d,
    0x80, 0x7f, 0x90, 0x10, 0x3, 0xfc, 0x28, 0x60,
    0x1f, 0x80,

    /* U+00A3 "£" */
    0x0, 0xc9, 0x5d, 0xfd, 0x8c, 0x1, 0xf5, 0x5a,
    0x88, 0x9, 0xcd, 0x80, 0x74, 0x28, 0x4, 0x20,
    0x12, 0x40, 0x4, 0x2e, 0x0, 0x3d, 0xed, 0x10,
    0x3, 0x80, 0x4a, 0x1, 0x79, 0x1, 0x58, 0x4,
    0x60, 0x1, 0x0, 0x84, 0x2, 0x5c, 0xef, 0x30,
    0x3, 0x0, 0x4c, 0x1, 0x8c, 0x40, 0x31, 0x80,
    0x5a, 0x1, 0xfd, 0xbe, 0x1, 0x37, 0xfd, 0x60,
    0x1f, 0xfc, 0x86, 0x22, 0x0, 0x42, 0x45, 0x0,
    0x75, 0xef, 0x80, 0x57, 0xba, 0x90, 0xf, 0x98,
    0x2, 0x70, 0xf, 0xf7, 0x0, 0xc, 0x80, 0x3f,
    0x95, 0x40, 0xe, 0x0, 0xfe, 0x5a, 0x0, 0xe,
    0x7e, 0xc2, 0xaa, 0x30, 0x1, 0x80, 0x10, 0x88,
    0x9, 0xea, 0x8e, 0x6a, 0x16, 0x1, 0x8, 0x7,
    0xe9, 0x2, 0x58, 0xee, 0x7e, 0xca, 0x88, 0x12,
    0xc0, 0x2, 0x9c, 0x40, 0x4, 0xd5, 0xdf, 0xb4,
    0x80,

    /* U+00A4 "¤" */
    0x0, 0xff, 0xe1, 0x8e, 0x20, 0x7, 0x87, 0x10,
    0x1, 0xa7, 0x71, 0x9f, 0xee, 0x8c, 0x3b, 0x42,
    0x20, 0x1, 0xcc, 0x0, 0x2e, 0x40, 0x1, 0x2c,
    0x10, 0xf, 0xe9, 0x50, 0x31, 0x0, 0x2e, 0xf4,
    0x80, 0x79, 0x0, 0x5, 0x44, 0x2c, 0xe0, 0xc,
    0x0, 0x18, 0x1, 0xc0, 0x36, 0x0, 0x18, 0x0,
    0x40, 0x4, 0x0, 0xd8, 0x0, 0x60, 0x2, 0x8,
    0xe, 0x19, 0x43, 0x80, 0x3c, 0x0, 0x40, 0x11,
    0xe6, 0xb8, 0x5, 0xa0, 0x38, 0x20, 0x1f, 0xce,
    0xe1, 0x40, 0x4, 0x20, 0x81, 0xc1, 0x80, 0x10,
    0x29, 0x6d, 0xef, 0xbf, 0x1f, 0x13, 0xc, 0x1,
    0x48, 0x1, 0xf5, 0x98, 0x0,

    /* U+00A5 "¥" */
    0xbf, 0xf8, 0x80, 0x3b, 0x3f, 0xe1, 0xf0, 0xa,
    0xc0, 0x32, 0x18, 0x1, 0x85, 0xc, 0x0, 0xc2,
    0x1, 0x40, 0x5, 0x0, 0x8, 0x0, 0xa4, 0x0,
    0x66, 0x0, 0x30, 0x80, 0x10, 0xc0, 0xe, 0x0,
    0x80, 0xa, 0xc0, 0x34, 0x80, 0x4e, 0x48, 0x0,
    0x52, 0x0, 0xca, 0x40, 0xa, 0xa0, 0x5, 0x0,
    0x1e, 0x80, 0x1, 0x38, 0x1, 0x48, 0x2, 0x4d,
    0xd4, 0x0, 0x79, 0x37, 0x52, 0x2, 0x45, 0x0,
    0x78, 0x48, 0xa0, 0xf, 0xfe, 0x22, 0xff, 0xe5,
    0x0, 0xf, 0xfe, 0xb0, 0xf, 0xfe, 0x22, 0xff,
    0xe5, 0x0, 0xf, 0xfe, 0xb0, 0xf, 0xfe, 0x20,
    0x91, 0x60, 0xc, 0x45, 0xc0, 0x9b, 0xb9, 0x40,
    0x3, 0xbb, 0xa4, 0x3, 0xff, 0xa6,

    /* U+00A6 "¦" */
    0xcf, 0xf0, 0x80, 0x7f, 0xf6, 0x3b, 0x30, 0x24,
    0x66, 0x0, 0xe2, 0x33, 0x7, 0x66, 0x4, 0x3,
    0xff, 0xb0,

    /* U+00A7 "§" */
    0x0, 0x86, 0x77, 0xfd, 0xb0, 0x20, 0x1c, 0x7e,
    0xc4, 0x0, 0x27, 0xf3, 0x0, 0xdc, 0x20, 0x2,
    0x20, 0x0, 0x74, 0x2, 0x12, 0x0, 0x36, 0xea,
    0x40, 0x2, 0xa0, 0x3, 0x0, 0xf3, 0x32, 0x25,
    0xc0, 0x4, 0x40, 0x3, 0x40, 0x2, 0x5d, 0x88,
    0x2, 0xe0, 0x9, 0xf4, 0xc0, 0x3e, 0x80, 0xc,
    0x59, 0x20, 0x1d, 0x28, 0x2, 0x60, 0x13, 0x69,
    0x80, 0x4c, 0x0, 0xdc, 0x70, 0x8, 0xb1, 0x0,
    0xc0, 0x23, 0x8, 0xb1, 0x0, 0xa8, 0x44, 0x1,
    0x38, 0x1, 0x3c, 0xc0, 0x2, 0xe4, 0x40, 0x4,
    0x38, 0x0, 0x70, 0x80, 0x1c, 0x10, 0x1, 0x45,
    0x88, 0x1, 0x0, 0x1c, 0xb, 0x20, 0x12, 0x7a,
    0x8b, 0x80, 0x1c, 0x0, 0xd8, 0x40, 0x1, 0xae,
    0x10, 0xa1, 0x0, 0x8f, 0x5c, 0x3, 0x9d, 0x40,
    0x3d, 0x1a, 0x60, 0x13, 0x90, 0x7, 0xc5, 0x8e,
    0x1, 0x58, 0x1, 0x2f, 0x7c, 0x40, 0x10, 0x40,
    0x5, 0x0, 0x90, 0x82, 0x80, 0x4, 0x40, 0x3,
    0x0, 0x10, 0xc0, 0x9, 0xfb, 0xa0, 0xb, 0xc0,
    0x2e, 0x20, 0x8, 0x80, 0x26, 0x50, 0x8, 0xb6,
    0xc, 0x0, 0x29, 0x52, 0x0,

    /* U+00A8 "¨" */
    0x11, 0x80, 0x21, 0x1b, 0xba, 0x20, 0x7e, 0xe4,
    0x0, 0x7f, 0xf1, 0x80,

    /* U+00A9 "©" */
    0x0, 0xf9, 0xaf, 0x7b, 0x96, 0xe2, 0x1, 0xff,
    0x3f, 0x4a, 0x10, 0x89, 0x23, 0xa4, 0x3, 0xfa,
    0xe0, 0x56, 0xbb, 0xfa, 0xd8, 0x1b, 0x48, 0x3,
    0xd6, 0x83, 0x94, 0xa2, 0x2, 0x93, 0xa6, 0x5e,
    0x20, 0x19, 0xd0, 0x7c, 0xc0, 0x3e, 0x2c, 0x42,
    0xb0, 0x8, 0x60, 0x34, 0x40, 0xf, 0xbf, 0xd4,
    0x40, 0xa, 0x15, 0x30, 0x3, 0x3, 0x18, 0x3,
    0x20, 0x84, 0x4b, 0x84, 0x3, 0x1, 0x20, 0xb,
    0xa, 0x0, 0x39, 0x8e, 0x77, 0xa0, 0xc8, 0x1,
    0x81, 0x40, 0x6, 0x6, 0x0, 0xa0, 0x83, 0x0,
    0x54, 0x40, 0x2, 0x40, 0x31, 0x2, 0x0, 0x88,
    0x10, 0x2, 0x17, 0x30, 0x8, 0x81, 0xc0, 0x38,
    0x80, 0x6, 0x1, 0xff, 0xc0, 0x10, 0x20, 0x1,
    0x80, 0x8, 0x3, 0xf8, 0x81, 0xc0, 0xc0, 0xc0,
    0x48, 0x10, 0x2, 0x5f, 0x90, 0x9, 0x0, 0xc2,
    0xc2, 0x80, 0x14, 0x10, 0xa0, 0x76, 0x1, 0x98,
    0x10, 0x0, 0xc0, 0xc6, 0xe, 0xa1, 0x5f, 0x82,
    0x72, 0x3, 0x1, 0xe0, 0x1, 0x70, 0xe1, 0xa,
    0xa2, 0x12, 0x46, 0x0, 0x28, 0x51, 0x0, 0x14,
    0x19, 0x79, 0x82, 0xde, 0xdb, 0x80, 0xe2, 0xd,
    0x0, 0x76, 0x98, 0xe5, 0x20, 0x4, 0x71, 0xc6,
    0x38, 0x20, 0x1c, 0x39, 0x0, 0xb7, 0xff, 0x63,
    0x83, 0x79, 0x0, 0x7e, 0x7e, 0x84, 0x10, 0x1,
    0xbe, 0xc8, 0x80, 0x60,

    /* U+00AA "ª" */
    0x0, 0x4f, 0x7f, 0x63, 0x80, 0x2d, 0x84, 0x4,
    0xe1, 0x40, 0x89, 0x1f, 0xa0, 0xc, 0x9, 0xd4,
    0x6b, 0x0, 0xcf, 0xf9, 0x2c, 0x1, 0x2c, 0x2,
    0x5f, 0x0, 0x44, 0x0, 0x94, 0x50, 0x9, 0x0,
    0x19, 0x76, 0x0, 0x19, 0xa4, 0x85, 0x9d, 0x41,
    0xc0,

    /* U+00AB "«" */
    0x0, 0x86, 0xf2, 0x40, 0x6f, 0x24, 0x3, 0x5a,
    0x1e, 0x85, 0xa1, 0xe8, 0x4, 0xaa, 0x4, 0x42,
    0xa8, 0x11, 0x0, 0x1, 0xb0, 0x4, 0xd, 0x80,
    0x24, 0x2, 0xa1, 0x6, 0x3a, 0x10, 0x62, 0x0,
    0x32, 0x0, 0x21, 0x90, 0x1, 0x0, 0x10, 0x80,
    0x4, 0x60, 0x0, 0x88, 0x2, 0x73, 0x1, 0x87,
    0x30, 0x18, 0x0, 0xdc, 0x0, 0x71, 0xe0, 0x3,
    0x88, 0x4, 0x50, 0x0, 0xb2, 0x80, 0x5, 0x80,
    0x67, 0x30, 0x53, 0x73, 0x5, 0x30, 0xd, 0xc0,
    0xf, 0xe, 0x0, 0x40, 0x0,

    /* U+00AC "¬" */
    0xef, 0xff, 0xfe, 0x0, 0x80, 0x7f, 0xf4, 0x2a,
    0xbf, 0xa4, 0x3, 0x22, 0xaf, 0xe4, 0x0, 0xff,
    0xf6, 0x11, 0x40,

    /* U+00AD "­" */
    0x5a, 0xaf, 0x26, 0xaa, 0xf8, 0xc0, 0x3f, 0xf8,
    0x80,

    /* U+00AE "®" */
    0x0, 0xf9, 0xab, 0x7b, 0x96, 0xe2, 0x1, 0xff,
    0x3f, 0x4a, 0x90, 0x89, 0x23, 0xa4, 0x3, 0xfa,
    0xe0, 0x52, 0xbb, 0xfa, 0xd8, 0x1b, 0x48, 0x3,
    0xd6, 0x83, 0x76, 0x51, 0x1, 0x49, 0xe3, 0x2f,
    0x10, 0xc, 0xe8, 0x3e, 0x80, 0x1f, 0xe, 0x21,
    0x58, 0x4, 0x30, 0x1a, 0x39, 0xff, 0xda, 0xa0,
    0xa, 0x15, 0x30, 0x3, 0x2, 0x98, 0x4, 0x6a,
    0x84, 0x4a, 0x30, 0x18, 0x9, 0x0, 0x58, 0x48,
    0x6, 0x9a, 0xbd, 0x20, 0xb0, 0x3, 0x2, 0x80,
    0xc, 0xc, 0x3, 0xfd, 0xe0, 0x12, 0x1, 0x88,
    0x10, 0x7, 0x4d, 0x53, 0x48, 0x58, 0x2, 0x20,
    0x70, 0xf, 0xc6, 0xaa, 0x27, 0xf1, 0x0, 0xf0,
    0x81, 0x0, 0x75, 0x72, 0x82, 0x8, 0x6, 0x20,
    0x70, 0x30, 0x30, 0xe, 0x1a, 0x23, 0x80, 0xc,
    0x80, 0x61, 0x61, 0x40, 0x1f, 0x40, 0x39, 0x0,
    0x14, 0x10, 0x0, 0xc0, 0xc6, 0x1, 0xe5, 0x20,
    0x90, 0x1b, 0xf, 0x0, 0xb, 0x87, 0xc, 0x4a,
    0x0, 0x5f, 0x3c, 0x16, 0x28, 0x80, 0xa, 0xc,
    0xb1, 0xd8, 0x40, 0x22, 0x64, 0xb5, 0x1a, 0x0,
    0xed, 0x32, 0xc9, 0x30, 0x8, 0xa3, 0xd0, 0x70,
    0x40, 0x38, 0x71, 0xc1, 0xb3, 0xfe, 0xd7, 0x15,
    0xf2, 0x0, 0xfd, 0x1d, 0x8, 0x20, 0x3, 0x7d,
    0xa1, 0x0, 0xc0,

    /* U+00AF "¯" */
    0x15, 0x5f, 0xfe, 0x11, 0x95, 0x57, 0xff, 0xc,
    0x3, 0xff, 0x88,

    /* U+00B0 "°" */
    0x0, 0x84, 0x40, 0x1c, 0x59, 0xdd, 0x28, 0x0,
    0xb0, 0xc0, 0x3, 0x4a, 0x10, 0x25, 0xbc, 0xa1,
    0x60, 0xe1, 0x24, 0x34, 0x2, 0x40, 0x1, 0x0,
    0x8, 0x4, 0x81, 0x68, 0x74, 0x4, 0x48, 0x11,
    0x5e, 0x20, 0x48, 0xf, 0xa8, 0x82, 0x62, 0x0,

    /* U+00B1 "±" */
    0x0, 0xe7, 0xff, 0x60, 0x7, 0xff, 0xc5, 0x7f,
    0xf4, 0x0, 0xf, 0xff, 0x50, 0x7, 0xff, 0x41,
    0xe6, 0x72, 0x80, 0xa, 0x67, 0x71, 0x33, 0x6d,
    0x0, 0xb, 0x36, 0x40, 0xf, 0xff, 0x1b, 0x66,
    0x38, 0x3, 0x89, 0x9b, 0x3a, 0xa9, 0x19, 0xb2,
    0x3c, 0xcf, 0xff, 0x3, 0x80, 0x3f, 0xfa, 0x0,

    /* U+00B2 "²" */
    0x1, 0xae, 0xfd, 0x80, 0xb, 0x14, 0x48, 0x8f,
    0x40, 0x84, 0x1b, 0xa8, 0x5, 0x4, 0xfe, 0x20,
    0xc0, 0x30, 0x8, 0x45, 0x68, 0x1e, 0x1, 0x1f,
    0xa1, 0x61, 0x80, 0x17, 0x5, 0x74, 0xc0, 0x5,
    0x40, 0x5, 0xff, 0x82, 0x80, 0x3f, 0x0,

    /* U+00B3 "³" */
    0x2, 0xae, 0xfd, 0x60, 0xb, 0x14, 0x8, 0x92,
    0xc0, 0x32, 0xff, 0x82, 0x1c, 0x2, 0xf1, 0xe,
    0x13, 0x80, 0xc, 0x2a, 0x7, 0x0, 0x10, 0xc5,
    0x40, 0x38, 0xaf, 0xf0, 0x87, 0x80, 0x4a, 0x41,
    0xda, 0xe0, 0xc2, 0x1e, 0xa2, 0x44, 0x99, 0x0,

    /* U+00B4 "´" */
    0x1, 0xdd, 0xa4, 0x0, 0xc4, 0x40, 0x80, 0x4,
    0x80, 0xe0, 0x83, 0x8, 0xb0, 0x40, 0x0,

    /* U+00B5 "µ" */
    0x9f, 0xf8, 0x3, 0xbf, 0xea, 0x0, 0xff, 0xff,
    0x80, 0x7f, 0xf2, 0x4, 0x2, 0x10, 0xf, 0xc8,
    0x1, 0x20, 0x7, 0xeb, 0x20, 0x3b, 0x0, 0xfc,
    0x3b, 0xf8, 0x20, 0x1f, 0x8c, 0x3, 0x18, 0x7,
    0xda, 0x80, 0x78, 0xc0, 0x1f, 0xd, 0xfe, 0x1d,
    0x7f, 0xa8, 0x3, 0xff, 0xd0,

    /* U+00B6 "¶" */
    0x0, 0x92, 0xfb, 0xff, 0xf9, 0x40, 0x11, 0x68,
    0x20, 0x1f, 0xf2, 0x38, 0x7, 0xff, 0xb, 0xc0,
    0x3e, 0x99, 0x0, 0x54, 0x80, 0x80, 0x1f, 0x3b,
    0x80, 0x2, 0xa2, 0x1, 0xff, 0xc5, 0x10, 0xf,
    0xfe, 0x1a, 0x0, 0x7f, 0xf0, 0xe0, 0x3, 0xff,
    0x86, 0x58, 0x20, 0x1f, 0xfc, 0x23, 0xeb, 0x70,
    0xf, 0xfe, 0x12, 0x40, 0x7, 0xff, 0xfc, 0x3,
    0xff, 0xfe, 0x1, 0xff, 0xe8,

    /* U+00B7 "·" */
    0x4a, 0xa8, 0x4d, 0x56, 0x0, 0xff, 0x80,

    /* U+00B8 "¸" */
    0x0, 0xff, 0x6f, 0xfb, 0x94, 0x0, 0x37, 0x66,
    0x1a, 0x30, 0x16, 0x48, 0x0, 0x32, 0xd4, 0xd7,
    0x80, 0xa1, 0xa3, 0x29, 0xb7, 0x88,

    /* U+00B9 "¹" */
    0x0, 0xf, 0x7a, 0x2, 0xf8, 0x80, 0x32, 0x84,
    0x3, 0x35, 0x80, 0x59, 0x2c, 0x1, 0xff, 0xcf,

    /* U+00BA "º" */
    0x0, 0x3e, 0xff, 0x51, 0x0, 0x57, 0x4, 0x2,
    0xba, 0x60, 0x88, 0x4, 0xc8, 0x0, 0x78, 0x68,
    0x2, 0x4d, 0xd0, 0xc, 0xc, 0x0, 0x40, 0x2,
    0x0, 0x9, 0x80, 0x8, 0x0, 0x40, 0x1, 0xd0,
    0x4, 0x12, 0xa0, 0x18, 0x22, 0x1, 0x76, 0x80,
    0x1e, 0x0, 0xb8, 0x20, 0x14, 0xd3, 0x0,

    /* U+00BB "»" */
    0x5c, 0xc2, 0x82, 0xe6, 0x10, 0x3, 0x29, 0x1d,
    0x8a, 0x91, 0xd0, 0x80, 0x68, 0x1, 0xb0, 0x80,
    0x1b, 0x0, 0xcc, 0x40, 0xaa, 0x62, 0x5, 0x50,
    0x6, 0x90, 0x5, 0x8c, 0x80, 0x2c, 0x40, 0x24,
    0x40, 0xd, 0x22, 0x0, 0x6c, 0x3, 0x18, 0x1,
    0x40, 0x80, 0xe, 0x1, 0x13, 0x80, 0x28, 0x98,
    0x1, 0xc0, 0x14, 0x0, 0x1d, 0x24, 0x0, 0xe6,
    0x0, 0x35, 0x2, 0x84, 0x40, 0x14, 0x0, 0x5e,
    0x0, 0xe0, 0x90, 0x7, 0x80, 0x4c, 0x61, 0x6,
    0xc4, 0x10, 0x40, 0x10,

    /* U+00BC "¼" */
    0x0, 0xab, 0xc, 0x3, 0xf5, 0x61, 0x0, 0x7a,
    0x94, 0xdc, 0x3, 0xe5, 0x53, 0x10, 0x6, 0x6e,
    0x50, 0xf, 0xf5, 0x84, 0x0, 0x75, 0x8a, 0x80,
    0x7f, 0x38, 0xb9, 0x0, 0x75, 0xed, 0x80, 0x7e,
    0x18, 0x19, 0x0, 0xf3, 0x10, 0x7, 0xf4, 0x4,
    0x8, 0x7, 0xff, 0x10, 0x98, 0x98, 0x3, 0xff,
    0x8b, 0x21, 0x20, 0x1f, 0xfc, 0x54, 0x41, 0xa0,
    0x7, 0xff, 0x16, 0x43, 0xc0, 0x3f, 0xe1, 0xff,
    0x20, 0x1, 0x89, 0x4c, 0x3, 0x27, 0x70, 0x40,
    0x3f, 0xa0, 0x2c, 0x3, 0xd, 0x8, 0x80, 0x3f,
    0xa0, 0x5c, 0x40, 0x36, 0x88, 0x7, 0xf8, 0x5c,
    0x60, 0x3, 0x51, 0xa0, 0x7, 0xfa, 0x2, 0x0,
    0x33, 0x29, 0xc0, 0x7, 0xf1, 0x31, 0x30, 0x4,
    0x72, 0x3a, 0x1, 0xfe, 0x90, 0x90, 0xd, 0xe0,
    0x3f, 0xa0, 0xf, 0x60, 0xc, 0x89, 0x80, 0x3e,
    0x11, 0x0, 0x4, 0x40, 0x1a, 0x42, 0x40, 0x3b,
    0x3f, 0xec, 0x0, 0x73, 0x80, 0x4c, 0x4c, 0x40,
    0x1f, 0xfc, 0x20,

    /* U+00BD "½" */
    0x0, 0xab, 0xc, 0x3, 0xf5, 0x61, 0x0, 0x7a,
    0x94, 0xdc, 0x3, 0xe5, 0x53, 0x10, 0x6, 0x6e,
    0x50, 0xf, 0xf5, 0x84, 0x0, 0x75, 0x8a, 0x80,
    0x7f, 0x38, 0xb9, 0x0, 0x75, 0xed, 0x80, 0x7e,
    0x18, 0x19, 0x0, 0xf3, 0x10, 0x7, 0xf4, 0x4,
    0x8, 0x7, 0xff, 0x10, 0x98, 0x98, 0x3, 0xff,
    0x8b, 0x21, 0x20, 0x1f, 0xfc, 0x54, 0x41, 0xa0,
    0x7, 0xff, 0x16, 0x43, 0xc0, 0x3f, 0xe1, 0xff,
    0x20, 0x1, 0x89, 0x4c, 0x6, 0x7b, 0xf5, 0xc0,
    0x3f, 0xd0, 0x16, 0x0, 0xc6, 0x11, 0x14, 0x48,
    0x7, 0xe8, 0x17, 0x10, 0x42, 0xc, 0xe7, 0x6,
    0x0, 0xf8, 0x5c, 0x60, 0x0, 0xb9, 0x66, 0x2,
    0x2, 0x1, 0xf4, 0x4, 0x0, 0x42, 0x68, 0xa,
    0xc0, 0xc0, 0x1e, 0x26, 0x26, 0x0, 0xf3, 0xd0,
    0x24, 0x0, 0x7a, 0x42, 0x40, 0x3d, 0x30, 0xf,
    0x60, 0x1e, 0x44, 0xc0, 0x1d, 0x2c, 0xd, 0x66,
    0x60, 0xe, 0x90, 0x90, 0xe, 0x36, 0x0, 0x36,
    0x64, 0x1, 0x98, 0x98, 0x80, 0x3a, 0x80, 0x3f,
    0x0,

    /* U+00BE "¾" */
    0x0, 0x3d, 0xe5, 0x10, 0x7, 0xe7, 0xd5, 0x0,
    0xeb, 0x84, 0x35, 0xd3, 0x0, 0xf0, 0xc1, 0xa8,
    0x6, 0x34, 0xb, 0xe1, 0xa, 0x0, 0xf5, 0x85,
    0x80, 0x71, 0xfe, 0xaa, 0x8, 0x78, 0x7, 0x1a,
    0x9a, 0x80, 0x7c, 0x51, 0x40, 0x8c, 0x1, 0xde,
    0x1e, 0x1, 0xfd, 0xce, 0x29, 0x20, 0x19, 0x4d,
    0xc, 0x3, 0xe1, 0x27, 0x88, 0x3, 0x8, 0x5,
    0x1, 0x20, 0x1f, 0x2f, 0x69, 0x7, 0x80, 0x4,
    0x0, 0xc4, 0xc4, 0x1, 0xf2, 0x90, 0x6f, 0x30,
    0x38, 0x5, 0x1, 0x0, 0x1f, 0xd8, 0xa2, 0x23,
    0x98, 0x0, 0x40, 0xc0, 0x80, 0x7f, 0xd, 0x77,
    0xe3, 0x0, 0x9, 0xc5, 0xc0, 0x32, 0x77, 0x0,
    0x3f, 0xe8, 0xb, 0x0, 0xc5, 0x42, 0x30, 0x7,
    0xf1, 0xa9, 0xa8, 0x6, 0xe1, 0x0, 0xff, 0xe0,
    0x78, 0x78, 0x6, 0xa3, 0x40, 0xf, 0xf9, 0x4d,
    0xc, 0x2, 0x75, 0x38, 0x0, 0xff, 0xa0, 0x24,
    0x2, 0x38, 0x1d, 0x0, 0xff, 0x98, 0x98, 0x80,
    0x2f, 0x1, 0xfd, 0x0, 0x7b, 0x0, 0x70, 0xc0,
    0x40, 0x7, 0xc2, 0x20, 0x0, 0x88, 0x3, 0xa4,
    0x60, 0x40, 0x36, 0x7f, 0xd8, 0x0, 0xe7, 0x0,
    0xc4, 0xe2, 0xe0, 0x1f, 0xfc, 0x20,

    /* U+00BF "¿" */
    0x0, 0xee, 0xff, 0x58, 0x7, 0xff, 0x69, 0x95,
    0x5a, 0x1, 0xfe, 0x98, 0x83, 0x80, 0x7f, 0xa3,
    0x75, 0x40, 0x1f, 0xe2, 0x0, 0x8, 0x7, 0xf1,
    0xa0, 0x3, 0x40, 0x3f, 0x26, 0x0, 0x4c, 0x1,
    0xf3, 0x58, 0x5, 0x62, 0x1, 0xe5, 0x90, 0xa,
    0xd0, 0x3, 0xc3, 0x40, 0x1, 0xc4, 0x0, 0xfa,
    0x40, 0x2c, 0x30, 0xf, 0xc6, 0x0, 0x32, 0x0,
    0xeb, 0xca, 0x52, 0x0, 0x10, 0x7, 0x1a, 0x1a,
    0x9e, 0x80, 0x6, 0x84, 0x0, 0x7c, 0x1, 0x3a,
    0x20, 0x0, 0xbd, 0xbd, 0x84, 0x0, 0x81, 0xb,
    0x50, 0x8, 0x84, 0x2, 0x77, 0x0, 0x55, 0x6a,
    0x20, 0x2, 0x6d, 0x80, 0x0,

    /* U+00C0 "À" */
    0x0, 0xe1, 0xcd, 0xd5, 0x0, 0x7f, 0xf0, 0x87,
    0xc8, 0x8a, 0x40, 0x1f, 0xfc, 0x23, 0xa0, 0x4,
    0x0, 0x7f, 0xf0, 0xd6, 0x41, 0x44, 0x3, 0xff,
    0x86, 0xdf, 0xe1, 0x0, 0xff, 0xe1, 0x77, 0xfc,
    0xc0, 0x1f, 0xfc, 0x15, 0x10, 0xa, 0x80, 0x3f,
    0xf8, 0x3c, 0x1, 0x8c, 0xc0, 0x1f, 0xf0, 0xa0,
    0x7, 0x50, 0x7, 0xfc, 0xc0, 0x10, 0x80, 0x18,
    0x3, 0xfe, 0xa0, 0x1, 0x48, 0x4, 0xc0, 0x1f,
    0xc6, 0x40, 0x5, 0x50, 0x5, 0x40, 0x1f, 0xd4,
    0x1, 0x51, 0x18, 0x0, 0xc8, 0x3, 0xf3, 0x0,
    0x8, 0x81, 0x40, 0x15, 0x0, 0x7c, 0xc0, 0x15,
    0x0, 0x1c, 0x2, 0x60, 0xf, 0xa8, 0x2, 0x50,
    0x0, 0xa0, 0x0, 0x54, 0x3, 0x88, 0xc0, 0x4,
    0x26, 0x78, 0x2, 0xe0, 0xe, 0xa0, 0x8, 0xb3,
    0x33, 0x80, 0x48, 0x40, 0x19, 0x80, 0x3f, 0xf8,
    0x34, 0x1, 0x20, 0x80, 0x7f, 0xf0, 0x58, 0x2,
    0xe0, 0xa, 0xbf, 0xfe, 0x20, 0x0, 0xa0, 0xa,
    0x80, 0x5, 0x40, 0x3e, 0xb0, 0xb, 0xc1, 0xc0,
    0x26, 0x0, 0xfc, 0xc0, 0x12, 0xd, 0x0, 0x54,
    0x1, 0xfc, 0xc0, 0x13, 0x0,

    /* U+00C1 "Á" */
    0x0, 0xfc, 0xbb, 0xb2, 0x80, 0x7f, 0xf0, 0xa0,
    0x88, 0xaa, 0x0, 0xff, 0xe0, 0xa1, 0x2, 0xc0,
    0x7, 0xff, 0xb, 0xc1, 0x28, 0x3, 0xff, 0x87,
    0x7f, 0x60, 0x1f, 0xfc, 0x4e, 0xff, 0x98, 0x3,
    0xff, 0x82, 0xa2, 0x1, 0x50, 0x7, 0xff, 0x7,
    0x80, 0x31, 0x98, 0x3, 0xfe, 0x14, 0x0, 0xea,
    0x0, 0xff, 0x98, 0x2, 0x10, 0x3, 0x0, 0x7f,
    0xd4, 0x0, 0x29, 0x0, 0x98, 0x3, 0xf8, 0xc8,
    0x0, 0xaa, 0x0, 0xa8, 0x3, 0xfa, 0x80, 0x2a,
    0x23, 0x0, 0x19, 0x0, 0x7e, 0x60, 0x1, 0x10,
    0x28, 0x2, 0xa0, 0xf, 0x98, 0x2, 0xa0, 0x3,
    0x80, 0x4c, 0x1, 0xf5, 0x0, 0x4a, 0x0, 0x14,
    0x0, 0xa, 0x80, 0x71, 0x18, 0x0, 0x84, 0xcf,
    0x0, 0x5c, 0x1, 0xd4, 0x1, 0x16, 0x66, 0x70,
    0x9, 0x8, 0x3, 0x30, 0x7, 0xff, 0x6, 0x80,
    0x24, 0x10, 0xf, 0xfe, 0xb, 0x0, 0x5c, 0x1,
    0x57, 0xff, 0xc4, 0x0, 0x14, 0x1, 0x50, 0x0,
    0xa8, 0x7, 0xd6, 0x1, 0x78, 0x38, 0x4, 0xc0,
    0x1f, 0x98, 0x2, 0x41, 0xa0, 0xa, 0x80, 0x3f,
    0x98, 0x2, 0x60,

    /* U+00C2 "Â" */
    0x0, 0xfa, 0x77, 0x58, 0x40, 0x1f, 0xfc, 0x15,
    0x62, 0x21, 0xf0, 0x7, 0xff, 0x0, 0x6c, 0x9,
    0xc0, 0xdc, 0x3, 0xfe, 0xa1, 0xf, 0x84, 0x8,
    0x20, 0xf, 0xf5, 0xff, 0x88, 0x2f, 0xfc, 0x40,
    0x1f, 0xfc, 0xe, 0xff, 0x98, 0x3, 0xff, 0x82,
    0xa2, 0x1, 0x50, 0x7, 0xff, 0x7, 0x80, 0x31,
    0x98, 0x3, 0xfe, 0x14, 0x0, 0xea, 0x0, 0xff,
    0x98, 0x2, 0x10, 0x3, 0x0, 0x7f, 0xd4, 0x0,
    0x29, 0x0, 0x98, 0x3, 0xf8, 0xc8, 0x0, 0xaa,
    0x0, 0xa8, 0x3, 0xfa, 0x80, 0x2a, 0x23, 0x0,
    0x19, 0x0, 0x7e, 0x60, 0x1, 0x10, 0x28, 0x2,
    0xa0, 0xf, 0x98, 0x2, 0xa0, 0x3, 0x80, 0x4c,
    0x1, 0xf5, 0x0, 0x4a, 0x0, 0x14, 0x0, 0xa,
    0x80, 0x71, 0x18, 0x0, 0x84, 0xcf, 0x0, 0x5c,
    0x1, 0xd4, 0x1, 0x16, 0x66, 0x70, 0x9, 0x8,
    0x3, 0x30, 0x7, 0xff, 0x6, 0x80, 0x24, 0x10,
    0xf, 0xfe, 0xb, 0x0, 0x5c, 0x1, 0x57, 0xff,
    0xc4, 0x0, 0x14, 0x1, 0x50, 0x0, 0xa8, 0x7,
    0xd6, 0x1, 0x78, 0x38, 0x4, 0xc0, 0x1f, 0x98,
    0x2, 0x41, 0xa0, 0xa, 0x80, 0x3f, 0x98, 0x2,
    0x60,

    /* U+00C3 "Ã" */
    0x0, 0xf0, 0x88, 0x3, 0x10, 0x80, 0x7f, 0xa7,
    0xb9, 0xae, 0x73, 0xa8, 0x1, 0xfc, 0x4c, 0x0,
    0x28, 0xc6, 0x7, 0x0, 0xfe, 0x70, 0x8f, 0xb5,
    0x11, 0x41, 0x0, 0x7f, 0x2f, 0xb8, 0x25, 0x77,
    0x1c, 0x3, 0xff, 0x83, 0xdf, 0xf3, 0x0, 0x7f,
    0xf0, 0x54, 0x40, 0x2a, 0x0, 0xff, 0xe0, 0xf0,
    0x6, 0x33, 0x0, 0x7f, 0xc2, 0x80, 0x1d, 0x40,
    0x1f, 0xf3, 0x0, 0x42, 0x0, 0x60, 0xf, 0xfa,
    0x80, 0x5, 0x20, 0x13, 0x0, 0x7f, 0x19, 0x0,
    0x15, 0x40, 0x15, 0x0, 0x7f, 0x50, 0x5, 0x44,
    0x60, 0x3, 0x20, 0xf, 0xcc, 0x0, 0x22, 0x5,
    0x0, 0x54, 0x1, 0xf3, 0x0, 0x54, 0x0, 0x70,
    0x9, 0x80, 0x3e, 0xa0, 0x9, 0x40, 0x2, 0x80,
    0x1, 0x50, 0xe, 0x23, 0x0, 0x10, 0x99, 0xe0,
    0xb, 0x80, 0x3a, 0x80, 0x22, 0xcc, 0xce, 0x1,
    0x21, 0x0, 0x66, 0x0, 0xff, 0xe0, 0xd0, 0x4,
    0x82, 0x1, 0xff, 0xc1, 0x60, 0xb, 0x80, 0x2a,
    0xff, 0xf8, 0x80, 0x2, 0x80, 0x2a, 0x0, 0x15,
    0x0, 0xfa, 0xc0, 0x2f, 0x7, 0x0, 0x98, 0x3,
    0xf3, 0x0, 0x48, 0x34, 0x1, 0x50, 0x7, 0xf3,
    0x0, 0x4c,

    /* U+00C4 "Ä" */
    0x0, 0xe1, 0x18, 0x0, 0x23, 0x0, 0x7f, 0x8b,
    0xb9, 0xe0, 0xb, 0xee, 0x30, 0x7, 0xff, 0x8c,
    0xbf, 0xdc, 0x0, 0xaf, 0xf3, 0x0, 0x7f, 0xf0,
    0x3b, 0xfe, 0x60, 0xf, 0xfe, 0xa, 0x88, 0x5,
    0x40, 0x1f, 0xfc, 0x1e, 0x0, 0xc6, 0x60, 0xf,
    0xf8, 0x50, 0x3, 0xa8, 0x3, 0xfe, 0x60, 0x8,
    0x40, 0xc, 0x1, 0xff, 0x50, 0x0, 0xa4, 0x2,
    0x60, 0xf, 0xe3, 0x20, 0x2, 0xa8, 0x2, 0xa0,
    0xf, 0xea, 0x0, 0xa8, 0x8c, 0x0, 0x64, 0x1,
    0xf9, 0x80, 0x4, 0x40, 0xa0, 0xa, 0x80, 0x3e,
    0x60, 0xa, 0x80, 0xe, 0x1, 0x30, 0x7, 0xd4,
    0x1, 0x28, 0x0, 0x50, 0x0, 0x2a, 0x1, 0xc4,
    0x60, 0x2, 0x13, 0x3c, 0x1, 0x70, 0x7, 0x50,
    0x4, 0x59, 0x99, 0xc0, 0x24, 0x20, 0xc, 0xc0,
    0x1f, 0xfc, 0x1a, 0x0, 0x90, 0x40, 0x3f, 0xf8,
    0x2c, 0x1, 0x70, 0x5, 0x5f, 0xff, 0x10, 0x0,
    0x50, 0x5, 0x40, 0x2, 0xa0, 0x1f, 0x58, 0x5,
    0xe0, 0xe0, 0x13, 0x0, 0x7e, 0x60, 0x9, 0x6,
    0x80, 0x2a, 0x0, 0xfe, 0x60, 0x9, 0x80,

    /* U+00C5 "Å" */
    0x0, 0xff, 0xe7, 0x27, 0x7d, 0x0, 0x7f, 0xf0,
    0x86, 0xd2, 0x55, 0x80, 0x3f, 0xf8, 0x24, 0x16,
    0xc9, 0x80, 0x1f, 0xfc, 0x12, 0x7, 0x15, 0xd0,
    0xf, 0xfe, 0x8, 0x84, 0xf0, 0x80, 0x7f, 0xf0,
    0x94, 0x3, 0x58, 0x7, 0xff, 0x7, 0x80, 0x31,
    0x98, 0x3, 0xfe, 0x14, 0x0, 0xea, 0x0, 0xff,
    0x98, 0x2, 0x10, 0x3, 0x0, 0x7f, 0xd4, 0x0,
    0x29, 0x0, 0x98, 0x3, 0xf8, 0xc8, 0x0, 0xaa,
    0x0, 0xa8, 0x3, 0xfa, 0x80, 0x2a, 0x23, 0x0,
    0x19, 0x0, 0x7e, 0x60, 0x1, 0x10, 0x28, 0x2,
    0xa0, 0xf, 0x98, 0x2, 0xa0, 0x3, 0x80, 0x4c,
    0x1, 0xf5, 0x0, 0x4a, 0x0, 0x14, 0x0, 0xa,
    0x80, 0x71, 0x18, 0x0, 0x84, 0xcf, 0x0, 0x5c,
    0x1, 0xd4, 0x1, 0x16, 0x66, 0x70, 0x9, 0x8,
    0x3, 0x30, 0x7, 0xff, 0x6, 0x80, 0x24, 0x10,
    0xf, 0xfe, 0xb, 0x0, 0x5c, 0x1, 0x57, 0xff,
    0xc4, 0x0, 0x14, 0x1, 0x50, 0x0, 0xa8, 0x7,
    0xd6, 0x1, 0x78, 0x38, 0x4, 0xc0, 0x1f, 0x98,
    0x2, 0x41, 0xa0, 0xa, 0x80, 0x3f, 0x98, 0x2,
    0x60,

    /* U+00C6 "Æ" */
    0x0, 0xfe, 0xaf, 0xff, 0xfe, 0x23, 0x0, 0x7e,
    0x15, 0x0, 0xff, 0xe6, 0xc8, 0x4, 0x42, 0x1,
    0xff, 0xc9, 0x70, 0x2, 0x6b, 0x0, 0x55, 0x99,
    0xf9, 0xc0, 0x3e, 0x70, 0xb, 0xc0, 0x39, 0x8c,
    0xff, 0x8, 0x7, 0xd2, 0x0, 0x24, 0x0, 0xff,
    0xe4, 0xb0, 0x80, 0x20, 0x3, 0xff, 0x95, 0x60,
    0x1, 0x50, 0xf, 0x31, 0x9f, 0xc4, 0x1, 0xe4,
    0x20, 0x4, 0x80, 0x7d, 0x59, 0x9f, 0x40, 0x7,
    0xa0, 0x2, 0x60, 0xf, 0xfe, 0x49, 0x98, 0x0,
    0xc2, 0x1, 0xff, 0xc9, 0x90, 0x9, 0xbf, 0xf3,
    0x80, 0x59, 0xff, 0xf5, 0x0, 0x62, 0x50, 0xf,
    0xfe, 0x6d, 0x80, 0x7f, 0xf3, 0x45, 0x80, 0x3,
    0x77, 0xe4, 0x0, 0xff, 0xe1, 0xb0, 0x5, 0x28,
    0x9e, 0x20, 0x9, 0x8c, 0xff, 0x10, 0x2, 0x40,
    0x26, 0x0, 0xff, 0x56, 0x67, 0xee, 0x6, 0x10,
    0x2, 0x88, 0x7, 0xff, 0x26, 0xc0, 0x2e, 0x0,
    0xff, 0xe4, 0x80,

    /* U+00C7 "Ç" */
    0x0, 0xe5, 0xad, 0xff, 0x6d, 0x20, 0x7, 0xc7,
    0xb4, 0xa4, 0x0, 0x25, 0xbb, 0x8, 0x6, 0x4c,
    0x20, 0xf, 0xc9, 0x80, 0x11, 0x58, 0x4, 0x51,
    0x72, 0xa0, 0x11, 0x48, 0x2, 0x0, 0x25, 0xd7,
    0x46, 0xaa, 0x0, 0x4c, 0x22, 0x50, 0x1, 0x50,
    0x7, 0x2a, 0x80, 0x54, 0xdc, 0x2, 0xa0, 0xf,
    0xaf, 0xb9, 0x45, 0xe0, 0x11, 0x80, 0x7c, 0x22,
    0x0, 0x88, 0x2, 0x60, 0xf, 0xfe, 0x21, 0x80,
    0x7f, 0xf1, 0xc, 0x3, 0xff, 0x80, 0x20, 0x13,
    0x0, 0x7f, 0xf0, 0x30, 0x2, 0x30, 0xf, 0x9b,
    0xa5, 0x1, 0x0, 0x2a, 0x0, 0xfa, 0x85, 0xad,
    0x9, 0x0, 0x5, 0x20, 0x1c, 0xe6, 0x0, 0x14,
    0x9, 0x0, 0x9b, 0x59, 0x1a, 0xe0, 0x2, 0x80,
    0x1, 0x50, 0x4, 0x53, 0x72, 0x80, 0x12, 0xb0,
    0x4, 0xb6, 0x20, 0x1f, 0x9a, 0x80, 0x39, 0x3a,
    0x50, 0x2, 0x26, 0xc9, 0x0, 0xfc, 0xc4, 0x1,
    0x34, 0x18, 0x7, 0xfb, 0x72, 0x85, 0x2c, 0x3,
    0xfe, 0x43, 0x55, 0x3, 0x0, 0x7f, 0xd, 0xd4,
    0xe2, 0x4, 0x80, 0x7f, 0x95, 0x4c, 0x49, 0x6a,
    0x1, 0xc0,

    /* U+00C8 "È" */
    0x0, 0xcb, 0xbb, 0x28, 0x7, 0xfc, 0xa8, 0x44,
    0x90, 0xf, 0xfe, 0x4, 0xa8, 0x1a, 0x0, 0x7f,
    0xf0, 0x29, 0x3, 0xc0, 0x3f, 0xf8, 0x37, 0xf6,
    0x1, 0xe1, 0xff, 0xff, 0xe0, 0xd8, 0x7, 0xff,
    0x65, 0x33, 0x3f, 0xa4, 0x3, 0x84, 0xcf, 0xf8,
    0x80, 0x3f, 0xfb, 0x22, 0x67, 0xfc, 0x1, 0xe4,
    0xcc, 0xfe, 0x0, 0xff, 0xed, 0x2f, 0xff, 0xf0,
    0x7, 0xff, 0xa8, 0x4c, 0xff, 0xc0, 0x1c, 0x99,
    0x9f, 0xe0, 0xf, 0xfe, 0xa8,

    /* U+00C9 "É" */
    0x0, 0xfa, 0xb7, 0x58, 0x20, 0x1f, 0xe3, 0x52,
    0x27, 0x88, 0x7, 0xfa, 0x40, 0x16, 0x60, 0x1f,
    0xe1, 0x50, 0x94, 0x0, 0xff, 0x87, 0xfc, 0xc0,
    0x1f, 0xf, 0xff, 0xff, 0x6, 0xc0, 0x3f, 0xfb,
    0x29, 0x99, 0xfd, 0x20, 0x1c, 0x26, 0x7f, 0xc4,
    0x1, 0xff, 0xd9, 0x13, 0x3f, 0xe0, 0xf, 0x26,
    0x67, 0xf0, 0x7, 0xff, 0x69, 0x7f, 0xff, 0x80,
    0x3f, 0xfd, 0x42, 0x67, 0xfe, 0x0, 0xe4, 0xcc,
    0xff, 0x0, 0x7f, 0xf5, 0x40,

    /* U+00CA "Ê" */
    0x0, 0xe4, 0xdd, 0x98, 0x3, 0xfc, 0x34, 0x45,
    0x49, 0x0, 0x7f, 0x58, 0x84, 0x80, 0x3c, 0x3,
    0xf2, 0xa8, 0x1d, 0xa4, 0xa, 0x0, 0x3e, 0x5f,
    0xf4, 0x3, 0x7f, 0xa0, 0x3, 0xf, 0xff, 0xff,
    0x6, 0xc0, 0x3f, 0xfb, 0x29, 0x99, 0xfd, 0x20,
    0x1c, 0x26, 0x7f, 0xc4, 0x1, 0xff, 0xd9, 0x13,
    0x3f, 0xe0, 0xf, 0x26, 0x67, 0xf0, 0x7, 0xff,
    0x69, 0x7f, 0xff, 0x80, 0x3f, 0xfd, 0x42, 0x67,
    0xfe, 0x0, 0xe4, 0xcc, 0xff, 0x0, 0x7f, 0xf5,
    0x40,

    /* U+00CB "Ë" */
    0x0, 0xc2, 0x20, 0x8, 0x46, 0x0, 0xfa, 0x3b,
    0x90, 0x0, 0xee, 0x80, 0x3f, 0xfb, 0x71, 0xfe,
    0x80, 0x7, 0xfc, 0x1, 0x87, 0xff, 0xff, 0x83,
    0x60, 0x1f, 0xfd, 0x94, 0xcc, 0xfe, 0x90, 0xe,
    0x13, 0x3f, 0xe2, 0x0, 0xff, 0xec, 0x89, 0x9f,
    0xf0, 0x7, 0x93, 0x33, 0xf8, 0x3, 0xff, 0xb4,
    0xbf, 0xff, 0xc0, 0x1f, 0xfe, 0xa1, 0x33, 0xff,
    0x0, 0x72, 0x66, 0x7f, 0x80, 0x3f, 0xfa, 0xa0,

    /* U+00CC "Ì" */
    0x9, 0xdd, 0x84, 0x1, 0x0, 0x44, 0x60, 0x0,
    0xe0, 0x84, 0x80, 0x43, 0x82, 0x26, 0x0, 0x8b,
    0xbd, 0x80, 0x7, 0xff, 0x40, 0x7, 0xff, 0xfc,
    0x3, 0xff, 0xce,

    /* U+00CD "Í" */
    0x1, 0xdd, 0xa4, 0x1, 0x24, 0x41, 0x90, 0x3,
    0x1, 0x68, 0x1, 0x84, 0x5e, 0x20, 0x6, 0xfe,
    0x20, 0x8, 0xff, 0xe8, 0x0, 0xff, 0xff, 0x80,
    0x7f, 0xfa, 0x40,

    /* U+00CE "Î" */
    0x0, 0x16, 0x6e, 0xa4, 0x3, 0xb8, 0xc8, 0x8c,
    0xa0, 0x13, 0x98, 0x40, 0x85, 0x88, 0x1c, 0x2,
    0x3e, 0x80, 0xd0, 0x1f, 0xfa, 0xc0, 0xff, 0xd6,
    0x1, 0x1f, 0xfd, 0x0, 0x1f, 0xff, 0xf0, 0xf,
    0xff, 0xf8, 0x7, 0xff, 0x54,

    /* U+00CF "Ï" */
    0x11, 0x80, 0x21, 0x1a, 0x3b, 0x8e, 0x3, 0xdd,
    0x0, 0x7f, 0xf1, 0xa7, 0xfc, 0xe0, 0x3f, 0xf0,
    0x0, 0xff, 0xe8, 0x0, 0xff, 0xff, 0x80, 0x7f,
    0xff, 0xc0, 0x3f, 0xf8, 0x40,

    /* U+00D0 "Ð" */
    0x0, 0xf, 0xff, 0xee, 0xc8, 0x10, 0xf, 0xfe,
    0x18, 0x9b, 0xf3, 0x0, 0x7f, 0xf1, 0xa5, 0x80,
    0x3f, 0x26, 0x65, 0x72, 0x60, 0x14, 0x90, 0x7,
    0xc2, 0x67, 0x23, 0x62, 0x80, 0x56, 0x1, 0xff,
    0xc2, 0xb0, 0x9, 0x80, 0x3f, 0xf8, 0x42, 0x80,
    0x11, 0x0, 0x7f, 0xf0, 0x8c, 0x2, 0x70, 0x66,
    0x0, 0x4c, 0xd9, 0x0, 0x2f, 0x0, 0x8c, 0x26,
    0x0, 0x23, 0x99, 0xb8, 0x2, 0x10, 0x8, 0x40,
    0x3f, 0xf9, 0x1f, 0xc0, 0x12, 0xff, 0xd4, 0x1,
    0x70, 0x4, 0x40, 0x1f, 0xfc, 0x22, 0x0, 0x98,
    0x3, 0xff, 0x84, 0x80, 0x11, 0x80, 0x7f, 0xf0,
    0x60, 0x40, 0xc, 0x1, 0xf0, 0x99, 0xe5, 0xb7,
    0x0, 0xac, 0x3, 0xe4, 0xcc, 0xd4, 0x80, 0x14,
    0x90, 0x7, 0xff, 0x12, 0x58, 0x3, 0xff, 0x82,
    0x27, 0x1c, 0xc0, 0x10,

    /* U+00D1 "Ñ" */
    0x0, 0xf0, 0x80, 0x62, 0x10, 0xf, 0x93, 0xfb,
    0x92, 0x8b, 0xb6, 0x1, 0xf4, 0x80, 0x5, 0xae,
    0x83, 0x40, 0x3e, 0x24, 0xfc, 0x72, 0x4, 0x70,
    0xf, 0xbe, 0xc0, 0xe3, 0x7e, 0xc0, 0x30, 0xff,
    0xda, 0x1, 0xf6, 0x7f, 0xac, 0x3, 0x13, 0x80,
    0x7f, 0xf0, 0xe0, 0x80, 0x3f, 0xf8, 0x72, 0x1,
    0xff, 0xc3, 0x44, 0x0, 0x7f, 0xf0, 0xe4, 0x3,
    0xff, 0x86, 0x4e, 0x1, 0xff, 0x38, 0x5, 0x4,
    0x1, 0xfe, 0xe9, 0x0, 0xa4, 0x3, 0xfe, 0x62,
    0x0, 0x22, 0x0, 0x3f, 0xee, 0x0, 0xa4, 0x3,
    0xfe, 0x36, 0x0, 0x13, 0x80, 0x7f, 0xd0, 0x20,
    0x8, 0x20, 0xf, 0xf0, 0xc0, 0x4, 0x20, 0x1f,
    0xf3, 0x18, 0x7, 0xff, 0xf, 0xc0, 0x3f, 0xf8,
    0x66, 0xc0, 0x1f, 0xfc, 0x38, 0x10, 0xf, 0xfe,
    0x10, 0xc0, 0x6,

    /* U+00D2 "Ò" */
    0x0, 0xe3, 0xff, 0xa4, 0x3, 0xff, 0x84, 0x76,
    0x0, 0x61, 0x0, 0xff, 0xe1, 0x25, 0x0, 0x24,
    0x3, 0xff, 0x86, 0xb0, 0x48, 0x1, 0xff, 0xc4,
    0x7d, 0xc0, 0xf, 0xfe, 0xa, 0xd6, 0xff, 0xba,
    0xdc, 0x40, 0x3f, 0x27, 0x52, 0x90, 0x0, 0x52,
    0x39, 0xc0, 0x3c, 0xb6, 0x20, 0x1f, 0xd1, 0x40,
    0x18, 0xe8, 0x2, 0x17, 0xab, 0x93, 0x0, 0x95,
    0xc0, 0x2f, 0x0, 0x93, 0xa1, 0x51, 0xb2, 0x0,
    0x28, 0x10, 0x33, 0x0, 0x6, 0xc0, 0x3c, 0xea,
    0x1, 0x48, 0x58, 0x5, 0x20, 0x1f, 0xa0, 0x2,
    0x40, 0x30, 0x9, 0x0, 0x3f, 0x10, 0x80, 0xc,
    0x1c, 0x2, 0x30, 0xf, 0xe2, 0x0, 0x84, 0x40,
    0x1f, 0xfc, 0x17, 0x0, 0x8c, 0x40, 0x21, 0x0,
    0xfe, 0x70, 0x8, 0xdc, 0x2, 0x20, 0xf, 0xe2,
    0x0, 0x84, 0xc0, 0x24, 0x0, 0xfc, 0x62, 0x0,
    0x20, 0xb0, 0xa, 0x44, 0x3, 0xe9, 0x0, 0x94,
    0xc, 0xc0, 0x1, 0xd1, 0x0, 0xe8, 0x50, 0xa,
    0x40, 0x1e, 0x1, 0x1f, 0xc2, 0xa3, 0xeb, 0x80,
    0x4e, 0x20, 0x3, 0x90, 0x8, 0x5e, 0xae, 0x8,
    0x2, 0x58, 0x0, 0xcd, 0x64, 0x1, 0xfd, 0x14,
    0x1, 0xe4, 0xda, 0x52, 0x0, 0xa, 0x47, 0x38,
    0x6,

    /* U+00D3 "Ó" */
    0x0, 0xfd, 0x5f, 0xf1, 0x80, 0x7f, 0xf0, 0x45,
    0x40, 0x16, 0x60, 0x1f, 0xfc, 0x19, 0x0, 0x52,
    0x0, 0x7f, 0xf0, 0x90, 0xa5, 0x40, 0x3f, 0xf8,
    0x79, 0xac, 0x1, 0xff, 0xc2, 0x5a, 0xdf, 0xf7,
    0x5b, 0x88, 0x7, 0xe4, 0xea, 0x52, 0x0, 0xa,
    0x47, 0x38, 0x7, 0x96, 0xc4, 0x3, 0xfa, 0x28,
    0x3, 0x1d, 0x0, 0x42, 0xf5, 0x72, 0x60, 0x12,
    0xb8, 0x5, 0xe0, 0x12, 0x74, 0x2a, 0x36, 0x40,
    0x5, 0x2, 0x6, 0x60, 0x0, 0xd8, 0x7, 0x9d,
    0x40, 0x29, 0xb, 0x0, 0xa4, 0x3, 0xf4, 0x0,
    0x48, 0x6, 0x1, 0x20, 0x7, 0xe2, 0x10, 0x1,
    0x83, 0x80, 0x46, 0x1, 0xfc, 0x40, 0x10, 0x88,
    0x3, 0xff, 0x82, 0xe0, 0x11, 0x88, 0x4, 0x20,
    0x1f, 0xce, 0x1, 0x1b, 0x80, 0x44, 0x1, 0xfc,
    0x40, 0x10, 0x98, 0x4, 0x80, 0x1f, 0x8c, 0x40,
    0x4, 0x16, 0x1, 0x48, 0x80, 0x7d, 0x20, 0x12,
    0x81, 0x98, 0x0, 0x3a, 0x20, 0x1d, 0xa, 0x1,
    0x48, 0x3, 0xc0, 0x23, 0xf8, 0x54, 0x7d, 0x70,
    0x9, 0xc4, 0x0, 0x72, 0x1, 0xb, 0xd5, 0xc1,
    0x0, 0x4b, 0x0, 0x19, 0xac, 0x80, 0x3f, 0xa2,
    0x80, 0x3c, 0x9b, 0x4a, 0x40, 0x1, 0x48, 0xe7,
    0x0, 0xc0,

    /* U+00D4 "Ô" */
    0x0, 0xf0, 0xf7, 0xfb, 0x84, 0x3, 0xff, 0x83,
    0x62, 0x0, 0x1a, 0x0, 0xff, 0xe0, 0x2a, 0x81,
    0xd8, 0x11, 0x80, 0x3f, 0xe9, 0x24, 0x89, 0x42,
    0xa1, 0x0, 0xff, 0x66, 0xd8, 0x2, 0xf7, 0x4,
    0x3, 0xfc, 0xb5, 0xbf, 0xee, 0xb7, 0x10, 0xf,
    0xc9, 0xd4, 0xa4, 0x0, 0x14, 0x8e, 0x70, 0xf,
    0x2d, 0x88, 0x7, 0xf4, 0x50, 0x6, 0x3a, 0x0,
    0x85, 0xea, 0xe4, 0xc0, 0x25, 0x70, 0xb, 0xc0,
    0x24, 0xe8, 0x54, 0x6c, 0x80, 0xa, 0x4, 0xc,
    0xc0, 0x1, 0xb0, 0xf, 0x3a, 0x80, 0x52, 0x16,
    0x1, 0x48, 0x7, 0xe8, 0x0, 0x90, 0xc, 0x2,
    0x40, 0xf, 0xc4, 0x20, 0x3, 0x7, 0x0, 0x8c,
    0x3, 0xf8, 0x80, 0x21, 0x10, 0x7, 0xff, 0x5,
    0xc0, 0x23, 0x10, 0x8, 0x40, 0x3f, 0x9c, 0x2,
    0x37, 0x0, 0x88, 0x3, 0xf8, 0x80, 0x21, 0x30,
    0x9, 0x0, 0x3f, 0x18, 0x80, 0x8, 0x2c, 0x2,
    0x91, 0x0, 0xfa, 0x40, 0x25, 0x3, 0x30, 0x0,
    0x74, 0x40, 0x3a, 0x14, 0x2, 0x90, 0x7, 0x80,
    0x47, 0xf0, 0xa8, 0xfa, 0xe0, 0x13, 0x88, 0x0,
    0xe4, 0x2, 0x17, 0xab, 0x82, 0x0, 0x96, 0x0,
    0x33, 0x59, 0x0, 0x7f, 0x45, 0x0, 0x79, 0x36,
    0x94, 0x80, 0x2, 0x91, 0xce, 0x1, 0x80,

    /* U+00D5 "Õ" */
    0x0, 0xf0, 0x88, 0x2, 0x12, 0x0, 0xff, 0xaf,
    0xb9, 0x6c, 0x75, 0xa4, 0x1, 0xfc, 0xa8, 0x0,
    0x49, 0xc4, 0x12, 0x0, 0xfe, 0xd0, 0xbe, 0xa4,
    0x1, 0xa0, 0xf, 0xf4, 0x7a, 0xa, 0xdf, 0xf2,
    0x0, 0x7f, 0xcb, 0x5b, 0xfe, 0xeb, 0x71, 0x0,
    0xfc, 0x9d, 0x4a, 0x40, 0x1, 0x48, 0xe7, 0x0,
    0xf2, 0xd8, 0x80, 0x7f, 0x45, 0x0, 0x63, 0xa0,
    0x8, 0x5e, 0xae, 0x4c, 0x2, 0x57, 0x0, 0xbc,
    0x2, 0x4e, 0x85, 0x46, 0xc8, 0x0, 0xa0, 0x40,
    0xcc, 0x0, 0x1b, 0x0, 0xf3, 0xa8, 0x5, 0x21,
    0x60, 0x14, 0x80, 0x7e, 0x80, 0x9, 0x0, 0xc0,
    0x24, 0x0, 0xfc, 0x42, 0x0, 0x30, 0x70, 0x8,
    0xc0, 0x3f, 0x88, 0x2, 0x11, 0x0, 0x7f, 0xf0,
    0x5c, 0x2, 0x31, 0x0, 0x84, 0x3, 0xf9, 0xc0,
    0x23, 0x70, 0x8, 0x80, 0x3f, 0x88, 0x2, 0x13,
    0x0, 0x90, 0x3, 0xf1, 0x88, 0x0, 0x82, 0xc0,
    0x29, 0x10, 0xf, 0xa4, 0x2, 0x50, 0x33, 0x0,
    0x7, 0x44, 0x3, 0xa1, 0x40, 0x29, 0x0, 0x78,
    0x4, 0x7f, 0xa, 0x8f, 0xae, 0x1, 0x38, 0x80,
    0xe, 0x40, 0x21, 0x7a, 0xb8, 0x20, 0x9, 0x60,
    0x3, 0x35, 0x90, 0x7, 0xf4, 0x50, 0x7, 0x93,
    0x69, 0x48, 0x0, 0x29, 0x1c, 0xe0, 0x18,

    /* U+00D6 "Ö" */
    0x0, 0xe1, 0x18, 0x0, 0x23, 0x0, 0x7f, 0x97,
    0xb9, 0x40, 0xc, 0xee, 0x18, 0x7, 0xff, 0x8d,
    0x7f, 0xd6, 0x0, 0xdf, 0xf1, 0x80, 0x7f, 0x96,
    0xb7, 0xfd, 0xd6, 0xe2, 0x1, 0xf9, 0x3a, 0x94,
    0x80, 0x2, 0x91, 0xce, 0x1, 0xe5, 0xb1, 0x0,
    0xfe, 0x8a, 0x0, 0xc7, 0x40, 0x10, 0xbd, 0x5c,
    0x98, 0x4, 0xae, 0x1, 0x78, 0x4, 0x9d, 0xa,
    0x8d, 0x90, 0x1, 0x40, 0x81, 0x98, 0x0, 0x36,
    0x1, 0xe7, 0x50, 0xa, 0x42, 0xc0, 0x29, 0x0,
    0xfd, 0x0, 0x12, 0x1, 0x80, 0x48, 0x1, 0xf8,
    0x84, 0x0, 0x60, 0xe0, 0x11, 0x80, 0x7f, 0x10,
    0x4, 0x22, 0x0, 0xff, 0xe0, 0xb8, 0x4, 0x62,
    0x1, 0x8, 0x7, 0xf3, 0x80, 0x46, 0xe0, 0x11,
    0x0, 0x7f, 0x10, 0x4, 0x26, 0x1, 0x20, 0x7,
    0xe3, 0x10, 0x1, 0x5, 0x80, 0x52, 0x20, 0x1f,
    0x48, 0x4, 0xa0, 0x66, 0x0, 0xe, 0x88, 0x7,
    0x42, 0x80, 0x52, 0x0, 0xf0, 0x8, 0xfe, 0x15,
    0x1f, 0x5c, 0x2, 0x71, 0x0, 0x1c, 0x80, 0x42,
    0xf5, 0x70, 0x40, 0x12, 0xc0, 0x6, 0x6b, 0x20,
    0xf, 0xe8, 0xa0, 0xf, 0x26, 0xd2, 0x90, 0x0,
    0x52, 0x39, 0xc0, 0x30,

    /* U+00D7 "×" */
    0x0, 0x28, 0x80, 0x79, 0x40, 0x25, 0xad, 0x0,
    0xea, 0xa4, 0x2, 0x50, 0x1e, 0x0, 0x52, 0xa0,
    0xec, 0xa4, 0x0, 0x3c, 0x9, 0x60, 0x1, 0x38,
    0xe1, 0x0, 0xf, 0x98, 0x0, 0x38, 0x20, 0x38,
    0x40, 0x1, 0x0, 0xe, 0x8, 0x4, 0x38, 0x20,
    0x1b, 0x8, 0x3, 0xa4, 0x40, 0x34, 0x80, 0x74,
    0x38, 0x7, 0x25, 0x80, 0x50, 0xe0, 0x1, 0xb1,
    0x0, 0x25, 0x82, 0xb8, 0x0, 0x71, 0x30, 0x40,
    0x9, 0xa, 0xa0, 0x1d, 0x20, 0x2c, 0x10, 0x39,
    0xa, 0x5d, 0x30, 0x8, 0xb1, 0x34, 0x40,

    /* U+00D8 "Ø" */
    0x0, 0xff, 0xe2, 0xa0, 0x80, 0x7c, 0xb5, 0xbf,
    0xee, 0xb7, 0x10, 0x3b, 0xc1, 0x0, 0xc9, 0xb4,
    0xa4, 0x0, 0x14, 0x8e, 0x8d, 0x3, 0x30, 0x4,
    0xd6, 0x40, 0x1f, 0xce, 0x21, 0xa4, 0x0, 0x39,
    0x0, 0x85, 0xee, 0xd2, 0x60, 0x19, 0xcc, 0x2,
    0xf0, 0x9, 0x3a, 0x11, 0xd, 0x84, 0x1, 0x38,
    0x80, 0xc, 0xc0, 0x1, 0xb0, 0xe, 0xa2, 0x0,
    0xcc, 0x0, 0xb0, 0xa, 0x40, 0x3a, 0x54, 0x28,
    0x2, 0xb0, 0x1, 0x80, 0x4a, 0x1, 0xa1, 0x82,
    0x94, 0x80, 0x6, 0x0, 0x60, 0x8, 0x80, 0x27,
    0x70, 0x42, 0x80, 0x80, 0x42, 0x1, 0xf9, 0x60,
    0x19, 0xc0, 0xe, 0x1, 0x18, 0x8, 0x4, 0x20,
    0x94, 0x9, 0x20, 0x13, 0x80, 0x46, 0xe, 0x1,
    0x11, 0xd8, 0x1d, 0x80, 0x62, 0x0, 0x84, 0x30,
    0x2, 0x9d, 0x1, 0xd0, 0xc, 0x62, 0x0, 0x20,
    0x2, 0x80, 0x4a, 0x22, 0xc1, 0x0, 0xd2, 0x1,
    0x28, 0x0, 0x90, 0x3, 0x51, 0x0, 0x66, 0x50,
    0xa, 0x40, 0x28, 0x0, 0xd2, 0xa4, 0x44, 0xb9,
    0x0, 0xa0, 0x40, 0x28, 0x0, 0xc5, 0x5b, 0xab,
    0x40, 0x9, 0x5c, 0x2, 0xa4, 0x5, 0x10, 0xf,
    0xe8, 0xa0, 0xc, 0x20, 0xb5, 0xd4, 0xa4, 0x0,
    0x14, 0x8e, 0x70, 0xe, 0xb8, 0xa0, 0x2, 0xd6,
    0xff, 0xba, 0xdc, 0x40, 0x38,

    /* U+00D9 "Ù" */
    0x0, 0xc5, 0xdf, 0xeb, 0x0, 0xff, 0x8b, 0x0,
    0x8, 0x60, 0x1f, 0xf1, 0x60, 0x2, 0x40, 0x3f,
    0xf8, 0x7, 0x44, 0xe2, 0x1, 0xff, 0xc0, 0x5d,
    0xd0, 0x80, 0x71, 0x7f, 0xd4, 0x1, 0xf7, 0xfd,
    0x60, 0x1f, 0xff, 0xf0, 0xf, 0xff, 0xf8, 0x7,
    0xf8, 0xc0, 0x3f, 0xc2, 0x1, 0x8, 0x80, 0x21,
    0x0, 0xff, 0xe1, 0xa8, 0x7, 0x94, 0x2, 0x20,
    0x30, 0x0, 0xb0, 0x7, 0x78, 0x5, 0xc1, 0x60,
    0x14, 0xd2, 0xa3, 0x62, 0x0, 0x4e, 0xe, 0x40,
    0x12, 0xd5, 0xc9, 0x80, 0x4e, 0x20, 0xc, 0x30,
    0xf, 0xe6, 0x80, 0x8, 0x72, 0x50, 0x40, 0x2,
    0x4d, 0x92, 0x0,

    /* U+00DA "Ú" */
    0x0, 0xf9, 0xff, 0xe4, 0x0, 0xff, 0xa4, 0x1,
    0x28, 0x1, 0xfe, 0x61, 0x8, 0x60, 0xf, 0xfb,
    0x49, 0xdc, 0x1, 0xff, 0xc0, 0xbd, 0x80, 0xf,
    0x8b, 0xfe, 0xa0, 0xf, 0xbf, 0xeb, 0x0, 0xff,
    0xff, 0x80, 0x7f, 0xff, 0xc0, 0x3f, 0xc6, 0x1,
    0xfe, 0x10, 0x8, 0x44, 0x1, 0x8, 0x7, 0xff,
    0xd, 0x40, 0x3c, 0xa0, 0x11, 0x1, 0x80, 0x5,
    0x80, 0x3b, 0xc0, 0x2e, 0xb, 0x0, 0xa6, 0x95,
    0x1b, 0x10, 0x2, 0x70, 0x72, 0x0, 0x96, 0xae,
    0x4c, 0x2, 0x71, 0x0, 0x61, 0x80, 0x7f, 0x34,
    0x0, 0x43, 0x92, 0x82, 0x0, 0x12, 0x6c, 0x90,
    0x0,

    /* U+00DB "Û" */
    0x0, 0xf4, 0xff, 0xcc, 0x1, 0xfe, 0x46, 0x0,
    0xa4, 0x80, 0x3f, 0xd, 0x1, 0x58, 0x3, 0x80,
    0x3f, 0x31, 0x9b, 0x92, 0x48, 0x54, 0x3, 0xe7,
    0xdc, 0x30, 0x6d, 0xd2, 0x80, 0x45, 0xff, 0x50,
    0x7, 0xdf, 0xf5, 0x80, 0x7f, 0xff, 0xc0, 0x3f,
    0xff, 0xe0, 0x1f, 0xe3, 0x0, 0xff, 0x8, 0x4,
    0x22, 0x0, 0x84, 0x3, 0xff, 0x86, 0xa0, 0x1e,
    0x50, 0x8, 0x80, 0xc0, 0x2, 0xc0, 0x1d, 0xe0,
    0x17, 0x5, 0x80, 0x53, 0x4a, 0x8d, 0x88, 0x1,
    0x38, 0x39, 0x0, 0x4b, 0x57, 0x26, 0x1, 0x38,
    0x80, 0x30, 0xc0, 0x3f, 0x9a, 0x0, 0x21, 0xc9,
    0x41, 0x0, 0x9, 0x36, 0x48, 0x0,

    /* U+00DC "Ü" */
    0x0, 0xc2, 0x30, 0x4, 0x23, 0x0, 0x7d, 0xdd,
    0x10, 0x3f, 0x72, 0x0, 0x3f, 0xfb, 0x7f, 0xf1,
    0x3, 0xff, 0xa4, 0x2, 0x2f, 0xfa, 0x80, 0x3e,
    0xff, 0xac, 0x3, 0xff, 0xfe, 0x1, 0xff, 0xff,
    0x0, 0xff, 0x18, 0x7, 0xf8, 0x40, 0x21, 0x10,
    0x4, 0x20, 0x1f, 0xfc, 0x35, 0x0, 0xf2, 0x80,
    0x44, 0x6, 0x0, 0x16, 0x0, 0xef, 0x0, 0xb8,
    0x2c, 0x2, 0x9a, 0x54, 0x6c, 0x40, 0x9, 0xc1,
    0xc8, 0x2, 0x5a, 0xb9, 0x30, 0x9, 0xc4, 0x1,
    0x86, 0x1, 0xfc, 0xd0, 0x1, 0xe, 0x4a, 0x8,
    0x0, 0x49, 0xb2, 0x40, 0x0,

    /* U+00DD "Ý" */
    0x0, 0xfc, 0x5b, 0xb4, 0x0, 0x7f, 0xf0, 0xac,
    0x88, 0x30, 0x1, 0xff, 0xc1, 0x16, 0x2, 0xd0,
    0xf, 0xfe, 0x13, 0x0, 0xe0, 0x80, 0x7f, 0xf0,
    0x9f, 0xf8, 0x40, 0x3f, 0xaf, 0xfe, 0xa0, 0xf,
    0x93, 0xff, 0x8, 0x48, 0x4, 0xa6, 0x1, 0xe9,
    0x0, 0xa0, 0x40, 0xa0, 0x2, 0xe0, 0xe, 0x62,
    0x0, 0x1b, 0x80, 0x4e, 0x40, 0x2, 0x60, 0xd,
    0x0, 0x17, 0x80, 0x77, 0x0, 0x50, 0x20, 0x8,
    0x10, 0x3, 0x18, 0x7, 0x1a, 0x80, 0x6, 0x0,
    0x9c, 0x0, 0x32, 0x1, 0xf5, 0x88, 0x1, 0x8a,
    0x0, 0x2b, 0x0, 0xfc, 0x30, 0x1, 0x7a, 0x80,
    0x11, 0x40, 0x3f, 0x98, 0xc0, 0x4, 0x1, 0x48,
    0x7, 0xfd, 0xc0, 0x1d, 0x4, 0x1, 0xff, 0x13,
    0x80, 0x44, 0xe0, 0x1f, 0xfc, 0x1b, 0x0, 0x94,
    0x3, 0xff, 0xfe, 0x1, 0xff, 0xf5,

    /* U+00DE "Þ" */
    0x1f, 0xfa, 0x80, 0x3f, 0xfc, 0x62, 0x64, 0x58,
    0x3, 0xfc, 0x99, 0xbb, 0xbf, 0x58, 0x3, 0xff,
    0x84, 0x53, 0x40, 0x1f, 0xfc, 0x35, 0x70, 0xe,
    0x5f, 0xfd, 0xa8, 0x1, 0x50, 0x7, 0xf8, 0xac,
    0x40, 0x4, 0x20, 0x1f, 0xf1, 0x0, 0x46, 0x1,
    0xff, 0x10, 0x4, 0x40, 0x1f, 0xc7, 0x62, 0x0,
    0x30, 0xe, 0x5f, 0xfd, 0x88, 0x1, 0x48, 0x7,
    0xff, 0x9, 0x94, 0x3, 0xff, 0x80, 0x75, 0x20,
    0x1e, 0x4c, 0xcb, 0x7b, 0xf1, 0x40, 0x3e, 0x13,
    0x38, 0x84, 0x3, 0xff, 0xb4,

    /* U+00DF "ß" */
    0x0, 0x9b, 0x3b, 0xfa, 0xd4, 0x3, 0xd7, 0x26,
    0x20, 0x29, 0x52, 0x1, 0xa1, 0x0, 0x21, 0x0,
    0x98, 0xc0, 0x26, 0x0, 0x17, 0x72, 0x0, 0x24,
    0x0, 0x8, 0x80, 0x14, 0x20, 0x80, 0x11, 0x0,
    0x8, 0x2, 0x20, 0x5, 0x0, 0x48, 0x1, 0xf8,
    0x58, 0x0, 0xc2, 0x1, 0xf9, 0x80, 0x28, 0x0,
    0xfe, 0xb0, 0x8, 0x40, 0x3f, 0x9c, 0x2, 0xa0,
    0xf, 0xe8, 0x0, 0x96, 0x40, 0x3f, 0x1d, 0x0,
    0x4d, 0x0, 0x1f, 0x96, 0xc0, 0x27, 0x40, 0xf,
    0xc9, 0x60, 0x17, 0x80, 0x7f, 0x22, 0x80, 0x14,
    0x3, 0xc3, 0x46, 0xe, 0x1, 0xf9, 0x79, 0x73,
    0xc8, 0x0, 0xe0, 0x1c, 0x84, 0x1, 0xc5, 0x0,
    0x1c, 0x3a, 0xe4, 0x2, 0xd8, 0x20,

    /* U+00E0 "à" */
    0x0, 0x93, 0xfe, 0x80, 0xf, 0xe4, 0xa0, 0x3,
    0x0, 0x7f, 0x96, 0x40, 0x58, 0x3, 0xfc, 0xd0,
    0x5a, 0x1, 0xff, 0x3e, 0xd8, 0x7, 0xe3, 0xad,
    0xff, 0x76, 0x38, 0x7, 0x36, 0x29, 0x0, 0x4,
    0xe3, 0x40, 0x22, 0x90, 0x8, 0xc8, 0x2, 0x27,
    0x0, 0x50, 0x0, 0x77, 0x37, 0x84, 0x1, 0x80,
    0x8, 0xeb, 0xa2, 0x0, 0xa, 0x80, 0x1c, 0x2,
    0x14, 0x40, 0xa3, 0xe2, 0x0, 0x78, 0x63, 0x7a,
    0xe0, 0xc0, 0x3c, 0x5e, 0xe4, 0x2, 0x90, 0x60,
    0x1d, 0x22, 0x3, 0x7d, 0x6e, 0xe0, 0xe, 0x40,
    0x3, 0xa0, 0x4, 0xc0, 0x1f, 0x94, 0x2, 0x62,
    0x0, 0xe3, 0x0, 0x1e, 0xce, 0x48, 0x4, 0x20,
    0xf, 0x0, 0x89, 0x8c, 0xc, 0x0, 0x40, 0x3,
    0xc5, 0x10, 0x14, 0xbd, 0x0, 0x94,

    /* U+00E1 "á" */
    0x0, 0xf0, 0xff, 0xd6, 0x1, 0xfc, 0xc0, 0x3,
    0xb0, 0xf, 0xe9, 0x2, 0xd0, 0xf, 0xe4, 0x33,
    0x78, 0x80, 0x7f, 0x26, 0xe1, 0x0, 0x7e, 0x3a,
    0xdf, 0xf7, 0x63, 0x80, 0x73, 0x62, 0x90, 0x0,
    0x4e, 0x34, 0x2, 0x29, 0x0, 0x8c, 0x80, 0x22,
    0x70, 0x5, 0x0, 0x7, 0x73, 0x78, 0x40, 0x18,
    0x0, 0x8e, 0xba, 0x20, 0x0, 0xa8, 0x1, 0xc0,
    0x21, 0x44, 0xa, 0x3e, 0x20, 0x7, 0x86, 0x37,
    0xae, 0xc, 0x3, 0xc5, 0xee, 0x40, 0x29, 0x6,
    0x1, 0xd2, 0x20, 0x37, 0xd6, 0xee, 0x0, 0xe4,
    0x0, 0x3a, 0x0, 0x4c, 0x1, 0xf9, 0x40, 0x26,
    0x20, 0xe, 0x30, 0x1, 0xec, 0xe4, 0x80, 0x42,
    0x0, 0xf0, 0x8, 0x98, 0xc0, 0xc0, 0x4, 0x0,
    0x3c, 0x51, 0x1, 0x4b, 0xd0, 0x9, 0x40,

    /* U+00E2 "â" */
    0x0, 0xeb, 0xff, 0x90, 0x3, 0xf3, 0x20, 0x5,
    0x42, 0x1, 0xe2, 0x90, 0x3a, 0x1, 0xb0, 0xf,
    0x59, 0x1f, 0x2b, 0x93, 0x18, 0x7, 0x4e, 0xe1,
    0x4, 0x6e, 0x18, 0x7, 0x1d, 0x6f, 0xfb, 0xb1,
    0xc0, 0x39, 0xb1, 0x48, 0x0, 0x27, 0x1a, 0x1,
    0x14, 0x80, 0x46, 0x40, 0x11, 0x38, 0x2, 0x80,
    0x3, 0xb9, 0xbc, 0x20, 0xc, 0x0, 0x47, 0x5d,
    0x10, 0x0, 0x54, 0x0, 0xe0, 0x10, 0xa2, 0x5,
    0x1f, 0x10, 0x3, 0xc3, 0x1b, 0xd7, 0x6, 0x1,
    0xe2, 0xf7, 0x20, 0x14, 0x83, 0x0, 0xe9, 0x10,
    0x1b, 0xeb, 0x77, 0x0, 0x72, 0x0, 0x1d, 0x0,
    0x26, 0x0, 0xfc, 0xa0, 0x13, 0x10, 0x7, 0x18,
    0x0, 0xf6, 0x72, 0x40, 0x21, 0x0, 0x78, 0x4,
    0x4c, 0x60, 0x60, 0x2, 0x0, 0x1e, 0x28, 0x80,
    0xa5, 0xe8, 0x4, 0xa0,

    /* U+00E3 "ã" */
    0x0, 0x93, 0x7e, 0xd4, 0x53, 0xe4, 0x3, 0xa8,
    0x81, 0x2b, 0xac, 0x3c, 0x3, 0x8, 0x93, 0x25,
    0x0, 0x6, 0xc0, 0x18, 0x76, 0x8d, 0xaf, 0xfb,
    0x0, 0x3c, 0x42, 0x1, 0x84, 0x3, 0xe3, 0xad,
    0xff, 0x76, 0x38, 0x7, 0x36, 0x29, 0x0, 0x4,
    0xe3, 0x40, 0x22, 0x90, 0x8, 0xc8, 0x2, 0x27,
    0x0, 0x50, 0x0, 0x77, 0x37, 0x84, 0x1, 0x80,
    0x8, 0xeb, 0xa2, 0x0, 0xa, 0x80, 0x1c, 0x2,
    0x14, 0x40, 0xa3, 0xe2, 0x0, 0x78, 0x63, 0x7a,
    0xe0, 0xc0, 0x3c, 0x5e, 0xe4, 0x2, 0x90, 0x60,
    0x1d, 0x22, 0x3, 0x7d, 0x6e, 0xe0, 0xe, 0x40,
    0x3, 0xa0, 0x4, 0xc0, 0x1f, 0x94, 0x2, 0x62,
    0x0, 0xe3, 0x0, 0x1e, 0xce, 0x48, 0x4, 0x20,
    0xf, 0x0, 0x89, 0x8c, 0xc, 0x0, 0x40, 0x3,
    0xc5, 0x10, 0x14, 0xbd, 0x0, 0x94,

    /* U+00E4 "ä" */
    0x0, 0xbf, 0xe1, 0x8, 0xff, 0x40, 0x7, 0xff,
    0x57, 0xba, 0x10, 0x8e, 0xe4, 0x0, 0x70, 0x8c,
    0x1, 0x8, 0x80, 0x3c, 0x75, 0xbf, 0xee, 0xc7,
    0x0, 0xe6, 0xc5, 0x20, 0x0, 0x9c, 0x68, 0x4,
    0x52, 0x1, 0x19, 0x0, 0x44, 0xe0, 0xa, 0x0,
    0xe, 0xe6, 0xf0, 0x80, 0x30, 0x1, 0x1d, 0x74,
    0x40, 0x1, 0x50, 0x3, 0x80, 0x42, 0x88, 0x14,
    0x7c, 0x40, 0xf, 0xc, 0x6f, 0x5c, 0x18, 0x7,
    0x8b, 0xdc, 0x80, 0x52, 0xc, 0x3, 0xa4, 0x40,
    0x6f, 0xad, 0xdc, 0x1, 0xc8, 0x0, 0x74, 0x0,
    0x98, 0x3, 0xf2, 0x80, 0x4c, 0x40, 0x1c, 0x60,
    0x3, 0xd9, 0xc9, 0x0, 0x84, 0x1, 0xe0, 0x11,
    0x31, 0x81, 0x80, 0x8, 0x0, 0x78, 0xa2, 0x2,
    0x97, 0xa0, 0x12, 0x80,

    /* U+00E5 "å" */
    0x0, 0xff, 0xe3, 0xa7, 0x7d, 0x0, 0x7f, 0xa9,
    0x25, 0x5c, 0x3, 0xf1, 0x8c, 0x32, 0xe8, 0x7,
    0xe2, 0xa, 0x34, 0x20, 0xf, 0xc3, 0x2f, 0x87,
    0x20, 0x1f, 0xcd, 0xd9, 0xa2, 0x1, 0xf1, 0xd6,
    0xf6, 0x76, 0x38, 0x7, 0x36, 0x29, 0x0, 0x4,
    0xe3, 0x40, 0x22, 0x90, 0x8, 0xc8, 0x2, 0x27,
    0x0, 0x50, 0x0, 0x77, 0x37, 0x84, 0x1, 0x80,
    0x8, 0xeb, 0xa2, 0x0, 0xa, 0x80, 0x1c, 0x2,
    0x14, 0x40, 0xa3, 0xe2, 0x0, 0x78, 0x63, 0x7a,
    0xe0, 0xc0, 0x3c, 0x5e, 0xe4, 0x2, 0x90, 0x60,
    0x1d, 0x22, 0x3, 0x7d, 0x6e, 0xe0, 0xe, 0x40,
    0x3, 0xa0, 0x4, 0xc0, 0x1f, 0x94, 0x2, 0x62,
    0x0, 0xe3, 0x0, 0x1e, 0xce, 0x48, 0x4, 0x20,
    0xf, 0x0, 0x89, 0x8c, 0xc, 0x0, 0x40, 0x3,
    0xc5, 0x10, 0x14, 0xbd, 0x0, 0x94,

    /* U+00E6 "æ" */
    0x0, 0xc, 0x67, 0xfd, 0x8e, 0x7, 0x5d, 0xfd,
    0x68, 0x1, 0x8f, 0xdc, 0xc0, 0x23, 0x8e, 0xc5,
    0x10, 0x14, 0xba, 0x0, 0xb4, 0x40, 0x4, 0x60,
    0x10, 0x80, 0x46, 0x20, 0x5, 0x80, 0x41, 0x0,
    0x5e, 0xe7, 0x8, 0x4, 0x7d, 0x9c, 0xe0, 0x7,
    0x24, 0xfd, 0xc4, 0x0, 0xb, 0x80, 0x5e, 0x20,
    0x8, 0x20, 0x2, 0x80, 0x8, 0xc5, 0x63, 0x18,
    0x2, 0x74, 0x4c, 0x20, 0xc, 0x1, 0x8d, 0xea,
    0x73, 0x0, 0xd7, 0x7c, 0x60, 0x6, 0x1c, 0x72,
    0x0, 0x24, 0x20, 0x7, 0xff, 0x2, 0x48, 0x1,
    0x5f, 0x6e, 0x20, 0x17, 0xff, 0xed, 0x50, 0x2,
    0x28, 0x4, 0xc0, 0x12, 0x80, 0x68, 0x63, 0x0,
    0xca, 0x40, 0x6, 0x30, 0xa, 0xc8, 0x0, 0xee,
    0x9c, 0x74, 0x0, 0xe, 0xe7, 0x48, 0x6, 0x1d,
    0xd7, 0x40, 0x0, 0x5e, 0x4, 0x2, 0x31, 0x0,
    0x4b, 0x80, 0x44, 0x20, 0x1, 0xc0, 0x1f, 0x61,
    0x1, 0x38, 0xe6, 0x8c, 0x51, 0x1, 0x38, 0xe2,
    0x0,

    /* U+00E7 "ç" */
    0x0, 0x96, 0xfb, 0xfd, 0x8e, 0x1, 0xd7, 0x48,
    0x20, 0x3, 0x8d, 0x20, 0x5, 0x20, 0x4, 0x20,
    0x11, 0x70, 0x1a, 0x80, 0xf, 0x7b, 0xd4, 0x0,
    0x6b, 0x40, 0x17, 0x10, 0x2, 0x89, 0x1d, 0x94,
    0x0, 0x44, 0x0, 0xdb, 0x70, 0x64, 0x0, 0x10,
    0xf, 0xfe, 0x51, 0x0, 0x8, 0x3, 0x90, 0xc0,
    0xa, 0x0, 0x13, 0x0, 0xd7, 0x9f, 0x34, 0x1,
    0x71, 0x0, 0x28, 0x2, 0xc3, 0x50, 0x1, 0x6f,
    0x7a, 0x80, 0x9, 0x42, 0x90, 0x2, 0x10, 0x8,
    0xbc, 0x2, 0xba, 0x40, 0x8, 0xe3, 0x48, 0x3,
    0x2e, 0x0, 0x65, 0x0, 0xf8, 0xee, 0xc4, 0x72,
    0x1, 0xf2, 0x26, 0x6, 0x0, 0xf5, 0xd4, 0xe3,
    0x5, 0x0, 0x79, 0x95, 0x89, 0x29, 0xc0, 0x20,

    /* U+00E8 "è" */
    0x0, 0x9b, 0xfe, 0x60, 0xf, 0xe6, 0x80, 0x5,
    0x80, 0x7f, 0x9d, 0x80, 0x90, 0x3, 0xfd, 0x2c,
    0x5a, 0x1, 0xff, 0x4e, 0xc8, 0x7, 0xf3, 0xe7,
    0xfb, 0x60, 0x40, 0x38, 0xb6, 0xc, 0x0, 0x4f,
    0xc8, 0x1, 0xbc, 0x80, 0x2, 0x40, 0x15, 0x90,
    0x1, 0xc8, 0x1, 0x1d, 0xba, 0x10, 0x4, 0x0,
    0x28, 0x0, 0x6e, 0x0, 0x28, 0x0, 0x28, 0x0,
    0x80, 0xe, 0x67, 0xc0, 0x11, 0x90, 0x4, 0x99,
    0x9a, 0x80, 0x26, 0x0, 0xff, 0xe0, 0x99, 0x80,
    0x26, 0xff, 0xfc, 0xc2, 0x40, 0x5, 0x0, 0xc8,
    0xea, 0x40, 0x5, 0x0, 0x1c, 0x0, 0x6, 0x62,
    0xb0, 0x1, 0x2, 0x0, 0x7e, 0xce, 0x20, 0x4,
    0x0, 0x58, 0x20, 0x1, 0x30, 0x9, 0xd8, 0x2,
    0x2e, 0x83, 0x10, 0x14, 0xb8, 0x0, 0x0,

    /* U+00E9 "é" */
    0x0, 0xf1, 0x7f, 0xd2, 0x1, 0xfd, 0x60, 0x4,
    0x90, 0xf, 0xc2, 0xc0, 0x76, 0x1, 0xfc, 0xe4,
    0x7a, 0x1, 0xfe, 0x6d, 0xc1, 0x0, 0xfe, 0x7c,
    0xff, 0x6c, 0x8, 0x7, 0x16, 0xc1, 0x80, 0x9,
    0xf9, 0x0, 0x37, 0x90, 0x0, 0x48, 0x2, 0xb2,
    0x0, 0x39, 0x0, 0x23, 0xb7, 0x42, 0x0, 0x80,
    0x5, 0x0, 0xd, 0xc0, 0x5, 0x0, 0x5, 0x0,
    0x10, 0x1, 0xcc, 0xf8, 0x2, 0x32, 0x0, 0x93,
    0x33, 0x50, 0x4, 0xc0, 0x1f, 0xfc, 0x13, 0x30,
    0x4, 0xdf, 0xff, 0x98, 0x48, 0x0, 0xa0, 0x19,
    0x1d, 0x48, 0x0, 0xa0, 0x3, 0x80, 0x0, 0xcc,
    0x56, 0x0, 0x20, 0x40, 0xf, 0xd9, 0xc4, 0x0,
    0x80, 0xb, 0x4, 0x0, 0x26, 0x1, 0x3b, 0x0,
    0x45, 0xd0, 0x62, 0x2, 0x97, 0x0, 0x0,

    /* U+00EA "ê" */
    0x0, 0xed, 0xff, 0x88, 0x3, 0xf4, 0x10, 0x5,
    0xc0, 0x1f, 0x23, 0x82, 0xc0, 0x1c, 0x0, 0x7b,
    0xc8, 0xe9, 0xd8, 0x90, 0x80, 0x3a, 0xf7, 0x0,
    0x13, 0xb8, 0x40, 0x1e, 0x7c, 0xff, 0x6c, 0x8,
    0x7, 0x16, 0xc1, 0x80, 0x9, 0xf9, 0x0, 0x37,
    0x90, 0x0, 0x48, 0x2, 0xb2, 0x0, 0x39, 0x0,
    0x23, 0xb7, 0x42, 0x0, 0x80, 0x5, 0x0, 0xd,
    0xc0, 0x5, 0x0, 0x5, 0x0, 0x10, 0x1, 0xcc,
    0xf8, 0x2, 0x32, 0x0, 0x93, 0x33, 0x50, 0x4,
    0xc0, 0x1f, 0xfc, 0x13, 0x30, 0x4, 0xdf, 0xff,
    0x98, 0x48, 0x0, 0xa0, 0x19, 0x1d, 0x48, 0x0,
    0xa0, 0x3, 0x80, 0x0, 0xcc, 0x56, 0x0, 0x20,
    0x40, 0xf, 0xd9, 0xc4, 0x0, 0x80, 0xb, 0x4,
    0x0, 0x26, 0x1, 0x3b, 0x0, 0x45, 0xd0, 0x62,
    0x2, 0x97, 0x0, 0x0,

    /* U+00EB "ë" */
    0x0, 0x17, 0xfb, 0x80, 0x17, 0xfe, 0x60, 0xf,
    0xfe, 0xa1, 0x77, 0x3c, 0x1, 0x5d, 0xc6, 0x0,
    0xe1, 0x18, 0x0, 0x23, 0x0, 0x7c, 0xf9, 0xfe,
    0xd8, 0x10, 0xe, 0x2d, 0x83, 0x0, 0x13, 0xf2,
    0x0, 0x6f, 0x20, 0x0, 0x90, 0x5, 0x64, 0x0,
    0x72, 0x0, 0x47, 0x6e, 0x84, 0x1, 0x0, 0xa,
    0x0, 0x1b, 0x80, 0xa, 0x0, 0xa, 0x0, 0x20,
    0x3, 0x99, 0xf0, 0x4, 0x64, 0x1, 0x26, 0x66,
    0xa0, 0x9, 0x80, 0x3f, 0xf8, 0x26, 0x60, 0x9,
    0xbf, 0xff, 0x30, 0x90, 0x1, 0x40, 0x32, 0x3a,
    0x90, 0x1, 0x40, 0x7, 0x0, 0x1, 0x98, 0xac,
    0x0, 0x40, 0x80, 0x1f, 0xb3, 0x88, 0x1, 0x0,
    0x16, 0x8, 0x0, 0x4c, 0x2, 0x76, 0x0, 0x8b,
    0xa0, 0xc4, 0x5, 0x2e, 0x0, 0x0,

    /* U+00EC "ì" */
    0xc, 0xff, 0x70, 0x5, 0xa4, 0x2, 0xc0, 0x1,
    0xc1, 0xb, 0x0, 0x87, 0x8, 0xc, 0x2, 0x2d,
    0xd1, 0x80, 0xb, 0xfe, 0x70, 0xf, 0xff, 0xf8,
    0x7, 0xff, 0x10,

    /* U+00ED "í" */
    0x0, 0x6f, 0xfb, 0x44, 0x14, 0x80, 0x70, 0x42,
    0x40, 0x70, 0x40, 0x84, 0xb4, 0x80, 0x5, 0xba,
    0x30, 0x8, 0xbf, 0xe7, 0x0, 0xff, 0xff, 0x80,
    0x7f, 0xf1, 0x80,

    /* U+00EE "î" */
    0x0, 0x2f, 0xfd, 0x40, 0x10, 0xd8, 0x4, 0xaa,
    0x0, 0x50, 0x85, 0x90, 0x58, 0xa3, 0x14, 0xa7,
    0x19, 0xa5, 0x37, 0x4c, 0x7, 0x9b, 0x0, 0x2,
    0xff, 0x9c, 0x3, 0xff, 0xfe, 0x1, 0xff, 0xe0,

    /* U+00EF "ï" */
    0x9f, 0xf3, 0x81, 0x7f, 0xb8, 0x3, 0xff, 0x8d,
    0x1d, 0xc7, 0x2, 0xee, 0x78, 0x8c, 0x1, 0x8,
    0xc0, 0x2, 0xff, 0x9c, 0x3, 0xff, 0xfe, 0x1,
    0xff, 0xe0,

    /* U+00F0 "ð" */
    0x0, 0x8f, 0xbf, 0xd0, 0x2f, 0x60, 0x1e, 0x3f,
    0x30, 0x7e, 0x93, 0x0, 0xf8, 0xd8, 0x2, 0x58,
    0x0, 0xf3, 0xeb, 0xc9, 0x82, 0x50, 0x7, 0x92,
    0xf5, 0xb4, 0x0, 0xac, 0x1, 0xcd, 0x1f, 0xd4,
    0x80, 0x9, 0x10, 0xa, 0xa8, 0x60, 0x28, 0x80,
    0xa, 0x0, 0x12, 0xa0, 0x10, 0x88, 0x3, 0x30,
    0x9b, 0x0, 0x6, 0xfb, 0x94, 0x1, 0x9e, 0x80,
    0x2b, 0x40, 0x2, 0xc0, 0x5, 0x88, 0x1, 0x28,
    0x6, 0x70, 0x9, 0xcc, 0x0, 0x40, 0x1e, 0x20,
    0x1, 0x80, 0x7f, 0xf0, 0x4c, 0x80, 0x4, 0x1,
    0xe2, 0x0, 0x32, 0x0, 0x4e, 0x1, 0x9c, 0x2,
    0xc9, 0x0, 0xa1, 0x40, 0xd, 0x0, 0x13, 0xc,
    0x80, 0x55, 0xfe, 0x90, 0xa, 0x84, 0x1a, 0x0,
    0x3f, 0x4a, 0x80, 0x4f, 0xac, 0x40, 0x2, 0x7e,
    0x60, 0x0,

    /* U+00F1 "ñ" */
    0x0, 0x9f, 0xb9, 0x48, 0x11, 0xea, 0x1, 0x8a,
    0x4, 0x4b, 0x7e, 0xe0, 0xe0, 0x19, 0xc1, 0xf2,
    0x8, 0x0, 0xe4, 0x1, 0x97, 0x60, 0xdf, 0x7b,
    0x90, 0x1, 0xe2, 0x0, 0xc2, 0x20, 0xc, 0x5f,
    0xf1, 0xc, 0x6f, 0xf5, 0x10, 0x7, 0x9f, 0xdc,
    0x80, 0x57, 0x4c, 0x3, 0xa8, 0x44, 0x60, 0x1a,
    0x0, 0x3d, 0x1d, 0x9a, 0x20, 0x4, 0x0, 0xe3,
    0x70, 0x1, 0x38, 0x4, 0x20, 0x19, 0x0, 0x37,
    0x0, 0x7e, 0xe0, 0xf, 0xc6, 0x1, 0xff, 0xff,
    0x0, 0xff, 0xe5, 0x80,

    /* U+00F2 "ò" */
    0x0, 0xa3, 0xfe, 0x40, 0xf, 0xe8, 0x60, 0x7,
    0x80, 0x7f, 0xa5, 0x41, 0x8, 0x3, 0xfd, 0x48,
    0x54, 0x1, 0xff, 0x5e, 0xc0, 0x7, 0xe2, 0x8d,
    0xff, 0x6c, 0x90, 0x7, 0x3e, 0xb9, 0x0, 0x9,
    0xb5, 0xc0, 0x26, 0x80, 0xf, 0xd0, 0xc0, 0x32,
    0x1, 0x57, 0xfa, 0x80, 0x29, 0x19, 0x0, 0xa9,
    0x40, 0xb, 0x20, 0x14, 0xa0, 0x0, 0x54, 0x3,
    0x30, 0x80, 0x10, 0x80, 0x4, 0x1, 0xe2, 0x0,
    0x10, 0x7, 0xff, 0x8, 0x80, 0x4, 0x1, 0xe2,
    0x0, 0x12, 0x0, 0x5, 0x80, 0x33, 0x8, 0x1,
    0x28, 0x2, 0x95, 0x0, 0x2c, 0x80, 0x52, 0x50,
    0x1, 0x57, 0xfa, 0x80, 0x29, 0x10, 0x78, 0x0,
    0xfd, 0x2c, 0x1, 0x3e, 0xb9, 0x0, 0x9, 0xb9,
    0x80, 0x0,

    /* U+00F3 "ó" */
    0x0, 0xf2, 0x7f, 0xce, 0x1, 0xfd, 0xe0, 0x6,
    0x70, 0xf, 0xc4, 0x80, 0xb2, 0x1, 0xfd, 0x44,
    0x94, 0x1, 0xfe, 0x8d, 0xb0, 0xf, 0xe2, 0x8d,
    0xff, 0x6c, 0x90, 0x7, 0x3e, 0xb9, 0x0, 0x9,
    0xb5, 0xc0, 0x26, 0x80, 0xf, 0xd0, 0xc0, 0x32,
    0x1, 0x57, 0xfa, 0x80, 0x29, 0x19, 0x0, 0xa9,
    0x40, 0xb, 0x20, 0x14, 0xa0, 0x0, 0x54, 0x3,
    0x30, 0x80, 0x10, 0x80, 0x4, 0x1, 0xe2, 0x0,
    0x10, 0x7, 0xff, 0x8, 0x80, 0x4, 0x1, 0xe2,
    0x0, 0x12, 0x0, 0x5, 0x80, 0x33, 0x8, 0x1,
    0x28, 0x2, 0x95, 0x0, 0x2c, 0x80, 0x52, 0x50,
    0x1, 0x57, 0xfa, 0x80, 0x29, 0x10, 0x78, 0x0,
    0xfd, 0x2c, 0x1, 0x3e, 0xb9, 0x0, 0x9, 0xb9,
    0x80, 0x0,

    /* U+00F4 "ô" */
    0x0, 0xc3, 0xdf, 0xee, 0x10, 0xf, 0xd4, 0x20,
    0x1, 0xa0, 0xf, 0x99, 0x1, 0xd8, 0x11, 0x80,
    0x38, 0x68, 0x92, 0x25, 0xa, 0x84, 0x3, 0xe,
    0x6d, 0x80, 0x2f, 0x70, 0x40, 0x38, 0xa3, 0x7f,
    0xdb, 0x24, 0x1, 0xcf, 0xae, 0x40, 0x2, 0x6d,
    0x70, 0x9, 0xa0, 0x3, 0xf4, 0x30, 0xc, 0x80,
    0x55, 0xfe, 0xa0, 0xa, 0x46, 0x40, 0x2a, 0x50,
    0x2, 0xc8, 0x5, 0x28, 0x0, 0x15, 0x0, 0xcc,
    0x20, 0x4, 0x20, 0x1, 0x0, 0x78, 0x80, 0x4,
    0x1, 0xff, 0xc2, 0x20, 0x1, 0x0, 0x78, 0x80,
    0x4, 0x80, 0x1, 0x60, 0xc, 0xc2, 0x0, 0x4a,
    0x0, 0xa5, 0x40, 0xb, 0x20, 0x14, 0x94, 0x0,
    0x55, 0xfe, 0xa0, 0xa, 0x44, 0x1e, 0x0, 0x3f,
    0x4b, 0x0, 0x4f, 0xae, 0x40, 0x2, 0x6e, 0x60,
    0x0,

    /* U+00F5 "õ" */
    0x0, 0x9f, 0xb9, 0x48, 0x11, 0xea, 0x1, 0x8a,
    0x4, 0x4b, 0x7e, 0xe0, 0xe0, 0x19, 0xc1, 0xf2,
    0x8, 0x0, 0xc4, 0x1, 0x97, 0x60, 0xdf, 0x7b,
    0x92, 0x1, 0xe2, 0x0, 0xc2, 0x20, 0xf, 0x8a,
    0x37, 0xfd, 0xb2, 0x40, 0x1c, 0xfa, 0xe4, 0x0,
    0x26, 0xd7, 0x0, 0x9a, 0x0, 0x3f, 0x43, 0x0,
    0xc8, 0x5, 0x5f, 0xea, 0x0, 0xa4, 0x64, 0x2,
    0xa5, 0x0, 0x2c, 0x80, 0x52, 0x80, 0x1, 0x50,
    0xc, 0xc2, 0x0, 0x42, 0x0, 0x10, 0x7, 0x88,
    0x0, 0x40, 0x1f, 0xfc, 0x22, 0x0, 0x10, 0x7,
    0x88, 0x0, 0x48, 0x0, 0x16, 0x0, 0xcc, 0x20,
    0x4, 0xa0, 0xa, 0x54, 0x0, 0xb2, 0x1, 0x49,
    0x40, 0x5, 0x5f, 0xea, 0x0, 0xa4, 0x41, 0xe0,
    0x3, 0xf4, 0xb0, 0x4, 0xfa, 0xe4, 0x0, 0x26,
    0xe6, 0x0, 0x0,

    /* U+00F6 "ö" */
    0x0, 0x37, 0xfa, 0x80, 0x1f, 0xf1, 0x0, 0x7f,
    0xf5, 0x1b, 0xb9, 0x60, 0xe, 0xe8, 0x80, 0x38,
    0x46, 0x0, 0x8, 0xc0, 0x1e, 0x28, 0xdf, 0xf6,
    0xc9, 0x0, 0x73, 0xeb, 0x90, 0x0, 0x9b, 0x5c,
    0x2, 0x68, 0x0, 0xfd, 0xc, 0x3, 0x20, 0x15,
    0x7f, 0xa8, 0x2, 0x91, 0x90, 0xa, 0x94, 0x0,
    0xb2, 0x1, 0x4a, 0x0, 0x5, 0x40, 0x33, 0x8,
    0x1, 0x8, 0x0, 0x40, 0x1e, 0x20, 0x1, 0x0,
    0x7f, 0xf0, 0x88, 0x0, 0x40, 0x1e, 0x20, 0x1,
    0x20, 0x0, 0x58, 0x3, 0x30, 0x80, 0x12, 0x80,
    0x29, 0x50, 0x2, 0xc8, 0x5, 0x25, 0x0, 0x15,
    0x7f, 0xa8, 0x2, 0x91, 0x7, 0x80, 0xf, 0xd2,
    0xc0, 0x13, 0xeb, 0x90, 0x0, 0x9b, 0x98, 0x0,

    /* U+00F7 "÷" */
    0x0, 0xea, 0xff, 0x70, 0x7, 0xff, 0x6b, 0x15,
    0x4e, 0x1, 0xfe, 0x6a, 0xa4, 0x80, 0x71, 0x33,
    0x7f, 0xf0, 0x11, 0x13, 0x3f, 0xfc, 0xe, 0x0,
    0xff, 0xe8, 0x37, 0xff, 0xff, 0x2, 0x80, 0x39,
    0xaa, 0x92, 0x1, 0xfe, 0xc5, 0x53, 0x80, 0x7f,
    0xf5, 0x40,

    /* U+00F8 "ø" */
    0x0, 0xff, 0xe0, 0x18, 0x7, 0x14, 0xef, 0xfb,
    0x64, 0x9f, 0x18, 0x2, 0x6d, 0x62, 0x0, 0x13,
    0x6c, 0x2, 0x0, 0x1a, 0x40, 0x22, 0x20, 0x6,
    0x62, 0x1, 0x90, 0x0, 0xe6, 0xea, 0x80, 0x26,
    0x20, 0x90, 0xa, 0x8c, 0x6, 0x0, 0x35, 0x82,
    0x0, 0x9, 0x0, 0x1a, 0x50, 0x80, 0x4, 0x1,
    0x0, 0x30, 0x2, 0xcd, 0x9c, 0xc0, 0x4, 0x1,
    0xe9, 0x44, 0x48, 0x8, 0x6, 0x60, 0x3, 0x3b,
    0x15, 0x0, 0x8, 0x0, 0x41, 0xa0, 0x2, 0x81,
    0xf1, 0x3, 0x40, 0x2, 0x3, 0x0, 0x69, 0x20,
    0x2e, 0x0, 0xac, 0x1, 0x0, 0x14, 0x76, 0xe8,
    0x80, 0x10, 0x40, 0x34, 0x1, 0x84, 0x80, 0x28,
    0x70, 0x3, 0x12, 0xeb, 0x10, 0x0, 0x9b, 0x5c,
    0x2, 0x7a, 0xa1, 0x4e, 0xff, 0xb6, 0x48, 0x3,
    0x0,

    /* U+00F9 "ù" */
    0x0, 0xa7, 0xfe, 0x30, 0xf, 0xe9, 0x50, 0x4,
    0x80, 0x7f, 0xa9, 0x1, 0x44, 0x3, 0xfd, 0x68,
    0x4c, 0x1, 0xff, 0x5e, 0xb8, 0x7, 0x1f, 0xfc,
    0xa0, 0x1a, 0x3f, 0xe0, 0xf, 0xff, 0xf8, 0x7,
    0xff, 0x40, 0xc0, 0x30, 0x80, 0x61, 0x0, 0x84,
    0x3, 0x20, 0x6, 0x20, 0xa, 0x84, 0x1, 0x4,
    0x1, 0xc6, 0x0, 0x2e, 0xce, 0x70, 0xf, 0x78,
    0x6, 0x31, 0x29, 0x0, 0xe3, 0xd5, 0x10, 0x28,
    0xd2, 0x0, 0xc0,

    /* U+00FA "ú" */
    0x0, 0xf2, 0xff, 0xcc, 0x1, 0xfd, 0x20, 0x7,
    0x60, 0xf, 0xc8, 0x60, 0xd0, 0x1, 0xfd, 0xa4,
    0xb2, 0x1, 0xfe, 0x9d, 0xa0, 0xf, 0x1f, 0xfc,
    0xa0, 0x1a, 0x3f, 0xe0, 0xf, 0xff, 0xf8, 0x7,
    0xff, 0x40, 0xc0, 0x30, 0x80, 0x61, 0x0, 0x84,
    0x3, 0x20, 0x6, 0x20, 0xa, 0x84, 0x1, 0x4,
    0x1, 0xc6, 0x0, 0x2e, 0xce, 0x70, 0xf, 0x78,
    0x6, 0x31, 0x29, 0x0, 0xe3, 0xd5, 0x10, 0x28,
    0xd2, 0x0, 0xc0,

    /* U+00FB "û" */
    0x0, 0xc3, 0xff, 0x70, 0x7, 0xf5, 0x0, 0x43,
    0x40, 0x1f, 0x3a, 0x4, 0x28, 0x2a, 0x80, 0x38,
    0x6c, 0x95, 0xe9, 0xb, 0x80, 0x38, 0x73, 0x68,
    0x1, 0x7b, 0x60, 0x11, 0xff, 0xca, 0x1, 0xa3,
    0xfe, 0x0, 0xff, 0xff, 0x80, 0x7f, 0xf4, 0xc,
    0x3, 0x8, 0x6, 0x10, 0x8, 0x40, 0x32, 0x0,
    0x62, 0x0, 0xa8, 0x40, 0x10, 0x40, 0x1c, 0x60,
    0x2, 0xec, 0xe7, 0x0, 0xf7, 0x80, 0x63, 0x12,
    0x90, 0xe, 0x3d, 0x51, 0x2, 0x8d, 0x20, 0xc,

    /* U+00FC "ü" */
    0x0, 0x2f, 0xfa, 0xc0, 0x1d, 0xfe, 0x30, 0xf,
    0xfe, 0xa2, 0xf7, 0x28, 0x1, 0xfd, 0xc3, 0x0,
    0xe1, 0x18, 0x0, 0x23, 0x0, 0x47, 0xff, 0x28,
    0x6, 0x8f, 0xf8, 0x3, 0xff, 0xfe, 0x1, 0xff,
    0xd0, 0x30, 0xc, 0x20, 0x18, 0x40, 0x21, 0x0,
    0xc8, 0x1, 0x88, 0x2, 0xa1, 0x0, 0x41, 0x0,
    0x71, 0x80, 0xb, 0xb3, 0x9c, 0x3, 0xde, 0x1,
    0x8c, 0x4a, 0x40, 0x38, 0xf5, 0x44, 0xa, 0x34,
    0x80, 0x30,

    /* U+00FD "ý" */
    0x0, 0xf1, 0x7f, 0xd2, 0x1, 0xfe, 0xb0, 0x2,
    0x48, 0x7, 0xf0, 0xb0, 0x1d, 0x80, 0x7f, 0x9c,
    0x8f, 0x40, 0x3f, 0xe6, 0xdc, 0x10, 0xf, 0x57,
    0xfc, 0x40, 0x1d, 0xbf, 0xed, 0xe, 0x0, 0x94,
    0x3, 0x11, 0x0, 0x14, 0x8, 0x40, 0xb, 0x0,
    0xca, 0x1, 0x28, 0x2, 0x80, 0x6, 0x40, 0x15,
    0x80, 0xc, 0x80, 0xc, 0x1, 0x28, 0x0, 0x8c,
    0x1, 0x40, 0x10, 0xa0, 0x2, 0x80, 0xa, 0x1,
    0x30, 0x6, 0xe0, 0x1, 0x10, 0x2c, 0x0, 0xa0,
    0x1c, 0xa0, 0x15, 0x9, 0x80, 0x38, 0x3, 0xcc,
    0x0, 0x56, 0x0, 0xa, 0x0, 0x7a, 0x80, 0x5,
    0x20, 0x7, 0x0, 0xf8, 0xc8, 0x0, 0x20, 0xa,
    0x0, 0xfd, 0x40, 0x18, 0x8c, 0x3, 0xf3, 0x0,
    0x6a, 0x0, 0xfe, 0x13, 0x0, 0x98, 0x3, 0xf8,
    0x4c, 0x0, 0x82, 0x1, 0xf8, 0x68, 0x2, 0xe0,
    0xf, 0xbb, 0xa4, 0x0, 0x12, 0x80, 0x7c, 0x42,
    0x1, 0xb8, 0x3, 0xf2, 0x8, 0x12, 0xe1, 0x80,
    0x7c,

    /* U+00FE "þ" */
    0x3f, 0xf9, 0x40, 0x3f, 0xff, 0x45, 0x5d, 0xfa,
    0xe0, 0x1f, 0x66, 0xa8, 0x81, 0x46, 0x88, 0x7,
    0x30, 0x9, 0x0, 0x45, 0x40, 0x1e, 0x8e, 0xde,
    0x30, 0x2, 0x20, 0x3, 0x23, 0x80, 0x7, 0x80,
    0x2d, 0x0, 0xda, 0x1, 0x88, 0x80, 0x5, 0x0,
    0xc6, 0x1, 0xcc, 0x0, 0x20, 0xf, 0xfe, 0x31,
    0x0, 0x73, 0x0, 0x8, 0x3, 0x50, 0x6, 0x22,
    0x0, 0x14, 0x3, 0x15, 0x8, 0x17, 0x80, 0x54,
    0x1, 0xcb, 0xdc, 0xd2, 0x0, 0x21, 0x80, 0x67,
    0x10, 0x10, 0x8, 0xe8, 0x3, 0xb7, 0xd4, 0x40,
    0xa3, 0x4, 0x3, 0xc3, 0x5d, 0xfa, 0xe0, 0x1f,
    0xfe, 0xf0,

    /* U+00FF "ÿ" */
    0x0, 0xf, 0xfc, 0x0, 0xaf, 0xf3, 0x80, 0x7f,
    0xf5, 0xc7, 0xba, 0x0, 0x5f, 0x71, 0xc0, 0x3c,
    0x23, 0x0, 0x4, 0x60, 0xd, 0x5f, 0xf1, 0x0,
    0x76, 0xff, 0xb4, 0x38, 0x2, 0x50, 0xc, 0x44,
    0x0, 0x50, 0x21, 0x0, 0x2c, 0x3, 0x28, 0x4,
    0xa0, 0xa, 0x0, 0x19, 0x0, 0x56, 0x0, 0x32,
    0x0, 0x30, 0x4, 0xa0, 0x2, 0x30, 0x5, 0x0,
    0x42, 0x80, 0xa, 0x0, 0x28, 0x4, 0xc0, 0x1b,
    0x80, 0x4, 0x40, 0xb0, 0x2, 0x80, 0x72, 0x80,
    0x54, 0x26, 0x0, 0xe0, 0xf, 0x30, 0x1, 0x58,
    0x0, 0x28, 0x1, 0xea, 0x0, 0x14, 0x80, 0x1c,
    0x3, 0xe3, 0x20, 0x0, 0x80, 0x28, 0x3, 0xf5,
    0x0, 0x62, 0x30, 0xf, 0xcc, 0x1, 0xa8, 0x3,
    0xf8, 0x4c, 0x2, 0x60, 0xf, 0xe1, 0x30, 0x2,
    0x8, 0x7, 0xe1, 0xa0, 0xb, 0x80, 0x3e, 0xee,
    0x90, 0x0, 0x4a, 0x1, 0xf1, 0x8, 0x6, 0xe0,
    0xf, 0xc8, 0x20, 0x4b, 0x86, 0x1, 0xf0,

    /* U+0100 "Ā" */
    0x0, 0xed, 0xff, 0xf9, 0x40, 0x3f, 0xfa, 0x31,
    0x33, 0xf2, 0x0, 0x7f, 0x95, 0x9b, 0xe1, 0x0,
    0xff, 0xe0, 0x77, 0xfc, 0xc0, 0x1f, 0xfc, 0x15,
    0x10, 0xa, 0x80, 0x3f, 0xf8, 0x3c, 0x1, 0x8c,
    0xc0, 0x1f, 0xf0, 0xa0, 0x7, 0x50, 0x7, 0xfc,
    0xc0, 0x10, 0x80, 0x18, 0x3, 0xfe, 0xa0, 0x1,
    0x48, 0x4, 0xc0, 0x1f, 0xc6, 0x40, 0x5, 0x50,
    0x5, 0x40, 0x1f, 0xd4, 0x1, 0x51, 0x18, 0x0,
    0xc8, 0x3, 0xf3, 0x0, 0x8, 0x81, 0x40, 0x15,
    0x0, 0x7c, 0xc0, 0x15, 0x0, 0x1c, 0x2, 0x60,
    0xf, 0xa8, 0x2, 0x50, 0x0, 0xa0, 0x0, 0x54,
    0x3, 0x88, 0xc0, 0x4, 0x26, 0x78, 0x2, 0xe0,
    0xe, 0xa0, 0x8, 0xb3, 0x33, 0x80, 0x48, 0x40,
    0x19, 0x80, 0x3f, 0xf8, 0x34, 0x1, 0x20, 0x80,
    0x7f, 0xf0, 0x58, 0x2, 0xe0, 0xa, 0xbf, 0xfe,
    0x20, 0x0, 0xa0, 0xa, 0x80, 0x5, 0x40, 0x3e,
    0xb0, 0xb, 0xc1, 0xc0, 0x26, 0x0, 0xfc, 0xc0,
    0x12, 0xd, 0x0, 0x54, 0x1, 0xfc, 0xc0, 0x13,
    0x0,

    /* U+0101 "ā" */
    0x0, 0x95, 0x9b, 0xe1, 0x0, 0xe8, 0x99, 0xf9,
    0x0, 0x3f, 0xf8, 0xfb, 0xff, 0xf2, 0x80, 0x7f,
    0xf1, 0xce, 0xb7, 0xfd, 0xd8, 0xe0, 0x1c, 0xd8,
    0xa4, 0x0, 0x13, 0x8d, 0x0, 0x8a, 0x40, 0x23,
    0x20, 0x8, 0x9c, 0x1, 0x40, 0x1, 0xdc, 0xde,
    0x10, 0x6, 0x0, 0x23, 0xae, 0x88, 0x0, 0x2a,
    0x0, 0x70, 0x8, 0x51, 0x2, 0x8f, 0x88, 0x1,
    0xe1, 0x8d, 0xeb, 0x83, 0x0, 0xf1, 0x7b, 0x90,
    0xa, 0x41, 0x80, 0x74, 0x88, 0xd, 0xf5, 0xbb,
    0x80, 0x39, 0x0, 0xe, 0x80, 0x13, 0x0, 0x7e,
    0x50, 0x9, 0x88, 0x3, 0x8c, 0x0, 0x7b, 0x39,
    0x20, 0x10, 0x80, 0x3c, 0x2, 0x26, 0x30, 0x30,
    0x1, 0x0, 0xf, 0x14, 0x40, 0x52, 0xf4, 0x2,
    0x50,

    /* U+0102 "Ă" */
    0x0, 0xe4, 0x81, 0x0, 0x92, 0x4, 0x3, 0xfc,
    0x2f, 0x0, 0x2, 0x97, 0x0, 0xff, 0x94, 0xdb,
    0xfb, 0x49, 0xc4, 0x3, 0xfe, 0xd6, 0x11, 0x14,
    0xc0, 0x7, 0xff, 0x0, 0x67, 0xbf, 0x58, 0x3,
    0xff, 0x85, 0xdf, 0xf3, 0x0, 0x7f, 0xf0, 0x54,
    0x40, 0x2a, 0x0, 0xff, 0xe0, 0xf0, 0x6, 0x33,
    0x0, 0x7f, 0xc2, 0x80, 0x1d, 0x40, 0x1f, 0xf3,
    0x0, 0x42, 0x0, 0x60, 0xf, 0xfa, 0x80, 0x5,
    0x20, 0x13, 0x0, 0x7f, 0x19, 0x0, 0x15, 0x40,
    0x15, 0x0, 0x7f, 0x50, 0x5, 0x44, 0x60, 0x3,
    0x20, 0xf, 0xcc, 0x0, 0x22, 0x5, 0x0, 0x54,
    0x1, 0xf3, 0x0, 0x54, 0x0, 0x70, 0x9, 0x80,
    0x3e, 0xa0, 0x9, 0x40, 0x2, 0x80, 0x1, 0x50,
    0xe, 0x23, 0x0, 0x10, 0x99, 0xe0, 0xb, 0x80,
    0x3a, 0x80, 0x22, 0xcc, 0xce, 0x1, 0x21, 0x0,
    0x66, 0x0, 0xff, 0xe0, 0xd0, 0x4, 0x82, 0x1,
    0xff, 0xc1, 0x60, 0xb, 0x80, 0x2a, 0xff, 0xf8,
    0x80, 0x2, 0x80, 0x2a, 0x0, 0x15, 0x0, 0xfa,
    0xc0, 0x2f, 0x7, 0x0, 0x98, 0x3, 0xf3, 0x0,
    0x48, 0x34, 0x1, 0x50, 0x7, 0xf3, 0x0, 0x4c,

    /* U+0103 "ă" */
    0x0, 0xa7, 0xd4, 0x0, 0x3b, 0xe0, 0x1e, 0xb0,
    0xaf, 0xee, 0x13, 0x80, 0x78, 0xb1, 0x4, 0x45,
    0x30, 0x1, 0xf1, 0xdf, 0x7e, 0xb0, 0x7, 0xff,
    0x24, 0xeb, 0x7f, 0xdd, 0x8e, 0x1, 0xcd, 0x8a,
    0x40, 0x1, 0x38, 0xd0, 0x8, 0xa4, 0x2, 0x32,
    0x0, 0x89, 0xc0, 0x14, 0x0, 0x1d, 0xcd, 0xe1,
    0x0, 0x60, 0x2, 0x3a, 0xe8, 0x80, 0x2, 0xa0,
    0x7, 0x0, 0x85, 0x10, 0x28, 0xf8, 0x80, 0x1e,
    0x18, 0xde, 0xb8, 0x30, 0xf, 0x17, 0xb9, 0x0,
    0xa4, 0x18, 0x7, 0x48, 0x80, 0xdf, 0x5b, 0xb8,
    0x3, 0x90, 0x0, 0xe8, 0x1, 0x30, 0x7, 0xe5,
    0x0, 0x98, 0x80, 0x38, 0xc0, 0x7, 0xb3, 0x92,
    0x1, 0x8, 0x3, 0xc0, 0x22, 0x63, 0x3, 0x0,
    0x10, 0x0, 0xf1, 0x44, 0x5, 0x2f, 0x40, 0x25,

    /* U+0104 "Ą" */
    0x0, 0xfb, 0xbf, 0xe6, 0x0, 0xff, 0xe0, 0xa8,
    0x80, 0x54, 0x1, 0xff, 0xc1, 0xe0, 0xc, 0x66,
    0x0, 0xff, 0x85, 0x0, 0x3a, 0x80, 0x3f, 0xe6,
    0x0, 0x8c, 0x0, 0xc0, 0x1f, 0xf5, 0x0, 0x12,
    0x40, 0x26, 0x0, 0xfe, 0x32, 0x0, 0x72, 0x88,
    0x2, 0x80, 0x3f, 0xa8, 0x2, 0x50, 0x70, 0x1,
    0x90, 0x7, 0xe6, 0x0, 0x30, 0x2, 0x80, 0x2a,
    0x0, 0xf9, 0x80, 0x2a, 0x0, 0x19, 0x0, 0x18,
    0x3, 0xea, 0x0, 0x11, 0x80, 0x54, 0x0, 0x15,
    0x0, 0xe2, 0x30, 0x1, 0x7f, 0xe8, 0x0, 0xb8,
    0x3, 0xa8, 0x3, 0xff, 0x80, 0x84, 0x1, 0x98,
    0x3, 0xff, 0x83, 0x40, 0x12, 0x8, 0x1, 0xf3,
    0x3e, 0x10, 0x3, 0x0, 0x5c, 0x1, 0x49, 0x9f,
    0xce, 0x0, 0x14, 0x1, 0x50, 0x1, 0x88, 0x7,
    0xda, 0x1, 0x78, 0x38, 0x5, 0x60, 0x1f, 0x90,
    0x40, 0x8, 0x34, 0x1, 0x28, 0x7, 0xf3, 0x80,
    0x4d, 0x9f, 0xf1, 0x0, 0x7f, 0x58, 0x8b, 0x9c,
    0x3, 0xff, 0x85, 0xe2, 0xc2, 0x1, 0xff, 0xc2,
    0x22, 0x2, 0xba, 0x0, 0x7f, 0xf0, 0x4c, 0x0,
    0x50, 0x60, 0x1f, 0xfc, 0x11, 0xb2, 0x2, 0x30,

    /* U+0105 "ą" */
    0x0, 0x8e, 0xb7, 0xfd, 0xd8, 0xe0, 0x1c, 0xd8,
    0xa4, 0x0, 0x13, 0x8d, 0x0, 0x8a, 0x40, 0x23,
    0x20, 0x8, 0x9c, 0x1, 0x40, 0x1, 0xdc, 0xde,
    0x10, 0x6, 0x0, 0x23, 0xae, 0x88, 0x0, 0x2a,
    0x0, 0x70, 0x8, 0x51, 0x2, 0x8f, 0x88, 0x1,
    0xe1, 0x8d, 0xeb, 0x83, 0x0, 0xf1, 0x7b, 0x90,
    0xa, 0x41, 0x80, 0x74, 0x88, 0xd, 0xf5, 0xbb,
    0x80, 0x39, 0x0, 0xe, 0x80, 0x13, 0x0, 0x7e,
    0x50, 0x9, 0x88, 0x3, 0x8c, 0x0, 0x7b, 0x39,
    0x20, 0x10, 0x80, 0x3c, 0x2, 0x26, 0x30, 0x30,
    0x1, 0x0, 0xf, 0x14, 0x40, 0x52, 0xf4, 0x2,
    0x50, 0x1, 0xd7, 0x7f, 0x5a, 0x9, 0x85, 0xa8,
    0x7, 0xf4, 0x99, 0x90, 0x3, 0xfc, 0xe0, 0x6e,
    0xc0, 0x1f, 0xc4, 0x0, 0x8d, 0x0, 0xfe, 0xe4,
    0x1, 0xc0,

    /* U+0106 "Ć" */
    0x0, 0xf8, 0xbf, 0xe9, 0x0, 0xff, 0xe0, 0x58,
    0x1, 0x24, 0x3, 0xfe, 0x16, 0x3, 0xb0, 0xf,
    0xfe, 0x3, 0x91, 0xe8, 0x7, 0xff, 0x5, 0xb7,
    0x4, 0x3, 0xff, 0x80, 0xb5, 0xbf, 0xed, 0xa4,
    0x0, 0xf8, 0xf6, 0x94, 0x80, 0x4, 0xb7, 0x61,
    0x0, 0xc9, 0x84, 0x1, 0xf9, 0x30, 0x2, 0x2b,
    0x0, 0x8a, 0x2e, 0x54, 0x2, 0x29, 0x0, 0x40,
    0x4, 0xba, 0xe8, 0xd5, 0x40, 0x9, 0x84, 0x4a,
    0x0, 0x2a, 0x0, 0xe5, 0x50, 0xa, 0x9b, 0x80,
    0x54, 0x1, 0xf5, 0xf7, 0x28, 0xbc, 0x2, 0x30,
    0xf, 0x84, 0x40, 0x11, 0x0, 0x4c, 0x1, 0xff,
    0xc4, 0x30, 0xf, 0xfe, 0x21, 0x80, 0x7f, 0xf0,
    0x4, 0x2, 0x60, 0xf, 0xfe, 0x6, 0x0, 0x46,
    0x1, 0xf3, 0x74, 0xa0, 0x20, 0x5, 0x40, 0x1f,
    0x50, 0xb5, 0xa1, 0x20, 0x0, 0xa4, 0x3, 0x9c,
    0xc0, 0x2, 0x81, 0x20, 0x13, 0x6b, 0x23, 0x5c,
    0x0, 0x50, 0x0, 0x2a, 0x0, 0x8a, 0x6e, 0x50,
    0x2, 0x56, 0x0, 0x96, 0xc4, 0x3, 0xf3, 0x50,
    0x7, 0x27, 0x4a, 0x8, 0x0, 0x9b, 0x24, 0x2,

    /* U+0107 "ć" */
    0x0, 0xf7, 0xfd, 0x80, 0x1f, 0x9c, 0x0, 0x58,
    0x1, 0xfa, 0x40, 0x70, 0x3, 0xf2, 0x19, 0x60,
    0x80, 0x7e, 0x4d, 0xd1, 0x0, 0x7e, 0x5b, 0xef,
    0xf6, 0x38, 0x7, 0x5d, 0x20, 0x80, 0xe, 0x34,
    0x80, 0x14, 0x80, 0x10, 0x80, 0x45, 0xc0, 0x6a,
    0x0, 0x3e, 0xe7, 0xb0, 0x0, 0xd6, 0x80, 0x2e,
    0x10, 0x4, 0x92, 0xc3, 0x28, 0x0, 0x88, 0x1,
    0xb6, 0x9c, 0xc8, 0x0, 0x20, 0x1f, 0xfc, 0xa2,
    0x0, 0x10, 0x7, 0x2a, 0x8, 0x28, 0x0, 0x4c,
    0x3, 0x55, 0xf5, 0x50, 0x2, 0xd4, 0x1, 0xb0,
    0xb, 0xcd, 0x40, 0x3, 0x7f, 0xc8, 0x0, 0x35,
    0xa, 0x40, 0xf, 0x8b, 0x40, 0x2b, 0xa4, 0x10,
    0x1, 0xc6, 0x88, 0x0,

    /* U+0108 "Ĉ" */
    0x0, 0xf1, 0x66, 0x50, 0x1, 0xff, 0xc0, 0xe3,
    0x39, 0xd4, 0x3, 0xfc, 0xe6, 0x10, 0x21, 0x62,
    0x1, 0xf8, 0xe0, 0x11, 0xf4, 0x6, 0x80, 0x3f,
    0x1f, 0xfa, 0xc0, 0xff, 0xd6, 0x1, 0xff, 0xce,
    0x5a, 0xdf, 0xf6, 0xd2, 0x0, 0x7c, 0x7b, 0x4a,
    0x40, 0x2, 0x5b, 0xb0, 0x80, 0x64, 0xc2, 0x0,
    0xfc, 0x98, 0x1, 0x15, 0x80, 0x45, 0x17, 0x2a,
    0x1, 0x14, 0x80, 0x20, 0x2, 0x5d, 0x74, 0x6a,
    0xa0, 0x4, 0xc2, 0x25, 0x0, 0x15, 0x0, 0x72,
    0xa8, 0x5, 0x4d, 0xc0, 0x2a, 0x0, 0xfa, 0xfb,
    0x94, 0x5e, 0x1, 0x18, 0x7, 0xc2, 0x20, 0x8,
    0x80, 0x26, 0x0, 0xff, 0xe2, 0x18, 0x7, 0xff,
    0x10, 0xc0, 0x3f, 0xf8, 0x2, 0x1, 0x30, 0x7,
    0xff, 0x3, 0x0, 0x23, 0x0, 0xf9, 0xba, 0x50,
    0x10, 0x2, 0xa0, 0xf, 0xa8, 0x5a, 0xd0, 0x90,
    0x0, 0x52, 0x1, 0xce, 0x60, 0x1, 0x40, 0x90,
    0x9, 0xb5, 0x91, 0xae, 0x0, 0x28, 0x0, 0x15,
    0x0, 0x45, 0x37, 0x28, 0x1, 0x2b, 0x0, 0x4b,
    0x62, 0x1, 0xf9, 0xa8, 0x3, 0x93, 0xa5, 0x4,
    0x0, 0x4d, 0x92, 0x1, 0x0,

    /* U+0109 "ĉ" */
    0x0, 0xd7, 0xff, 0x20, 0x7, 0xce, 0x80, 0x15,
    0x0, 0x78, 0xa0, 0x12, 0x80, 0x68, 0x3, 0xa0,
    0x8e, 0x95, 0xc9, 0x8c, 0x3, 0x56, 0xe0, 0x84,
    0x6e, 0x18, 0x7, 0x2d, 0xf7, 0xfb, 0x1c, 0x3,
    0xae, 0x90, 0x40, 0x7, 0x1a, 0x40, 0xa, 0x40,
    0x8, 0x40, 0x22, 0xe0, 0x35, 0x0, 0x1f, 0x73,
    0xd8, 0x0, 0x6b, 0x40, 0x17, 0x8, 0x2, 0x49,
    0x61, 0x94, 0x0, 0x44, 0x0, 0xdb, 0x4e, 0x64,
    0x0, 0x10, 0xf, 0xfe, 0x51, 0x0, 0x8, 0x3,
    0x95, 0x4, 0x14, 0x0, 0x26, 0x1, 0xaa, 0xfa,
    0xa8, 0x1, 0x6a, 0x0, 0xd8, 0x5, 0xe6, 0xa0,
    0x1, 0xbf, 0xe4, 0x0, 0x1a, 0x85, 0x20, 0x7,
    0xc5, 0xa0, 0x15, 0xd2, 0x8, 0x0, 0xe3, 0x44,
    0x0,

    /* U+010A "Ċ" */
    0x0, 0xf9, 0xde, 0x30, 0xf, 0xfe, 0xc, 0x44,
    0x80, 0x1f, 0xfe, 0x3f, 0xf9, 0xc0, 0x3f, 0xfa,
    0xb, 0x5b, 0xfe, 0xda, 0x40, 0xf, 0x8f, 0x69,
    0x48, 0x0, 0x4b, 0x76, 0x10, 0xc, 0x98, 0x40,
    0x1f, 0x93, 0x0, 0x22, 0xb0, 0x8, 0xa2, 0xe5,
    0x40, 0x22, 0x90, 0x4, 0x0, 0x4b, 0xae, 0x8d,
    0x54, 0x0, 0x98, 0x44, 0xa0, 0x2, 0xa0, 0xe,
    0x55, 0x0, 0xa9, 0xb8, 0x5, 0x40, 0x1f, 0x5f,
    0x72, 0x8b, 0xc0, 0x23, 0x0, 0xf8, 0x44, 0x1,
    0x10, 0x4, 0xc0, 0x1f, 0xfc, 0x43, 0x0, 0xff,
    0xe2, 0x18, 0x7, 0xff, 0x0, 0x40, 0x26, 0x0,
    0xff, 0xe0, 0x60, 0x4, 0x60, 0x1f, 0x37, 0x4a,
    0x2, 0x0, 0x54, 0x1, 0xf5, 0xb, 0x5a, 0x12,
    0x0, 0xa, 0x40, 0x39, 0xcc, 0x0, 0x28, 0x12,
    0x1, 0x36, 0xb2, 0x35, 0xc0, 0x5, 0x0, 0x2,
    0xa0, 0x8, 0xa6, 0xe5, 0x0, 0x25, 0x60, 0x9,
    0x6c, 0x40, 0x3f, 0x35, 0x0, 0x72, 0x74, 0xa0,
    0x80, 0x9, 0xb2, 0x40, 0x20,

    /* U+010B "ċ" */
    0x0, 0xd1, 0xff, 0x0, 0x7f, 0xf5, 0xee, 0x22,
    0x0, 0xfe, 0x37, 0x78, 0x3, 0xf2, 0xdf, 0x7f,
    0xb1, 0xc0, 0x3a, 0xe9, 0x4, 0x0, 0x71, 0xa4,
    0x0, 0xa4, 0x0, 0x84, 0x2, 0x2e, 0x3, 0x50,
    0x1, 0xf7, 0x3d, 0x80, 0x6, 0xb4, 0x1, 0x70,
    0x80, 0x24, 0x96, 0x19, 0x40, 0x4, 0x40, 0xd,
    0xb4, 0xe6, 0x40, 0x1, 0x0, 0xff, 0xe5, 0x10,
    0x0, 0x80, 0x39, 0x50, 0x41, 0x40, 0x2, 0x60,
    0x1a, 0xaf, 0xaa, 0x80, 0x16, 0xa0, 0xd, 0x80,
    0x5e, 0x6a, 0x0, 0x1b, 0xfe, 0x40, 0x1, 0xa8,
    0x52, 0x0, 0x7c, 0x5a, 0x1, 0x5d, 0x20, 0x80,
    0xe, 0x34, 0x40,

    /* U+010C "Č" */
    0x0, 0xcb, 0xfe, 0x80, 0x6f, 0xf4, 0x0, 0x7e,
    0x55, 0x3, 0xb4, 0x81, 0x40, 0x7, 0xf5, 0x88,
    0x48, 0x3, 0xc0, 0x3f, 0xc3, 0x44, 0x54, 0x90,
    0x7, 0xfc, 0x9b, 0xb3, 0x0, 0x7f, 0xcb, 0x5b,
    0xfe, 0xda, 0x40, 0xf, 0x8f, 0x69, 0x48, 0x0,
    0x4b, 0x76, 0x10, 0xc, 0x98, 0x40, 0x1f, 0x93,
    0x0, 0x22, 0xb0, 0x8, 0xa2, 0xe5, 0x40, 0x22,
    0x90, 0x4, 0x0, 0x4b, 0xae, 0x8d, 0x54, 0x0,
    0x98, 0x44, 0xa0, 0x2, 0xa0, 0xe, 0x55, 0x0,
    0xa9, 0xb8, 0x5, 0x40, 0x1f, 0x5f, 0x72, 0x8b,
    0xc0, 0x23, 0x0, 0xf8, 0x44, 0x1, 0x10, 0x4,
    0xc0, 0x1f, 0xfc, 0x43, 0x0, 0xff, 0xe2, 0x18,
    0x7, 0xff, 0x0, 0x40, 0x26, 0x0, 0xff, 0xe0,
    0x60, 0x4, 0x60, 0x1f, 0x37, 0x4a, 0x2, 0x0,
    0x54, 0x1, 0xf5, 0xb, 0x5a, 0x12, 0x0, 0xa,
    0x40, 0x39, 0xcc, 0x0, 0x28, 0x12, 0x1, 0x36,
    0xb2, 0x35, 0xc0, 0x5, 0x0, 0x2, 0xa0, 0x8,
    0xa6, 0xe5, 0x0, 0x25, 0x60, 0x9, 0x6c, 0x40,
    0x3f, 0x35, 0x0, 0x72, 0x74, 0xa0, 0x80, 0x9,
    0xb2, 0x40, 0x20,

    /* U+010D "č" */
    0x0, 0x1f, 0xfa, 0xc0, 0xff, 0xd6, 0x1, 0x8e,
    0x1, 0x1f, 0x80, 0x68, 0x3, 0x9c, 0xc2, 0x8,
    0x2c, 0x40, 0x3d, 0xc6, 0x44, 0x65, 0x0, 0xf8,
    0xb3, 0x75, 0x20, 0x1f, 0x2d, 0xf7, 0xfb, 0x1c,
    0x3, 0xae, 0x90, 0x40, 0x7, 0x1a, 0x40, 0xa,
    0x40, 0x8, 0x40, 0x22, 0xe0, 0x35, 0x0, 0x1f,
    0x73, 0xd8, 0x0, 0x6b, 0x40, 0x17, 0x8, 0x2,
    0x49, 0x61, 0x94, 0x0, 0x44, 0x0, 0xdb, 0x4e,
    0x64, 0x0, 0x10, 0xf, 0xfe, 0x51, 0x0, 0x8,
    0x3, 0x95, 0x4, 0x14, 0x0, 0x26, 0x1, 0xaa,
    0xfa, 0xa8, 0x1, 0x6a, 0x0, 0xd8, 0x5, 0xe6,
    0xa0, 0x1, 0xbf, 0xe4, 0x0, 0x1a, 0x85, 0x20,
    0x7, 0xc5, 0xa0, 0x15, 0xd2, 0x8, 0x0, 0xe3,
    0x44, 0x0,

    /* U+010E "Ď" */
    0x0, 0x1e, 0x6c, 0x0, 0xe6, 0xd0, 0x7, 0xe3,
    0x52, 0x75, 0xd3, 0x29, 0x0, 0xfe, 0x92, 0xa,
    0x30, 0x83, 0x0, 0xff, 0x70, 0x4, 0x6e, 0x1,
    0xff, 0x1f, 0xfd, 0x80, 0x1f, 0x8b, 0xff, 0xf7,
    0x64, 0x8, 0x7, 0xff, 0x4, 0x4d, 0xf9, 0x80,
    0x3f, 0xf8, 0x92, 0xc0, 0x1e, 0x4c, 0xca, 0xe4,
    0x80, 0x29, 0x10, 0xe, 0x13, 0x39, 0x1b, 0x50,
    0x2, 0x90, 0xf, 0xfe, 0x5, 0x0, 0x4c, 0x1,
    0xff, 0xc0, 0x14, 0x0, 0x9, 0x0, 0x7f, 0xf0,
    0xc, 0x2, 0x70, 0xf, 0xfe, 0x7, 0x80, 0x46,
    0x1, 0xff, 0xc0, 0x10, 0x8, 0x40, 0x3f, 0xf8,
    0x2, 0x1, 0x8, 0x7, 0xff, 0x3, 0xc0, 0x23,
    0x0, 0xff, 0xe0, 0x18, 0x4, 0xc0, 0x1f, 0xfc,
    0x4, 0x0, 0x9, 0x80, 0x7f, 0xd0, 0x1, 0x30,
    0x7, 0x9, 0x9e, 0x5b, 0x70, 0xa, 0x40, 0x39,
    0x33, 0x35, 0x20, 0x5, 0x42, 0x1, 0xff, 0xc2,
    0x95, 0x0, 0xff, 0x84, 0xe3, 0x98, 0x2,

    /* U+010F "ď" */
    0x0, 0xfe, 0x6f, 0xf8, 0xe3, 0xfd, 0x60, 0x1f,
    0xfd, 0x71, 0x0, 0xff, 0xe1, 0x55, 0x80, 0x7f,
    0xf1, 0x9, 0xc3, 0x40, 0x3, 0x1b, 0xfd, 0x44,
    0x1, 0xc9, 0xa2, 0xc0, 0x5e, 0xe4, 0x2, 0xbb,
    0xe0, 0x18, 0xcd, 0x82, 0x1e, 0x20, 0x11, 0x0,
    0x18, 0x3, 0x3e, 0x90, 0x31, 0x0, 0xf, 0xb7,
    0xdc, 0x3, 0xfb, 0x40, 0x2e, 0x10, 0x4, 0x18,
    0x7, 0xe6, 0x0, 0x11, 0x0, 0x35, 0x80, 0x7e,
    0x20, 0x3, 0x0, 0x70, 0x80, 0x7e, 0x10, 0xf,
    0xfe, 0x29, 0x80, 0x18, 0x3, 0xb8, 0x3, 0xf3,
    0x80, 0x8, 0x80, 0x19, 0x80, 0x3f, 0x70, 0x5,
    0xe4, 0x0, 0xa1, 0x0, 0xfc, 0x86, 0x0, 0x2d,
    0xef, 0x50, 0xf, 0xf6, 0x90, 0x4, 0x20, 0xa,
    0x0, 0xfe, 0x1d, 0x82, 0x1, 0x6e, 0x70, 0xf,
    0xc0,

    /* U+0110 "Đ" */
    0x0, 0xf, 0xff, 0xee, 0xc8, 0x10, 0xf, 0xfe,
    0x18, 0x9b, 0xf3, 0x0, 0x7f, 0xf1, 0xa5, 0x80,
    0x3f, 0x26, 0x65, 0x72, 0x60, 0x14, 0x90, 0x7,
    0xc2, 0x67, 0x23, 0x62, 0x80, 0x56, 0x1, 0xff,
    0xc2, 0xb0, 0x9, 0x80, 0x3f, 0xf8, 0x42, 0x80,
    0x11, 0x0, 0x7f, 0xf0, 0x8c, 0x2, 0x70, 0x66,
    0x0, 0x4c, 0xd9, 0x0, 0x2f, 0x0, 0x8c, 0x26,
    0x0, 0x23, 0x99, 0xb8, 0x2, 0x10, 0x8, 0x40,
    0x3f, 0xf9, 0x1f, 0xc0, 0x12, 0xff, 0xd4, 0x1,
    0x70, 0x4, 0x40, 0x1f, 0xfc, 0x22, 0x0, 0x98,
    0x3, 0xff, 0x84, 0x80, 0x11, 0x80, 0x7f, 0xf0,
    0x60, 0x40, 0xc, 0x1, 0xf0, 0x99, 0xe5, 0xb7,
    0x0, 0xac, 0x3, 0xe4, 0xcc, 0xd4, 0x80, 0x14,
    0x90, 0x7, 0xff, 0x12, 0x58, 0x3, 0xff, 0x82,
    0x27, 0x1c, 0xc0, 0x10,

    /* U+0111 "đ" */
    0x0, 0xfe, 0x5f, 0xf8, 0xc0, 0x3c, 0x7f, 0xf5,
    0x0, 0x59, 0x40, 0x1f, 0xfc, 0x82, 0x99, 0x98,
    0x2, 0x7e, 0x0, 0xe1, 0x66, 0xb0, 0x2, 0xb4,
    0x0, 0xa3, 0x7f, 0xa8, 0x80, 0x3e, 0x2d, 0x72,
    0x1, 0x5d, 0xc0, 0xf, 0x79, 0x0, 0x44, 0x20,
    0xc0, 0x1c, 0xa4, 0x0, 0x3e, 0xde, 0x70, 0xf,
    0x78, 0x5, 0xc2, 0x0, 0x83, 0x0, 0xe7, 0x0,
    0x11, 0x0, 0x35, 0x80, 0x71, 0x80, 0x18, 0x3,
    0x88, 0x3, 0xff, 0x84, 0x60, 0x1c, 0x60, 0x6,
    0x0, 0xee, 0x0, 0xe4, 0x0, 0x11, 0x80, 0x65,
    0x0, 0xed, 0x0, 0xb8, 0x80, 0x12, 0x40, 0x1c,
    0x88, 0x0, 0x16, 0xf7, 0xb0, 0x7, 0xd4, 0x60,
    0x10, 0x80, 0x28, 0x3, 0xc3, 0x90, 0x40, 0x2d,
    0xa8, 0x1, 0xc0,

    /* U+0112 "Ē" */
    0x0, 0x9b, 0xff, 0xec, 0x0, 0xff, 0xe5, 0xa4,
    0xcf, 0xd0, 0x1, 0xf1, 0x33, 0x7c, 0x80, 0x18,
    0x7f, 0xff, 0xf8, 0x36, 0x1, 0xff, 0xd9, 0x4c,
    0xcf, 0xe9, 0x0, 0xe1, 0x33, 0xfe, 0x20, 0xf,
    0xfe, 0xc8, 0x99, 0xff, 0x0, 0x79, 0x33, 0x3f,
    0x80, 0x3f, 0xfb, 0x4b, 0xff, 0xfc, 0x1, 0xff,
    0xea, 0x13, 0x3f, 0xf0, 0x7, 0x26, 0x67, 0xf8,
    0x3, 0xff, 0xaa,

    /* U+0113 "ē" */
    0x0, 0x95, 0x9b, 0xe1, 0x0, 0xeb, 0x99, 0xf9,
    0x40, 0x3f, 0xf8, 0xfd, 0xff, 0xf2, 0x0, 0x7f,
    0xf2, 0x1f, 0x3f, 0xdb, 0x2, 0x1, 0xc5, 0xb0,
    0x60, 0x2, 0x7e, 0x40, 0xd, 0xe4, 0x0, 0x12,
    0x0, 0xac, 0x80, 0xe, 0x40, 0x8, 0xed, 0xd0,
    0x80, 0x20, 0x1, 0x40, 0x3, 0x70, 0x1, 0x40,
    0x1, 0x40, 0x4, 0x0, 0x73, 0x3e, 0x0, 0x8c,
    0x80, 0x24, 0xcc, 0xd4, 0x1, 0x30, 0x7, 0xff,
    0x4, 0xcc, 0x1, 0x37, 0xff, 0xe6, 0x12, 0x0,
    0x28, 0x6, 0x47, 0x52, 0x0, 0x28, 0x0, 0xe0,
    0x0, 0x33, 0x15, 0x80, 0x8, 0x10, 0x3, 0xf6,
    0x71, 0x0, 0x20, 0x2, 0xc1, 0x0, 0x9, 0x80,
    0x4e, 0xc0, 0x11, 0x74, 0x18, 0x80, 0xa5, 0xc0,
    0x0,

    /* U+0114 "Ĕ" */
    0x0, 0x8a, 0xc, 0x2, 0x18, 0x40, 0xf, 0x8d,
    0xe4, 0x2, 0x47, 0x20, 0xf, 0x84, 0x95, 0x40,
    0x70, 0xe, 0x1, 0xfa, 0x42, 0xbf, 0xa, 0x4,
    0x3, 0xf2, 0x5a, 0x11, 0xcb, 0x80, 0x7f, 0x92,
    0xf7, 0x18, 0x3, 0xc3, 0xff, 0xff, 0xc1, 0xb0,
    0xf, 0xfe, 0xca, 0x66, 0x7f, 0x48, 0x7, 0x9,
    0x9f, 0xf1, 0x0, 0x7f, 0xf6, 0x44, 0xcf, 0xf8,
    0x3, 0xc9, 0x99, 0xfc, 0x1, 0xff, 0xda, 0x5f,
    0xff, 0xe0, 0xf, 0xff, 0x50, 0x99, 0xff, 0x80,
    0x39, 0x33, 0x3f, 0xc0, 0x1f, 0xfd, 0x50,

    /* U+0115 "ĕ" */
    0x0, 0xb3, 0xcc, 0x0, 0x5d, 0xa0, 0x1e, 0x90,
    0xcf, 0xf6, 0x8d, 0x80, 0x79, 0x6c, 0xc4, 0xe,
    0x98, 0x3, 0xe4, 0xce, 0xfc, 0x50, 0xf, 0xfe,
    0x53, 0xe7, 0xfb, 0x60, 0x40, 0x38, 0xb6, 0xc,
    0x0, 0x4f, 0xc8, 0x1, 0xbc, 0x80, 0x2, 0x40,
    0x15, 0x90, 0x1, 0xc8, 0x1, 0x1d, 0xba, 0x10,
    0x4, 0x0, 0x28, 0x0, 0x6e, 0x0, 0x28, 0x0,
    0x28, 0x0, 0x80, 0xe, 0x67, 0xc0, 0x11, 0x90,
    0x4, 0x99, 0x9a, 0x80, 0x26, 0x0, 0xff, 0xe0,
    0x99, 0x80, 0x26, 0xff, 0xfc, 0xc2, 0x40, 0x5,
    0x0, 0xc8, 0xea, 0x40, 0x5, 0x0, 0x1c, 0x0,
    0x6, 0x62, 0xb0, 0x1, 0x2, 0x0, 0x7e, 0xce,
    0x20, 0x4, 0x0, 0x58, 0x20, 0x1, 0x30, 0x9,
    0xd8, 0x2, 0x2e, 0x83, 0x10, 0x14, 0xb8, 0x0,
    0x0,

    /* U+0116 "Ė" */
    0x0, 0xe1, 0xff, 0x9c, 0x3, 0xff, 0xbe, 0x31,
    0x12, 0x0, 0x7f, 0xf0, 0x1d, 0xe3, 0x0, 0xf0,
    0xff, 0xff, 0xf0, 0x6c, 0x3, 0xff, 0xb2, 0x99,
    0x9f, 0xd2, 0x1, 0xc2, 0x67, 0xfc, 0x40, 0x1f,
    0xfd, 0x91, 0x33, 0xfe, 0x0, 0xf2, 0x66, 0x7f,
    0x0, 0x7f, 0xf6, 0x97, 0xff, 0xf8, 0x3, 0xff,
    0xd4, 0x26, 0x7f, 0xe0, 0xe, 0x4c, 0xcf, 0xf0,
    0x7, 0xff, 0x54,

    /* U+0117 "ė" */
    0x0, 0xe8, 0xff, 0x80, 0x3f, 0xfb, 0x57, 0x10,
    0x90, 0xf, 0xf1, 0xbb, 0x98, 0x3, 0xf9, 0xf3,
    0xfd, 0xb0, 0x20, 0x1c, 0x5b, 0x6, 0x0, 0x27,
    0xe4, 0x0, 0xde, 0x40, 0x1, 0x20, 0xa, 0xc8,
    0x0, 0xe4, 0x0, 0x8e, 0xdd, 0x8, 0x2, 0x0,
    0x14, 0x0, 0x37, 0x0, 0x14, 0x0, 0x14, 0x0,
    0x40, 0x7, 0x33, 0xe0, 0x8, 0xc8, 0x2, 0x4c,
    0xcd, 0x40, 0x13, 0x0, 0x7f, 0xf0, 0x4c, 0xc0,
    0x13, 0x7f, 0xfe, 0x61, 0x20, 0x2, 0x80, 0x64,
    0x75, 0x20, 0x2, 0x80, 0xe, 0x0, 0x3, 0x31,
    0x58, 0x0, 0x81, 0x0, 0x3f, 0x67, 0x10, 0x2,
    0x0, 0x2c, 0x10, 0x0, 0x98, 0x4, 0xec, 0x1,
    0x17, 0x41, 0x88, 0xa, 0x5c, 0x0, 0x0,

    /* U+0118 "Ę" */
    0x1f, 0xff, 0xfe, 0xd, 0x80, 0x7f, 0xf6, 0x53,
    0x33, 0xfa, 0x40, 0x38, 0x4c, 0xff, 0x88, 0x3,
    0xff, 0xb2, 0xbf, 0xff, 0xc0, 0x1f, 0xfd, 0xa4,
    0xcc, 0xfe, 0x0, 0xf0, 0x99, 0xff, 0x0, 0x7f,
    0xfa, 0x84, 0xcf, 0xfc, 0x1, 0xc9, 0x99, 0xfe,
    0x0, 0xff, 0xea, 0x8f, 0xff, 0xf9, 0x81, 0xfc,
    0x3, 0xfe, 0x56, 0x9, 0x0, 0xff, 0xe0, 0x78,
    0x2, 0x20, 0x1, 0xff, 0x10, 0x1, 0x9c, 0x3,
    0xfe, 0x86, 0x10, 0x50,

    /* U+0119 "ę" */
    0x0, 0xcf, 0x9f, 0xed, 0x81, 0x0, 0xe2, 0xd8,
    0x30, 0x1, 0x3f, 0x20, 0x6, 0xf2, 0x0, 0x9,
    0x0, 0x56, 0x40, 0x7, 0x20, 0x4, 0x76, 0xe8,
    0x40, 0x10, 0x0, 0xa0, 0x1, 0xb8, 0x0, 0xa0,
    0x0, 0xa0, 0x2, 0x0, 0x39, 0x9f, 0x0, 0x46,
    0x40, 0x12, 0x66, 0x6a, 0x0, 0x98, 0x3, 0xff,
    0x82, 0x66, 0x0, 0x9b, 0xff, 0xf3, 0x9, 0x0,
    0x14, 0x3, 0x23, 0xa1, 0x0, 0x14, 0x0, 0x6e,
    0x0, 0x19, 0x8b, 0xc0, 0x4, 0x8, 0x2, 0x36,
    0xfc, 0x80, 0x12, 0x1, 0x60, 0x80, 0x9, 0x4,
    0x0, 0xee, 0x0, 0x8b, 0xa0, 0xc4, 0x0, 0x57,
    0x0, 0x1e, 0x7c, 0xb0, 0x2d, 0x40, 0xf, 0xeb,
    0x5, 0x0, 0xff, 0x10, 0x82, 0xba, 0x0, 0x7e,
    0x20, 0x1, 0x46, 0x0, 0x7f, 0x59, 0x1, 0x60,
    0x4,

    /* U+011A "Ě" */
    0x0, 0x97, 0x74, 0xa0, 0x79, 0xae, 0x1, 0xf2,
    0x89, 0x51, 0xe9, 0x99, 0x80, 0x3f, 0x70, 0x3,
    0x4, 0x28, 0x40, 0x3f, 0x14, 0x80, 0x4c, 0x80,
    0x1f, 0xe6, 0xff, 0xa4, 0x3, 0xc3, 0xff, 0xff,
    0xc1, 0xb0, 0xf, 0xfe, 0xca, 0x66, 0x7f, 0x48,
    0x7, 0x9, 0x9f, 0xf1, 0x0, 0x7f, 0xf6, 0x44,
    0xcf, 0xf8, 0x3, 0xc9, 0x99, 0xfc, 0x1, 0xff,
    0xda, 0x5f, 0xff, 0xe0, 0xf, 0xff, 0x50, 0x99,
    0xff, 0x80, 0x39, 0x33, 0x3f, 0xc0, 0x1f, 0xfd,
    0x50,

    /* U+011B "ě" */
    0x0, 0xb7, 0xf8, 0x43, 0x3f, 0xc2, 0x1, 0xde,
    0x3, 0xb2, 0x61, 0x42, 0x1, 0xc5, 0x0, 0x6c,
    0xa, 0xa0, 0xf, 0x9d, 0x48, 0x87, 0x60, 0x1f,
    0xd5, 0xba, 0xc1, 0x0, 0xfc, 0xf9, 0xfe, 0xd8,
    0x10, 0xe, 0x2d, 0x83, 0x0, 0x13, 0xf2, 0x0,
    0x6f, 0x20, 0x0, 0x90, 0x5, 0x64, 0x0, 0x72,
    0x0, 0x47, 0x6e, 0x84, 0x1, 0x0, 0xa, 0x0,
    0x1b, 0x80, 0xa, 0x0, 0xa, 0x0, 0x20, 0x3,
    0x99, 0xf0, 0x4, 0x64, 0x1, 0x26, 0x66, 0xa0,
    0x9, 0x80, 0x3f, 0xf8, 0x26, 0x60, 0x9, 0xbf,
    0xff, 0x30, 0x90, 0x1, 0x40, 0x32, 0x3a, 0x90,
    0x1, 0x40, 0x7, 0x0, 0x1, 0x98, 0xac, 0x0,
    0x40, 0x80, 0x1f, 0xb3, 0x88, 0x1, 0x0, 0x16,
    0x8, 0x0, 0x4c, 0x2, 0x76, 0x0, 0x8b, 0xa0,
    0xc4, 0x5, 0x2e, 0x0, 0x0,

    /* U+011C "Ĝ" */
    0x0, 0xf9, 0xb3, 0x24, 0x0, 0xff, 0xe0, 0x14,
    0x99, 0xd4, 0x20, 0x1f, 0xf7, 0x80, 0xc0, 0xd,
    0x80, 0x7f, 0xa0, 0x82, 0xdd, 0x81, 0x54, 0x1,
    0xfd, 0x1f, 0xe5, 0x9, 0xff, 0x28, 0x7, 0xff,
    0x3c, 0xe7, 0x3b, 0xfd, 0xb4, 0x80, 0x1f, 0x16,
    0x61, 0x8c, 0x40, 0x4, 0xb7, 0x82, 0x1, 0x8f,
    0xc, 0x3, 0xf8, 0xfc, 0x40, 0x3, 0xa2, 0x1,
    0x35, 0x5c, 0xa0, 0x4, 0x36, 0x0, 0x81, 0x0,
    0x1f, 0x4a, 0xa3, 0x5d, 0x0, 0x4a, 0x22, 0x60,
    0xb, 0x44, 0x3, 0x95, 0x40, 0x6c, 0x68, 0x1,
    0x38, 0x80, 0x7d, 0x5f, 0x92, 0x58, 0x1, 0x60,
    0x7, 0xff, 0x4, 0x80, 0x26, 0x0, 0xc2, 0x67,
    0xf0, 0x80, 0x7f, 0x36, 0x67, 0xd6, 0x1, 0xff,
    0xc6, 0x30, 0x9, 0xc0, 0x3f, 0xf8, 0x3a, 0x1,
    0x78, 0x6, 0x7f, 0xfb, 0x40, 0x32, 0x80, 0x4a,
    0x40, 0x1f, 0xfc, 0x16, 0x0, 0xbc, 0x80, 0x3d,
    0x60, 0x1d, 0x2, 0x0, 0x2d, 0x95, 0x46, 0x9f,
    0x60, 0xe, 0x1c, 0x10, 0x9, 0xaa, 0xe5, 0x80,
    0x30, 0xc8, 0x0, 0xbd, 0x0, 0x3f, 0xcf, 0xe6,
    0x1, 0xd, 0xe3, 0x98, 0x80, 0x92, 0xd7, 0xc0,
    0x80,

    /* U+011D "ĝ" */
    0x0, 0xc3, 0xdf, 0xee, 0x10, 0xf, 0xd4, 0x20,
    0x1, 0xb0, 0xf, 0x99, 0x2, 0x14, 0x15, 0x40,
    0x1c, 0x34, 0x4a, 0xf4, 0x85, 0xc0, 0x1c, 0x39,
    0xb4, 0x0, 0xbd, 0xb0, 0xf, 0x46, 0xff, 0x51,
    0x13, 0xfe, 0x30, 0x1d, 0x72, 0x1, 0x5d, 0x40,
    0xe, 0xd2, 0x0, 0x8c, 0x42, 0x40, 0x32, 0x18,
    0x0, 0xfb, 0x3a, 0x0, 0x3b, 0x80, 0x2e, 0x10,
    0x3, 0xa0, 0x6, 0x70, 0x1, 0x10, 0x3, 0x68,
    0x6, 0x30, 0x3, 0x0, 0x71, 0x0, 0x7f, 0xf0,
    0x44, 0x3, 0x18, 0x1, 0x40, 0x38, 0x80, 0x33,
    0x80, 0x4, 0xc0, 0x34, 0x80, 0x6e, 0x0, 0xb8,
    0xc0, 0x68, 0x40, 0x32, 0x18, 0x0, 0xb3, 0xf9,
    0x40, 0x3d, 0xa4, 0x1, 0xc3, 0x0, 0x1c, 0x3a,
    0xe4, 0x2, 0xde, 0x40, 0x10, 0x88, 0x86, 0x37,
    0xfa, 0x44, 0xc0, 0x23, 0x7d, 0xef, 0xb0, 0x8,
    0x68, 0x0, 0x42, 0x80, 0x12, 0x76, 0x6f, 0x18,
    0x2, 0x80, 0xa0, 0x2, 0x13, 0x20, 0x9, 0x1c,
    0x0, 0xf8, 0xc4, 0x1, 0xa, 0x55, 0x80, 0x0,

    /* U+011E "Ğ" */
    0x0, 0xe2, 0xf9, 0x0, 0x8f, 0xe0, 0x3, 0xf8,
    0x88, 0xc8, 0x5, 0x1, 0x80, 0x1f, 0xe9, 0xb,
    0xfd, 0x44, 0x80, 0x3f, 0xc9, 0x68, 0x24, 0xf6,
    0x1, 0xff, 0xc0, 0x4b, 0xed, 0x80, 0xf, 0xf8,
    0xe7, 0x3b, 0xfd, 0xb4, 0x80, 0x1f, 0x16, 0x61,
    0x8c, 0x40, 0x4, 0xb7, 0x82, 0x1, 0x8f, 0xc,
    0x3, 0xf8, 0xfc, 0x40, 0x3, 0xa2, 0x1, 0x35,
    0x5c, 0xa0, 0x4, 0x36, 0x0, 0x81, 0x0, 0x1f,
    0x4a, 0xa3, 0x5d, 0x0, 0x4a, 0x22, 0x60, 0xb,
    0x44, 0x3, 0x95, 0x40, 0x6c, 0x68, 0x1, 0x38,
    0x80, 0x7d, 0x5f, 0x92, 0x58, 0x1, 0x60, 0x7,
    0xff, 0x4, 0x80, 0x26, 0x0, 0xc2, 0x67, 0xf0,
    0x80, 0x7f, 0x36, 0x67, 0xd6, 0x1, 0xff, 0xc6,
    0x30, 0x9, 0xc0, 0x3f, 0xf8, 0x3a, 0x1, 0x78,
    0x6, 0x7f, 0xfb, 0x40, 0x32, 0x80, 0x4a, 0x40,
    0x1f, 0xfc, 0x16, 0x0, 0xbc, 0x80, 0x3d, 0x60,
    0x1d, 0x2, 0x0, 0x2d, 0x95, 0x46, 0x9f, 0x60,
    0xe, 0x1c, 0x10, 0x9, 0xaa, 0xe5, 0x80, 0x30,
    0xc8, 0x0, 0xbd, 0x0, 0x3f, 0xcf, 0xe6, 0x1,
    0xd, 0xe3, 0x98, 0x80, 0x92, 0xd7, 0xc0, 0x80,

    /* U+011F "ğ" */
    0x0, 0x1f, 0xd0, 0x5, 0x1e, 0xc0, 0x1c, 0x68,
    0xbf, 0xde, 0xe4, 0xe0, 0x1e, 0xb7, 0x21, 0x13,
    0x60, 0x80, 0x7d, 0x1b, 0xfd, 0x22, 0x1, 0xff,
    0xc9, 0x8d, 0xfe, 0xa2, 0x27, 0xfc, 0x60, 0x3a,
    0xe4, 0x2, 0xba, 0x80, 0x1d, 0xa4, 0x1, 0x18,
    0x84, 0x80, 0x64, 0x30, 0x1, 0xf6, 0x74, 0x0,
    0x77, 0x0, 0x5c, 0x20, 0x7, 0x40, 0xc, 0xe0,
    0x2, 0x20, 0x6, 0xd0, 0xc, 0x60, 0x6, 0x0,
    0xe2, 0x0, 0xff, 0xe0, 0x88, 0x6, 0x30, 0x2,
    0x80, 0x71, 0x0, 0x67, 0x0, 0x9, 0x80, 0x69,
    0x0, 0xdc, 0x1, 0x71, 0x80, 0xd0, 0x80, 0x64,
    0x30, 0x1, 0x67, 0xf2, 0x80, 0x7b, 0x48, 0x3,
    0x86, 0x0, 0x38, 0x75, 0xc8, 0x5, 0xbc, 0x80,
    0x21, 0x11, 0xc, 0x6f, 0xf4, 0x89, 0x80, 0x46,
    0xfb, 0xdf, 0x60, 0x10, 0xd0, 0x0, 0x85, 0x0,
    0x24, 0xec, 0xde, 0x30, 0x5, 0x1, 0x40, 0x4,
    0x26, 0x40, 0x12, 0x38, 0x1, 0xf1, 0x88, 0x2,
    0x14, 0xab, 0x0, 0x0,

    /* U+0120 "Ġ" */
    0x0, 0xf8, 0x9d, 0xe1, 0x0, 0xff, 0xe0, 0xbc,
    0x44, 0x60, 0x1f, 0xfe, 0x55, 0xff, 0x88, 0x3,
    0xff, 0xa2, 0x73, 0x9d, 0xfe, 0xda, 0x40, 0xf,
    0x8b, 0x30, 0xc6, 0x20, 0x2, 0x5b, 0xc1, 0x0,
    0xc7, 0x86, 0x1, 0xfc, 0x7e, 0x20, 0x1, 0xd1,
    0x0, 0x9a, 0xae, 0x50, 0x2, 0x1b, 0x0, 0x40,
    0x80, 0xf, 0xa5, 0x51, 0xae, 0x80, 0x25, 0x11,
    0x30, 0x5, 0xa2, 0x1, 0xca, 0xa0, 0x36, 0x34,
    0x0, 0x9c, 0x40, 0x3e, 0xaf, 0xc9, 0x2c, 0x0,
    0xb0, 0x3, 0xff, 0x82, 0x40, 0x13, 0x0, 0x61,
    0x33, 0xf8, 0x40, 0x3f, 0x9b, 0x33, 0xeb, 0x0,
    0xff, 0xe3, 0x18, 0x4, 0xe0, 0x1f, 0xfc, 0x1d,
    0x0, 0xbc, 0x3, 0x3f, 0xfd, 0xa0, 0x19, 0x40,
    0x25, 0x20, 0xf, 0xfe, 0xb, 0x0, 0x5e, 0x40,
    0x1e, 0xb0, 0xe, 0x81, 0x0, 0x16, 0xca, 0xa3,
    0x4f, 0xb0, 0x7, 0xe, 0x8, 0x4, 0xd5, 0x72,
    0xc0, 0x18, 0x64, 0x0, 0x5e, 0x80, 0x1f, 0xe7,
    0xf3, 0x0, 0x86, 0xf1, 0xcc, 0x40, 0x49, 0x6b,
    0xe0, 0x40,

    /* U+0121 "ġ" */
    0x0, 0xec, 0xff, 0x58, 0x7, 0xff, 0x6a, 0x62,
    0x1c, 0x1, 0xfe, 0x57, 0x72, 0x80, 0x7e, 0x8d,
    0xfe, 0xa2, 0x27, 0xfc, 0x60, 0x3a, 0xe4, 0x2,
    0xba, 0x80, 0x1d, 0xa4, 0x1, 0x18, 0x84, 0x80,
    0x64, 0x30, 0x1, 0xf6, 0x74, 0x0, 0x77, 0x0,
    0x5c, 0x20, 0x7, 0x40, 0xc, 0xe0, 0x2, 0x20,
    0x6, 0xd0, 0xc, 0x60, 0x6, 0x0, 0xe2, 0x0,
    0xff, 0xe0, 0x88, 0x6, 0x30, 0x2, 0x80, 0x71,
    0x0, 0x67, 0x0, 0x9, 0x80, 0x69, 0x0, 0xdc,
    0x1, 0x71, 0x80, 0xd0, 0x80, 0x64, 0x30, 0x1,
    0x67, 0xf2, 0x80, 0x7b, 0x48, 0x3, 0x86, 0x0,
    0x38, 0x75, 0xc8, 0x5, 0xbc, 0x80, 0x21, 0x11,
    0xc, 0x6f, 0xf4, 0x89, 0x80, 0x46, 0xfb, 0xdf,
    0x60, 0x10, 0xd0, 0x0, 0x85, 0x0, 0x24, 0xec,
    0xde, 0x30, 0x5, 0x1, 0x40, 0x4, 0x26, 0x40,
    0x12, 0x38, 0x1, 0xf1, 0x88, 0x2, 0x14, 0xab,
    0x0, 0x0,

    /* U+0122 "Ģ" */
    0x0, 0xe3, 0x9c, 0xef, 0xf6, 0xd2, 0x0, 0x7c,
    0x59, 0x86, 0x31, 0x0, 0x12, 0xde, 0x8, 0x6,
    0x3c, 0x30, 0xf, 0xe3, 0xf1, 0x0, 0xe, 0x88,
    0x4, 0xd5, 0x72, 0x80, 0x10, 0xd8, 0x2, 0x4,
    0x0, 0x7d, 0x2a, 0x8d, 0x74, 0x1, 0x28, 0x89,
    0x80, 0x2d, 0x10, 0xe, 0x55, 0x1, 0xb1, 0xa0,
    0x4, 0xe2, 0x1, 0xf5, 0x7e, 0x49, 0x60, 0x5,
    0x80, 0x1f, 0xfc, 0x12, 0x0, 0x98, 0x3, 0x9,
    0x9f, 0xc2, 0x1, 0xfc, 0xd9, 0x9f, 0x58, 0x7,
    0xff, 0x18, 0xc0, 0x27, 0x0, 0xff, 0xe0, 0xe8,
    0x5, 0xe0, 0x19, 0xff, 0xed, 0x0, 0xca, 0x1,
    0x29, 0x0, 0x7f, 0xf0, 0x58, 0x2, 0xf2, 0x0,
    0xf5, 0x80, 0x74, 0x8, 0x0, 0xb6, 0x55, 0x1a,
    0x7d, 0x80, 0x38, 0x70, 0x40, 0x26, 0xab, 0x96,
    0x0, 0xc3, 0x20, 0x2, 0xf4, 0x0, 0xff, 0x3f,
    0x98, 0x4, 0x37, 0x8e, 0x62, 0x2, 0x4b, 0x5f,
    0x2, 0x1, 0xe3, 0x8c, 0xef, 0xed, 0xa5, 0x0,
    0xff, 0x97, 0xfe, 0x60, 0xf, 0xfe, 0x9b, 0xd1,
    0x1, 0x80, 0x7f, 0xf0, 0x48, 0x48, 0x10, 0x3,
    0xff, 0x82, 0x96, 0x10, 0x20, 0x1f, 0xfc, 0x14,
    0x5b, 0x70, 0xf, 0x80,

    /* U+0123 "ģ" */
    0x0, 0xf2, 0xc8, 0x7, 0xfd, 0x54, 0x60, 0xf,
    0xf2, 0xa8, 0xb4, 0x3, 0xfd, 0xa0, 0xce, 0x1,
    0xfe, 0x10, 0x4a, 0x20, 0xf, 0xe3, 0x0, 0xff,
    0xe0, 0xd7, 0xfc, 0x40, 0x1f, 0xfc, 0xa8, 0xdf,
    0xea, 0x22, 0x7f, 0xc6, 0x3, 0xae, 0x40, 0x2b,
    0xa8, 0x1, 0xda, 0x40, 0x11, 0x88, 0x48, 0x6,
    0x43, 0x0, 0x1f, 0x67, 0x40, 0x7, 0x70, 0x5,
    0xe2, 0x0, 0x73, 0x0, 0xce, 0x0, 0x13, 0x0,
    0xd6, 0x1, 0x8c, 0x0, 0x40, 0x1c, 0x40, 0x1f,
    0xfc, 0x62, 0x0, 0x10, 0x7, 0x10, 0x6, 0x50,
    0x0, 0xa0, 0x6, 0xa0, 0xd, 0xa0, 0x14, 0x90,
    0xd, 0x10, 0x6, 0x44, 0x0, 0xb, 0x7f, 0x94,
    0x3, 0xd4, 0x40, 0x1c, 0x30, 0x1, 0xc3, 0xae,
    0x40, 0x2d, 0xe4, 0x1, 0x8, 0x88, 0x63, 0x7f,
    0xa4, 0x4c, 0x2, 0x27, 0xde, 0xfb, 0x0, 0x86,
    0x80, 0x4, 0x8, 0x1, 0x27, 0xe6, 0xf1, 0x80,
    0x2c, 0xa, 0x0, 0x31, 0x90, 0x4, 0xac, 0x0,
    0x7c, 0x62, 0x0, 0x89, 0x6e, 0x80, 0x0,

    /* U+0124 "Ĥ" */
    0x0, 0xf3, 0x66, 0x48, 0x1, 0xfe, 0x29, 0x33,
    0xa8, 0x40, 0x3f, 0xbc, 0x6, 0x0, 0x6c, 0x3,
    0xf4, 0x10, 0x5b, 0xb0, 0x2a, 0x80, 0x3e, 0x8f,
    0xf2, 0x84, 0xff, 0x94, 0x3, 0xff, 0x8e, 0x3f,
    0xf5, 0x0, 0x7d, 0xff, 0x60, 0x7, 0xff, 0xfc,
    0x3, 0xff, 0x9a, 0x26, 0x7f, 0x0, 0x7e, 0x4c,
    0xcf, 0x80, 0x3f, 0xfb, 0x8b, 0xff, 0xf0, 0x7,
    0xff, 0xfc, 0x3, 0xff, 0xba,

    /* U+0125 "ĥ" */
    0x0, 0xeb, 0xdd, 0x58, 0x7, 0xf4, 0xa1, 0x11,
    0x20, 0x3, 0xe4, 0x60, 0x63, 0x7, 0x30, 0xe,
    0x1a, 0x2, 0x9d, 0x10, 0xe0, 0xe, 0x1e, 0xfd,
    0x1, 0xef, 0xd0, 0x8, 0xbf, 0xe6, 0x0, 0xff,
    0xfd, 0xc, 0x6f, 0xf4, 0x90, 0x7, 0xbb, 0xdc,
    0x80, 0x5b, 0x8, 0x3, 0x9c, 0x44, 0x60, 0x10,
    0xc8, 0x7, 0xa3, 0xb3, 0x84, 0x0, 0x80, 0x1c,
    0x6e, 0x0, 0x16, 0x0, 0x84, 0x3, 0x20, 0x6,
    0xf0, 0xf, 0xde, 0x1, 0xf8, 0xc0, 0x30, 0x80,
    0x7f, 0xff, 0xc0, 0x3f, 0xf8, 0xc0,

    /* U+0126 "Ħ" */
    0x1, 0xff, 0xa8, 0x3, 0xef, 0xfb, 0x0, 0x3f,
    0xf9, 0x2a, 0xc0, 0x13, 0x37, 0xe0, 0x8, 0x58,
    0xea, 0x0, 0x23, 0x99, 0xf8, 0x2, 0x29, 0xa0,
    0xf, 0xfe, 0x3f, 0xf0, 0x4, 0xbf, 0xff, 0x0,
    0x47, 0xf2, 0x1, 0xff, 0xcc, 0x13, 0x3f, 0x80,
    0x3f, 0xe4, 0xcc, 0xf8, 0x3, 0xff, 0xca, 0xbf,
    0xff, 0x0, 0x7f, 0xff, 0xc0, 0x3f, 0xfe, 0x80,

    /* U+0127 "ħ" */
    0x2, 0xff, 0x98, 0x3, 0xf9, 0x14, 0x2, 0xc6,
    0x68, 0x3, 0xdf, 0x0, 0x12, 0xcc, 0xc4, 0x1,
    0xff, 0xc8, 0xbd, 0x0, 0xa7, 0xfe, 0x20, 0xf,
    0xfe, 0x4, 0x6f, 0xf4, 0x90, 0x7, 0xdd, 0xc7,
    0x20, 0x16, 0xc2, 0x0, 0xf3, 0x88, 0x8c, 0x2,
    0x18, 0x0, 0xfa, 0x3b, 0x38, 0x40, 0xa, 0x1,
    0xe3, 0x70, 0x0, 0xb0, 0x4, 0x20, 0x1c, 0x80,
    0x1b, 0xc0, 0x23, 0x0, 0xef, 0x0, 0xff, 0xe1,
    0x8, 0x7, 0xff, 0xfc, 0x3, 0xff, 0x98,

    /* U+0128 "Ĩ" */
    0x1c, 0xfd, 0x72, 0x1e, 0xdb, 0x30, 0x28, 0xde,
    0x17, 0x70, 0xe5, 0x28, 0x0, 0x63, 0xf0, 0xd6,
    0xbf, 0x78, 0x8a, 0x0, 0xc4, 0x1, 0x8f, 0xfe,
    0x80, 0xf, 0xff, 0xf8, 0x7, 0xff, 0xfc, 0x3,
    0xff, 0x84,

    /* U+0129 "ĩ" */
    0x1c, 0xfd, 0x72, 0x1e, 0xdb, 0x30, 0x28, 0xde,
    0x17, 0x70, 0xe5, 0x28, 0x0, 0x63, 0xfc, 0x6b,
    0x5f, 0xdc, 0x22, 0x8, 0x6, 0x10, 0xc, 0x5f,
    0xf3, 0x80, 0x7f, 0xff, 0xc0, 0x3f, 0xfc, 0x0,

    /* U+012A "Ī" */
    0x7f, 0xff, 0xac, 0x3, 0xf9, 0x26, 0x7e, 0xf3,
    0x66, 0xf9, 0x0, 0x7, 0xff, 0x40, 0x7, 0xff,
    0xfc, 0x3, 0xff, 0xfe, 0x1, 0xff, 0xc2,

    /* U+012B "ī" */
    0x36, 0x6f, 0x91, 0x13, 0x3f, 0x78, 0x7, 0xf3,
    0xff, 0xfd, 0x60, 0x1f, 0xf1, 0x7f, 0xce, 0x1,
    0xff, 0xff, 0x0, 0xff, 0xf0, 0x0,

    /* U+012C "Ĭ" */
    0x28, 0x30, 0x8, 0xa0, 0xc1, 0xe8, 0x2, 0x47,
    0x62, 0x16, 0x40, 0x38, 0x4, 0xb, 0xb, 0xfc,
    0x19, 0x10, 0x5b, 0x42, 0x3a, 0x60, 0x9, 0x2f,
    0x71, 0x40, 0x31, 0xff, 0xd0, 0x1, 0xff, 0xff,
    0x0, 0xff, 0xff, 0x80, 0x7f, 0xf0, 0x80,

    /* U+012D "ĭ" */
    0x4f, 0x70, 0x9, 0x7d, 0x90, 0x24, 0xc0, 0xa0,
    0x10, 0x24, 0x73, 0xf4, 0x98, 0x81, 0xa8, 0xc4,
    0xe2, 0x40, 0x25, 0xce, 0xc7, 0x0, 0xc5, 0xff,
    0x38, 0x7, 0xff, 0xfc, 0x3, 0xff, 0xc0,

    /* U+012E "Į" */
    0x3, 0xff, 0xa0, 0x3, 0xff, 0xfe, 0x1, 0xff,
    0xd6, 0x22, 0x6, 0x40, 0x51, 0x29, 0x80, 0x10,
    0x11, 0xd4, 0x4, 0x6, 0x3c, 0x34, 0xc0, 0xb0,

    /* U+012F "į" */
    0x2, 0xff, 0x9c, 0x3, 0xff, 0x82, 0x55, 0x52,
    0x80, 0x15, 0x62, 0x2, 0xff, 0x9c, 0x3, 0xff,
    0xfe, 0x1, 0x8c, 0x83, 0x1c, 0x28, 0x94, 0xc0,
    0x8, 0x8, 0xea, 0x2, 0x3, 0x18, 0x1a, 0x60,
    0x58,

    /* U+0130 "İ" */
    0x7, 0x78, 0x86, 0x22, 0x40, 0xf, 0xf0, 0xff,
    0xcc, 0x7f, 0xf4, 0x0, 0x7f, 0xff, 0xc0, 0x3f,
    0xf8, 0x60,

    /* U+0131 "ı" */
    0x2f, 0xf9, 0xc0, 0x3f, 0xfe, 0xa0,

    /* U+0132 "Ĳ" */
    0x3f, 0xfa, 0x0, 0x3f, 0x2f, 0xfc, 0xc0, 0x1f,
    0xff, 0xf0, 0xf, 0xff, 0xf8, 0x7, 0xff, 0xa4,
    0x4d, 0x5c, 0x3, 0xff, 0x84, 0xd9, 0x50, 0x40,
    0x11, 0x80, 0x46, 0x1, 0xc4, 0x1, 0x28, 0x5,
    0x80, 0x13, 0x0, 0x72, 0x0, 0x50, 0xeb, 0xa,
    0x0, 0x13, 0x0, 0xe1, 0x50, 0xa, 0x29, 0xc0,
    0x28, 0x0, 0xfa, 0xc8, 0x3, 0xe7, 0x60, 0xf,
    0x87, 0x60, 0xc0, 0x4, 0xb9, 0x0, 0x0,

    /* U+0133 "ĳ" */
    0x2f, 0xf9, 0x80, 0x7, 0xff, 0x30, 0x7, 0xff,
    0x30, 0xaa, 0xa4, 0x0, 0x15, 0x54, 0x80, 0xab,
    0x10, 0x0, 0x55, 0x62, 0x27, 0xfc, 0xc0, 0x3,
    0xff, 0x98, 0x3, 0xff, 0xfe, 0x1, 0xff, 0xff,
    0x0, 0xe3, 0x2f, 0xf9, 0x80, 0xe, 0x1, 0xfc,
    0x8d, 0x20, 0x10, 0x80, 0x77, 0xc9, 0x0, 0x4a,
    0x1, 0xc8, 0x1, 0x98, 0x40, 0x30, 0x98, 0x81,
    0x44, 0x80,

    /* U+0134 "Ĵ" */
    0x0, 0xfc, 0xb9, 0x92, 0x80, 0x7f, 0x15, 0x19,
    0xd6, 0x20, 0x1f, 0xb8, 0x1, 0x20, 0x34, 0x1,
    0xf3, 0x98, 0x4b, 0x40, 0x23, 0x0, 0x79, 0xff,
    0xcc, 0xf, 0xfe, 0x60, 0xf, 0xfe, 0x5b, 0x7f,
    0xca, 0x1, 0xff, 0xff, 0x0, 0xff, 0xff, 0x80,
    0x7f, 0xf1, 0x44, 0xd5, 0xc0, 0x3f, 0xe9, 0xca,
    0x81, 0x0, 0x84, 0x2, 0x10, 0x7, 0x0, 0x4e,
    0x1, 0x60, 0x4, 0xc0, 0x4, 0x0, 0xa5, 0xd6,
    0x50, 0x0, 0x44, 0x0, 0x12, 0x0, 0x51, 0x4c,
    0x1, 0x40, 0x6, 0xa2, 0x0, 0xf9, 0xd4, 0x3,
    0xe, 0xc1, 0x80, 0x9, 0x72, 0x0, 0x30,

    /* U+0135 "ĵ" */
    0x0, 0x97, 0xfe, 0x90, 0xc, 0x34, 0x1, 0x32,
    0x80, 0x5a, 0x0, 0xc1, 0xb, 0x10, 0x51, 0x29,
    0x3d, 0x33, 0x48, 0x2e, 0xe9, 0x80, 0xf3, 0x60,
    0x2, 0x3f, 0xf9, 0x40, 0x3f, 0xff, 0xe0, 0x1f,
    0xff, 0x7, 0x0, 0xf9, 0x1a, 0x40, 0x26, 0x0,
    0xa2, 0x48, 0x2, 0x20, 0x8, 0xc0, 0x33, 0x8,
    0x0, 0x4c, 0x40, 0xa2, 0x40, 0x20,

    /* U+0136 "Ķ" */
    0x1f, 0xfa, 0xc0, 0x3c, 0x7f, 0xfb, 0x0, 0x3f,
    0xe2, 0xd0, 0x8, 0xb4, 0x3, 0xfc, 0x3e, 0x20,
    0x2, 0xc1, 0x0, 0xff, 0x69, 0x0, 0x7, 0xc4,
    0x3, 0xfd, 0x66, 0x0, 0x1c, 0x20, 0xf, 0xf5,
    0x20, 0x5, 0xa4, 0x1, 0xfe, 0x85, 0x0, 0xb0,
    0xc0, 0x3f, 0xce, 0xe0, 0x9, 0xcc, 0x3, 0xfc,
    0xb0, 0x1, 0x9c, 0x40, 0x3f, 0xc2, 0x1, 0xeb,
    0x0, 0xff, 0xe0, 0xc8, 0x80, 0x15, 0x0, 0x3f,
    0xe9, 0x69, 0x0, 0xa8, 0x3, 0xfd, 0x2c, 0xe,
    0x40, 0x1, 0x90, 0xf, 0xc8, 0xc0, 0x14, 0x80,
    0x4c, 0x60, 0x1f, 0xfc, 0x4, 0x40, 0x5, 0xc0,
    0x1f, 0xfc, 0x19, 0x0, 0x89, 0xc0, 0x3f, 0xf8,
    0x4, 0xc0, 0x14, 0x10, 0x7, 0xff, 0x2, 0x4,
    0x2, 0xe0, 0xf, 0xfe, 0x0, 0xc0, 0x4, 0x6c,
    0x3f, 0xf5, 0x80, 0x7c, 0xdf, 0xf9, 0x80, 0x3c,
    0x4a, 0xb1, 0x0, 0x7f, 0xf0, 0x52, 0xaa, 0x40,
    0xf, 0xfe, 0x29, 0x80, 0x7f, 0xf0, 0x5b, 0xc8,
    0x4, 0x3, 0xff, 0x82, 0x34, 0x42, 0x80, 0x1f,
    0xfc, 0x12, 0x52, 0xd0, 0xf, 0xfe, 0x11, 0xd6,
    0x98, 0x7, 0xe0,

    /* U+0137 "ķ" */
    0x4f, 0xf9, 0x40, 0x3f, 0xff, 0x83, 0xbf, 0xf3,
    0x0, 0x7e, 0xd2, 0x0, 0x3b, 0x0, 0x7d, 0x46,
    0x0, 0x68, 0x0, 0xf9, 0xd4, 0x0, 0x92, 0x1,
    0xf7, 0xc0, 0x0, 0xec, 0x3, 0xf2, 0x80, 0x56,
    0x1, 0xff, 0xc1, 0x81, 0x0, 0xff, 0xe0, 0xc0,
    0x7, 0xf5, 0xb0, 0x1, 0x88, 0x3, 0xe9, 0x48,
    0x0, 0xa4, 0x3, 0xe3, 0x1, 0x70, 0x2, 0x20,
    0x3, 0xfa, 0x44, 0x1, 0x0, 0x1f, 0xc3, 0x20,
    0x3, 0x50, 0xf, 0xe7, 0x10, 0x5, 0x82, 0x7f,
    0xca, 0x1, 0xbb, 0xfd, 0xc0, 0x1e, 0x55, 0x8c,
    0x3, 0xf8, 0xaa, 0xa9, 0x0, 0xff, 0xe0, 0x98,
    0x7, 0xf1, 0x7b, 0x7, 0x0, 0x7f, 0xa1, 0x81,
    0x40, 0x3f, 0xce, 0x14, 0x40, 0x1f, 0xeb, 0xe5,
    0x0, 0xf0,

    /* U+0138 "ĸ" */
    0x3f, 0xf9, 0x40, 0x2d, 0xff, 0x9c, 0x3, 0xf5,
    0x90, 0x1, 0x9c, 0x3, 0xe9, 0x40, 0x2, 0xc8,
    0x7, 0xcc, 0xc0, 0x2, 0x50, 0x7, 0xdf, 0x20,
    0x3, 0xb0, 0xf, 0xca, 0x1, 0x20, 0x7, 0xff,
    0x5, 0xc4, 0x3, 0xff, 0x83, 0x60, 0x1f, 0xd6,
    0xc0, 0x5, 0x30, 0xf, 0xa1, 0x20, 0x2, 0x80,
    0xf, 0x88, 0x6, 0x0, 0x8, 0x80, 0xf, 0xe7,
    0x10, 0x4, 0x80, 0x7f, 0xa0, 0x0, 0x4c, 0x1,
    0xfc, 0xc4, 0x0, 0x80,

    /* U+0139 "Ĺ" */
    0x0, 0xec, 0xdd, 0x50, 0x7, 0xf3, 0x19, 0x1d,
    0x80, 0x7f, 0x58, 0xe, 0x8, 0x7, 0xe5, 0x20,
    0xd2, 0x0, 0xfe, 0x5f, 0xf1, 0x80, 0x7d, 0xff,
    0x60, 0x7, 0xff, 0xfc, 0x3, 0xff, 0xfe, 0x1,
    0xff, 0xf0, 0x33, 0xfe, 0x0, 0xc7, 0x99, 0xfc,
    0x20, 0x1f, 0xfd, 0x0,

    /* U+013A "ĺ" */
    0x0, 0x66, 0xea, 0xc0, 0xa, 0x64, 0x72, 0x0,
    0x90, 0x6, 0x90, 0x19, 0x82, 0xcc, 0x0, 0x7f,
    0xe4, 0x0, 0x8b, 0xfe, 0x70, 0xf, 0xff, 0xf8,
    0x7, 0xff, 0xa4,

    /* U+013B "Ļ" */
    0xff, 0xb0, 0x3, 0xff, 0xfe, 0x1, 0xff, 0xff,
    0x0, 0xff, 0xf8, 0x19, 0xff, 0x0, 0x63, 0xcc,
    0xfe, 0x10, 0xf, 0xfe, 0x87, 0xff, 0xff, 0x4,
    0x40, 0x39, 0x56, 0x40, 0xf, 0xf5, 0x55, 0x0,
    0x1f, 0xfc, 0x17, 0x0, 0xff, 0x7c, 0x0, 0x80,
    0x7f, 0x9e, 0x3, 0x80, 0x3f, 0xd4, 0x10, 0x80,
    0x1f, 0xe9, 0xe7, 0x0, 0xf0,

    /* U+013C "ļ" */
    0x2f, 0xf9, 0xc0, 0x3f, 0xff, 0xe0, 0x1f, 0xfc,
    0x32, 0xff, 0x9c, 0x55, 0x62, 0x4a, 0xa9, 0x40,
    0x30, 0xaf, 0x98, 0x10, 0xd1, 0x8a, 0x1a, 0x8e,
    0x81, 0x57, 0x18, 0x0,

    /* U+013D "Ľ" */
    0xff, 0xb0, 0x3, 0x2f, 0xfc, 0x60, 0x1f, 0xfd,
    0x96, 0x52, 0x1, 0x0, 0xfe, 0x3a, 0x10, 0x30,
    0xf, 0xf2, 0x19, 0x84, 0x3, 0xf9, 0xac, 0x3c,
    0x3, 0xfc, 0x88, 0xd3, 0x0, 0xff, 0x15, 0x90,
    0x7, 0xff, 0xfc, 0x3, 0xff, 0x88, 0x67, 0xfc,
    0x1, 0x8f, 0x33, 0xf8, 0x40, 0x3f, 0xfa, 0x0,

    /* U+013E "ľ" */
    0x1f, 0xf9, 0xd3, 0xfe, 0x0, 0xff, 0xe5, 0xad,
    0x90, 0x80, 0x70, 0xa1, 0xa8, 0x7, 0x1e, 0xf,
    0x80, 0x70, 0x95, 0xa0, 0x7, 0x17, 0x20, 0x7,
    0xff, 0xfc, 0x3, 0xff, 0x9a,

    /* U+013F "Ŀ" */
    0xff, 0xb0, 0x3, 0xff, 0xfe, 0x1, 0xff, 0xd9,
    0xdf, 0xf5, 0x80, 0x7f, 0xf6, 0x95, 0x6c, 0x0,
    0xff, 0x45, 0x51, 0xc0, 0x3f, 0xfb, 0x46, 0x7f,
    0xc0, 0x18, 0xf3, 0x3f, 0x84, 0x3, 0xff, 0xa0,

    /* U+0140 "ŀ" */
    0x2f, 0xf9, 0xc0, 0x3f, 0xff, 0xe0, 0x1e, 0xef,
    0xf5, 0x0, 0x7f, 0xf3, 0x99, 0x55, 0x80, 0x1e,
    0x8a, 0xa3, 0x0, 0x7f, 0xfc, 0x0,

    /* U+0141 "Ł" */
    0x0, 0x77, 0xfb, 0x40, 0x3f, 0xfc, 0xc3, 0x80,
    0x1f, 0xfc, 0x12, 0xf3, 0x0, 0xff, 0xe0, 0x26,
    0x88, 0x7, 0xff, 0x0, 0xac, 0x1, 0x60, 0x1f,
    0xfc, 0x11, 0xc4, 0x0, 0xff, 0xe0, 0x1f, 0x98,
    0x7, 0xe1, 0x10, 0x0, 0x70, 0x40, 0x3f, 0x17,
    0x80, 0x46, 0x1, 0xfe, 0xf1, 0x0, 0xff, 0xe1,
    0x18, 0x7, 0xff, 0xd, 0x74, 0x40, 0x3f, 0xf8,
    0x36, 0x40, 0x1f, 0xfc, 0x83, 0x3f, 0xe0, 0xf,
    0x16, 0x67, 0xf1, 0x80, 0x7f, 0xf5, 0x0,

    /* U+0142 "ł" */
    0x2, 0xff, 0x9c, 0x3, 0xff, 0xb8, 0xa4, 0x1,
    0xd7, 0x40, 0x1e, 0x30, 0x30, 0xe, 0x1d, 0x10,
    0x10, 0xa, 0x48, 0xf, 0x40, 0x3d, 0xc2, 0x1,
    0xf3, 0x0, 0x7b, 0xac, 0x3, 0xc6, 0x1, 0xff,
    0xdb,

    /* U+0143 "Ń" */
    0x0, 0xf9, 0x77, 0x65, 0x0, 0xff, 0xa0, 0x88,
    0x8a, 0x1, 0xfe, 0x42, 0x5, 0x90, 0xf, 0xfb,
    0xc1, 0x28, 0x3, 0xff, 0x81, 0x7f, 0x60, 0x1f,
    0xf, 0xfd, 0xa0, 0x1f, 0x67, 0xfa, 0xc0, 0x31,
    0x38, 0x7, 0xff, 0xe, 0x8, 0x3, 0xff, 0x87,
    0x20, 0x1f, 0xfc, 0x34, 0x40, 0x7, 0xff, 0xe,
    0x40, 0x3f, 0xf8, 0x64, 0xe0, 0x1f, 0xf3, 0x80,
    0x50, 0x40, 0x1f, 0xee, 0x90, 0xa, 0x40, 0x3f,
    0xe6, 0x20, 0x2, 0x20, 0x3, 0xfe, 0xe0, 0xa,
    0x40, 0x3f, 0xe3, 0x60, 0x1, 0x38, 0x7, 0xfd,
    0x2, 0x0, 0x82, 0x0, 0xff, 0xc, 0x0, 0x42,
    0x1, 0xff, 0x31, 0x80, 0x7f, 0xf0, 0xfc, 0x3,
    0xff, 0x86, 0x6c, 0x1, 0xff, 0xc3, 0x81, 0x0,
    0xff, 0xe1, 0xc, 0x0, 0x60,

    /* U+0144 "ń" */
    0x0, 0xf3, 0xff, 0xca, 0x1, 0xfd, 0x20, 0x9,
    0x50, 0xf, 0xca, 0x20, 0xec, 0x1, 0xfd, 0xe4,
    0xd0, 0x1, 0xfe, 0xad, 0x90, 0xf, 0x17, 0xfc,
    0x43, 0x1b, 0xfd, 0x44, 0x1, 0xe7, 0xf7, 0x20,
    0x15, 0xd3, 0x0, 0xea, 0x11, 0x18, 0x6, 0x80,
    0xf, 0x47, 0x66, 0x88, 0x1, 0x0, 0x38, 0xdc,
    0x0, 0x4e, 0x1, 0x8, 0x6, 0x40, 0xd, 0xc0,
    0x1f, 0xb8, 0x3, 0xf1, 0x80, 0x7f, 0xff, 0xc0,
    0x3f, 0xf9, 0x60,

    /* U+0145 "Ņ" */
    0x1f, 0xfb, 0x40, 0x3e, 0xcf, 0xf5, 0x80, 0x62,
    0x70, 0xf, 0xfe, 0x1c, 0x10, 0x7, 0xff, 0xe,
    0x40, 0x3f, 0xf8, 0x68, 0x80, 0xf, 0xfe, 0x1c,
    0x80, 0x7f, 0xf0, 0xc9, 0xc0, 0x3f, 0xe7, 0x0,
    0xa0, 0x80, 0x3f, 0xdd, 0x20, 0x14, 0x80, 0x7f,
    0xcc, 0x40, 0x4, 0x40, 0x7, 0xfd, 0xc0, 0x14,
    0x80, 0x7f, 0xc6, 0xc0, 0x2, 0x70, 0xf, 0xfa,
    0x4, 0x1, 0x4, 0x1, 0xfe, 0x18, 0x0, 0x84,
    0x3, 0xfe, 0x63, 0x0, 0xff, 0xe1, 0xf8, 0x7,
    0xff, 0xc, 0xd8, 0x3, 0xff, 0x87, 0x2, 0x1,
    0xff, 0xc2, 0x18, 0x0, 0xc3, 0xff, 0x30, 0x7,
    0x9b, 0xfe, 0xb0, 0xf, 0x2a, 0xe0, 0xf, 0xfe,
    0x5, 0xd5, 0x2c, 0x3, 0xff, 0x86, 0x60, 0x1f,
    0xfc, 0xe, 0xa0, 0x10, 0xf, 0xfe, 0x3, 0x58,
    0x50, 0x7, 0xff, 0x3, 0x45, 0xd8, 0x3, 0xff,
    0x81, 0x1b, 0x0, 0x1f, 0x0,

    /* U+0146 "ņ" */
    0x2f, 0xf8, 0x86, 0x37, 0xfa, 0x88, 0x3, 0xcf,
    0xee, 0x40, 0x2b, 0xa6, 0x1, 0xd4, 0x22, 0x30,
    0xd, 0x0, 0x1e, 0x8e, 0xcd, 0x10, 0x2, 0x0,
    0x71, 0xb8, 0x0, 0x9c, 0x2, 0x10, 0xc, 0x80,
    0x1b, 0x80, 0x3f, 0x70, 0x7, 0xe3, 0x0, 0xff,
    0xff, 0x80, 0x7f, 0xf2, 0xcb, 0xfe, 0x60, 0xc,
    0xff, 0xf1, 0x0, 0x72, 0xae, 0x0, 0xff, 0x5d,
    0x52, 0xc0, 0x3f, 0xf8, 0x26, 0x1, 0xfe, 0xea,
    0x6, 0x0, 0xff, 0x35, 0x86, 0x80, 0x7f, 0xb4,
    0x5d, 0x80, 0x3f, 0xd1, 0xb0, 0x1, 0xe0,

    /* U+0147 "Ň" */
    0x0, 0xd7, 0xb6, 0x0, 0xad, 0xc1, 0x0, 0xfb,
    0xc9, 0x25, 0xd4, 0xac, 0x40, 0x3e, 0x46, 0x6,
    0x80, 0x37, 0x0, 0xfe, 0x92, 0x0, 0xb8, 0x3,
    0xfe, 0xdf, 0xf8, 0x80, 0x38, 0x7f, 0xed, 0x0,
    0xfb, 0x3f, 0xd6, 0x1, 0x89, 0xc0, 0x3f, 0xf8,
    0x70, 0x40, 0x1f, 0xfc, 0x39, 0x0, 0xff, 0xe1,
    0xa2, 0x0, 0x3f, 0xf8, 0x72, 0x1, 0xff, 0xc3,
    0x27, 0x0, 0xff, 0x9c, 0x2, 0x82, 0x0, 0xff,
    0x74, 0x80, 0x52, 0x1, 0xff, 0x31, 0x0, 0x11,
    0x0, 0x1f, 0xf7, 0x0, 0x52, 0x1, 0xff, 0x1b,
    0x0, 0x9, 0xc0, 0x3f, 0xe8, 0x10, 0x4, 0x10,
    0x7, 0xf8, 0x60, 0x2, 0x10, 0xf, 0xf9, 0x8c,
    0x3, 0xff, 0x87, 0xe0, 0x1f, 0xfc, 0x33, 0x60,
    0xf, 0xfe, 0x1c, 0x8, 0x7, 0xff, 0x8, 0x60,
    0x3, 0x0,

    /* U+0148 "ň" */
    0x0, 0xf, 0x7e, 0x80, 0xf7, 0xf0, 0x7, 0xd,
    0x1, 0x55, 0x4, 0x28, 0x3, 0xc8, 0xc0, 0xa8,
    0xe, 0x80, 0x1f, 0x4a, 0x11, 0x12, 0x0, 0x3f,
    0xaf, 0x75, 0x60, 0x1c, 0x5f, 0xf1, 0xc, 0x6f,
    0xf5, 0x10, 0x7, 0x9f, 0xdc, 0x80, 0x57, 0x4c,
    0x3, 0xa8, 0x44, 0x60, 0x1a, 0x0, 0x3d, 0x1d,
    0x9a, 0x20, 0x4, 0x0, 0xe3, 0x70, 0x1, 0x38,
    0x4, 0x20, 0x19, 0x0, 0x37, 0x0, 0x7e, 0xe0,
    0xf, 0xc6, 0x1, 0xff, 0xff, 0x0, 0xff, 0xe5,
    0x80,

    /* U+0149 "ŉ" */
    0x7f, 0xf8, 0x80, 0x3f, 0xfc, 0xa6, 0xa2, 0x6,
    0x1, 0xff, 0xc1, 0x4a, 0x30, 0x10, 0xf, 0xfe,
    0x13, 0x12, 0x6, 0x7f, 0xa0, 0x17, 0x3f, 0xd8,
    0xa0, 0x8, 0x91, 0x90, 0xc, 0x35, 0x43, 0x0,
    0x1d, 0x40, 0x5a, 0x61, 0x0, 0x66, 0x50, 0x31,
    0x0, 0x9c, 0x8e, 0xc8, 0x3, 0xc7, 0xd9, 0xca,
    0x1, 0x20, 0x7, 0xf7, 0x8, 0x2, 0x40, 0x21,
    0x0, 0xfc, 0x24, 0x1, 0x10, 0x5, 0xe0, 0x1f,
    0x8c, 0x3, 0x8, 0x7, 0xff, 0x0, 0x40, 0x3f,
    0xff, 0xe0, 0x1f, 0xfd, 0xe0,

    /* U+014A "Ŋ" */
    0xf, 0xfa, 0xc0, 0x7, 0x3b, 0xfd, 0x68, 0x1,
    0xfd, 0x38, 0xc4, 0x2, 0x96, 0xc0, 0x1e, 0x7b,
    0x60, 0xf, 0xa4, 0xc0, 0x38, 0xd0, 0x12, 0x25,
    0x40, 0x34, 0x80, 0x7d, 0x76, 0x76, 0xa9, 0x0,
    0x94, 0x40, 0x3a, 0x90, 0x3, 0x30, 0x80, 0x4a,
    0x1, 0xca, 0x1, 0xe4, 0x0, 0x88, 0x3, 0x18,
    0x7, 0xda, 0x1, 0x70, 0x6, 0x70, 0xf, 0x84,
    0x3, 0xff, 0x88, 0x60, 0x10, 0x80, 0x7f, 0xf1,
    0x4, 0x3, 0xff, 0xa2, 0x60, 0x17, 0x80, 0x7f,
    0xf0, 0x38, 0x2, 0x10, 0xf, 0xfe, 0x2, 0x0,
    0x44, 0x1, 0xf9, 0x18, 0xdc, 0xc0, 0x24, 0x0,
    0xfd, 0x13, 0x90, 0x1, 0x38, 0x7, 0xe2, 0x30,
    0xe, 0x38, 0x0, 0xfc, 0x2a, 0x40, 0x2, 0x7c,
    0x0, 0x0,

    /* U+014B "ŋ" */
    0x3f, 0xf8, 0x45, 0x3b, 0xfd, 0x44, 0x1, 0xe4,
    0xf6, 0x20, 0x15, 0xd2, 0x0, 0xea, 0x11, 0x18,
    0x6, 0x90, 0xf, 0x47, 0x66, 0x80, 0x48, 0x1,
    0xc8, 0xe0, 0x2, 0x60, 0xf, 0xd8, 0x1, 0x84,
    0x2, 0x10, 0xc, 0x20, 0x1b, 0xc0, 0x3f, 0xff,
    0xe0, 0x1f, 0xfc, 0xf3, 0xff, 0x98, 0x3, 0x70,
    0x4, 0x20, 0x1f, 0x3c, 0x30, 0x7, 0xfd, 0xe,
    0x1, 0x10, 0x7, 0xc6, 0x1, 0xd0, 0x1, 0xf8,
    0xc0, 0x4e, 0xd4, 0x0,

    /* U+014C "Ō" */
    0x0, 0xe6, 0x6f, 0xc2, 0x1, 0xfe, 0x99, 0xfc,
    0x40, 0x1f, 0xfd, 0x1f, 0xff, 0xc6, 0x1, 0xff,
    0xd1, 0x5a, 0xdf, 0xf7, 0x5b, 0x88, 0x7, 0xe4,
    0xea, 0x52, 0x0, 0xa, 0x47, 0x38, 0x7, 0x96,
    0xc4, 0x3, 0xfa, 0x28, 0x3, 0x1d, 0x0, 0x42,
    0xf5, 0x72, 0x60, 0x12, 0xb8, 0x5, 0xe0, 0x12,
    0x74, 0x2a, 0x36, 0x40, 0x5, 0x2, 0x6, 0x60,
    0x0, 0xd8, 0x7, 0x9d, 0x40, 0x29, 0xb, 0x0,
    0xa4, 0x3, 0xf4, 0x0, 0x48, 0x6, 0x1, 0x20,
    0x7, 0xe2, 0x10, 0x1, 0x83, 0x80, 0x46, 0x1,
    0xfc, 0x40, 0x10, 0x88, 0x3, 0xff, 0x82, 0xe0,
    0x11, 0x88, 0x4, 0x20, 0x1f, 0xce, 0x1, 0x1b,
    0x80, 0x44, 0x1, 0xfc, 0x40, 0x10, 0x98, 0x4,
    0x80, 0x1f, 0x8c, 0x40, 0x4, 0x16, 0x1, 0x48,
    0x80, 0x7d, 0x20, 0x12, 0x81, 0x98, 0x0, 0x3a,
    0x20, 0x1d, 0xa, 0x1, 0x48, 0x3, 0xc0, 0x23,
    0xf8, 0x54, 0x7d, 0x70, 0x9, 0xc4, 0x0, 0x72,
    0x1, 0xb, 0xd5, 0xc1, 0x0, 0x4b, 0x0, 0x19,
    0xac, 0x80, 0x3f, 0xa2, 0x80, 0x3c, 0x9b, 0x4a,
    0x40, 0x1, 0x48, 0xe7, 0x0, 0xc0,

    /* U+014D "ō" */
    0x0, 0x99, 0xbf, 0x0, 0x71, 0x4c, 0xfe, 0x0,
    0xff, 0xe3, 0x97, 0xff, 0xe0, 0xf, 0xfe, 0x41,
    0x46, 0xff, 0xb6, 0x48, 0x3, 0x9f, 0x5c, 0x80,
    0x4, 0xda, 0xe0, 0x13, 0x40, 0x7, 0xe8, 0x60,
    0x19, 0x0, 0xab, 0xfd, 0x40, 0x14, 0x8c, 0x80,
    0x54, 0xa0, 0x5, 0x90, 0xa, 0x50, 0x0, 0x2a,
    0x1, 0x98, 0x40, 0x8, 0x40, 0x2, 0x0, 0xf1,
    0x0, 0x8, 0x3, 0xff, 0x84, 0x40, 0x2, 0x0,
    0xf1, 0x0, 0x9, 0x0, 0x2, 0xc0, 0x19, 0x84,
    0x0, 0x94, 0x1, 0x4a, 0x80, 0x16, 0x40, 0x29,
    0x28, 0x0, 0xab, 0xfd, 0x40, 0x14, 0x88, 0x3c,
    0x0, 0x7e, 0x96, 0x0, 0x9f, 0x5c, 0x80, 0x4,
    0xdc, 0xc0, 0x0,

    /* U+014E "Ŏ" */
    0x0, 0xe6, 0x70, 0xc, 0xce, 0x1, 0xff, 0x64,
    0x28, 0x1, 0x26, 0xc0, 0x3f, 0xe8, 0xa, 0xff,
    0x58, 0x40, 0x7, 0xfc, 0x58, 0x82, 0x23, 0xb4,
    0x0, 0xff, 0xe0, 0x1d, 0xf7, 0x31, 0x0, 0x3f,
    0xfa, 0x6b, 0x5b, 0xfe, 0xeb, 0x71, 0x0, 0xfc,
    0x9d, 0x4a, 0x40, 0x1, 0x48, 0xe7, 0x0, 0xf2,
    0xd8, 0x80, 0x7f, 0x45, 0x0, 0x63, 0xa0, 0x8,
    0x5e, 0xae, 0x4c, 0x2, 0x57, 0x0, 0xbc, 0x2,
    0x4e, 0x85, 0x46, 0xc8, 0x0, 0xa0, 0x40, 0xcc,
    0x0, 0x1b, 0x0, 0xf3, 0xa8, 0x5, 0x21, 0x60,
    0x14, 0x80, 0x7e, 0x80, 0x9, 0x0, 0xc0, 0x24,
    0x0, 0xfc, 0x42, 0x0, 0x30, 0x70, 0x8, 0xc0,
    0x3f, 0x88, 0x2, 0x11, 0x0, 0x7f, 0xf0, 0x5c,
    0x2, 0x31, 0x0, 0x84, 0x3, 0xf9, 0xc0, 0x23,
    0x70, 0x8, 0x80, 0x3f, 0x88, 0x2, 0x13, 0x0,
    0x90, 0x3, 0xf1, 0x88, 0x0, 0x82, 0xc0, 0x29,
    0x10, 0xf, 0xa4, 0x2, 0x50, 0x33, 0x0, 0x7,
    0x44, 0x3, 0xa1, 0x40, 0x29, 0x0, 0x78, 0x4,
    0x7f, 0xa, 0x8f, 0xae, 0x1, 0x38, 0x80, 0xe,
    0x40, 0x21, 0x7a, 0xb8, 0x20, 0x9, 0x60, 0x3,
    0x35, 0x90, 0x7, 0xf4, 0x50, 0x7, 0x93, 0x69,
    0x48, 0x0, 0x29, 0x1c, 0xe0, 0x18,

    /* U+014F "ŏ" */
    0x0, 0xbb, 0x84, 0x0, 0x3f, 0xb0, 0xf, 0x48,
    0xef, 0x7e, 0x7, 0x80, 0x79, 0xe8, 0xc4, 0x49,
    0x68, 0x1, 0xf2, 0xe7, 0xf5, 0xa0, 0x7, 0xff,
    0x24, 0xa3, 0x7f, 0xdb, 0x24, 0x1, 0xcf, 0xae,
    0x40, 0x2, 0x6d, 0x70, 0x9, 0xa0, 0x3, 0xf4,
    0x30, 0xc, 0x80, 0x55, 0xfe, 0xa0, 0xa, 0x46,
    0x40, 0x2a, 0x50, 0x2, 0xc8, 0x5, 0x28, 0x0,
    0x15, 0x0, 0xcc, 0x20, 0x4, 0x20, 0x1, 0x0,
    0x78, 0x80, 0x4, 0x1, 0xff, 0xc2, 0x20, 0x1,
    0x0, 0x78, 0x80, 0x4, 0x80, 0x1, 0x60, 0xc,
    0xc2, 0x0, 0x4a, 0x0, 0xa5, 0x40, 0xb, 0x20,
    0x14, 0x94, 0x0, 0x55, 0xfe, 0xa0, 0xa, 0x44,
    0x1e, 0x0, 0x3f, 0x4b, 0x0, 0x4f, 0xae, 0x40,
    0x2, 0x6e, 0x60, 0x0,

    /* U+0150 "Ő" */
    0x0, 0xf2, 0xff, 0xc7, 0x3f, 0xed, 0x0, 0xff,
    0x40, 0x2, 0x89, 0x80, 0x7c, 0x3, 0xf9, 0x8,
    0x21, 0x64, 0x1, 0x44, 0x1, 0xfd, 0xa4, 0xce,
    0x8, 0x52, 0x80, 0x1f, 0xe9, 0xd9, 0x0, 0x66,
    0xb0, 0x7, 0xfc, 0xb5, 0xbf, 0xee, 0xb7, 0x10,
    0xf, 0xc9, 0xd4, 0xa4, 0x0, 0x14, 0x8e, 0x70,
    0xf, 0x2d, 0x88, 0x7, 0xf4, 0x50, 0x6, 0x3a,
    0x0, 0x85, 0xea, 0xe4, 0xc0, 0x25, 0x70, 0xb,
    0xc0, 0x24, 0xe8, 0x54, 0x6c, 0x80, 0xa, 0x4,
    0xc, 0xc0, 0x1, 0xb0, 0xf, 0x3a, 0x80, 0x52,
    0x16, 0x1, 0x48, 0x7, 0xe8, 0x0, 0x90, 0xc,
    0x2, 0x40, 0xf, 0xc4, 0x20, 0x3, 0x7, 0x0,
    0x8c, 0x3, 0xf8, 0x80, 0x21, 0x10, 0x7, 0xff,
    0x5, 0xc0, 0x23, 0x10, 0x8, 0x40, 0x3f, 0x9c,
    0x2, 0x37, 0x0, 0x88, 0x3, 0xf8, 0x80, 0x21,
    0x30, 0x9, 0x0, 0x3f, 0x18, 0x80, 0x8, 0x2c,
    0x2, 0x91, 0x0, 0xfa, 0x40, 0x25, 0x3, 0x30,
    0x0, 0x74, 0x40, 0x3a, 0x14, 0x2, 0x90, 0x7,
    0x80, 0x47, 0xf0, 0xa8, 0xfa, 0xe0, 0x13, 0x88,
    0x0, 0xe4, 0x2, 0x17, 0xab, 0x82, 0x0, 0x96,
    0x0, 0x33, 0x59, 0x0, 0x7f, 0x45, 0x0, 0x79,
    0x36, 0x94, 0x80, 0x2, 0x91, 0xce, 0x1, 0x80,

    /* U+0151 "ő" */
    0x0, 0xdb, 0xfe, 0xa1, 0xff, 0x98, 0x3, 0x21,
    0x1, 0xd4, 0x80, 0x19, 0x80, 0x1a, 0x0, 0x74,
    0x18, 0x12, 0x40, 0x31, 0x9, 0x68, 0xa9, 0x9a,
    0x80, 0x38, 0xb7, 0x46, 0xb, 0xb8, 0x20, 0x1e,
    0x28, 0xdf, 0xf6, 0xc9, 0x0, 0x73, 0xeb, 0x90,
    0x0, 0x9b, 0x5c, 0x2, 0x68, 0x0, 0xfd, 0xc,
    0x3, 0x20, 0x15, 0x7f, 0xa8, 0x2, 0x91, 0x90,
    0xa, 0x94, 0x0, 0xb2, 0x1, 0x4a, 0x0, 0x5,
    0x40, 0x33, 0x8, 0x1, 0x8, 0x0, 0x40, 0x1e,
    0x20, 0x1, 0x0, 0x7f, 0xf0, 0x88, 0x0, 0x40,
    0x1e, 0x20, 0x1, 0x20, 0x0, 0x58, 0x3, 0x30,
    0x80, 0x12, 0x80, 0x29, 0x50, 0x2, 0xc8, 0x5,
    0x25, 0x0, 0x15, 0x7f, 0xa8, 0x2, 0x91, 0x7,
    0x80, 0xf, 0xd2, 0xc0, 0x13, 0xeb, 0x90, 0x0,
    0x9b, 0x98, 0x0,

    /* U+0152 "Œ" */
    0x0, 0xe7, 0xce, 0xfd, 0x92, 0xc, 0xff, 0xff,
    0x68, 0x6, 0x3e, 0x83, 0x10, 0x26, 0xd6, 0x0,
    0xff, 0xe1, 0x8e, 0x88, 0x7, 0xd2, 0x60, 0x1f,
    0xfc, 0x2a, 0x10, 0x9, 0xee, 0x98, 0x3, 0x9b,
    0x33, 0xef, 0x0, 0x1a, 0x0, 0x7, 0x61, 0x16,
    0x6c, 0x3, 0x71, 0x9f, 0xc4, 0x0, 0xa0, 0xa,
    0x8, 0x3, 0x23, 0x0, 0x7f, 0xf0, 0x94, 0x2,
    0x70, 0xf, 0x68, 0x7, 0xff, 0x8, 0xc0, 0x2,
    0x20, 0xf, 0x28, 0x5, 0x1f, 0xff, 0x10, 0x7,
    0x18, 0x7, 0xc2, 0x1, 0xff, 0xc1, 0x10, 0x8,
    0x40, 0x3f, 0xf9, 0x22, 0x1, 0x8, 0x7, 0xfc,
    0xd9, 0x9f, 0x10, 0x7, 0x10, 0x7, 0xc4, 0x1,
    0x71, 0x9f, 0xc0, 0x11, 0x80, 0x44, 0x1, 0xe7,
    0x0, 0xff, 0xe1, 0x20, 0x4, 0xa0, 0x1e, 0xf0,
    0xf, 0xfe, 0x15, 0x80, 0x52, 0x20, 0x18, 0xd4,
    0x3, 0xff, 0x84, 0x68, 0x0, 0x1f, 0x74, 0x44,
    0x60, 0x6, 0xe3, 0x3f, 0xc0, 0x15, 0x0, 0x43,
    0x17, 0x67, 0x0, 0xe6, 0xcc, 0xfc, 0x60, 0x1,
    0xc1, 0x0, 0xf9, 0x8c, 0x3, 0xff, 0x86, 0x7d,
    0x6, 0x20, 0x29, 0x72, 0x1, 0xff, 0xc1,

    /* U+0153 "œ" */
    0x0, 0x8a, 0x37, 0xfd, 0xb0, 0x20, 0x6, 0xce,
    0xfd, 0x92, 0x0, 0xe7, 0xd7, 0x20, 0x1, 0x3f,
    0x2e, 0x49, 0x88, 0x13, 0x6a, 0x80, 0x4d, 0x0,
    0x1f, 0xa8, 0xc0, 0x4, 0x82, 0x0, 0xa3, 0x1,
    0x90, 0xa, 0x7f, 0xa0, 0x3, 0xa3, 0x6f, 0xcc,
    0x1, 0x0, 0xe0, 0x14, 0xb0, 0xb, 0xb8, 0x2,
    0x17, 0x0, 0xf, 0x80, 0x10, 0x74, 0x2, 0x60,
    0xd, 0x20, 0x11, 0x22, 0x67, 0x0, 0x95, 0x80,
    0x4, 0x1, 0xc2, 0x1, 0x1d, 0xdf, 0x0, 0x44,
    0x1, 0xff, 0xca, 0x16, 0x0, 0x10, 0x7, 0x8,
    0x4, 0x9f, 0xff, 0x9f, 0x0, 0x27, 0x0, 0xd2,
    0x1, 0x28, 0x6, 0x38, 0x63, 0x6, 0x0, 0xa1,
    0x84, 0x4e, 0xe0, 0x8, 0x68, 0x0, 0x3c, 0xf3,
    0x82, 0x29, 0x0, 0xa7, 0xb9, 0x0, 0x1c, 0xbf,
    0x9c, 0x40, 0x8, 0x10, 0x69, 0x0, 0xf8, 0x69,
    0x0, 0x23, 0x0, 0x9d, 0xc0, 0x13, 0x6b, 0x10,
    0x0, 0xdf, 0xd6, 0xe9, 0x4, 0x5, 0x2e, 0x0,
    0x0,

    /* U+0154 "Ŕ" */
    0x0, 0xf3, 0x6e, 0xc8, 0x1, 0xff, 0xc1, 0x82,
    0x25, 0x20, 0x7, 0xff, 0x1, 0x44, 0x19, 0xc0,
    0x3f, 0xf8, 0x30, 0xb, 0x20, 0x1f, 0xfc, 0x2d,
    0xfa, 0x0, 0xff, 0xf, 0xff, 0xfb, 0x69, 0x0,
    0x3f, 0xf8, 0x64, 0xb7, 0x20, 0x1f, 0xfc, 0x56,
    0x50, 0xf, 0x26, 0x67, 0x51, 0x80, 0x50, 0x1,
    0xe1, 0x33, 0xe5, 0xc0, 0x8, 0x80, 0x3f, 0xf8,
    0x46, 0x1, 0x8, 0x7, 0xff, 0x4, 0x80, 0x21,
    0x0, 0xff, 0x8a, 0x84, 0x0, 0x80, 0x1e, 0x5f,
    0xfe, 0xd5, 0x0, 0xa4, 0x3, 0xff, 0x86, 0x58,
    0x40, 0x1f, 0xfc, 0x14, 0xbd, 0x30, 0xf, 0x97,
    0xfa, 0x84, 0x0, 0x86, 0x1, 0xff, 0xa, 0xe8,
    0x5, 0xe, 0x1, 0xff, 0xc0, 0x38, 0x0, 0xa0,
    0xc0, 0x3f, 0xf8, 0xe, 0x60, 0x17, 0x0, 0x7f,
    0xf0, 0x78, 0x2, 0x28, 0x0, 0xff, 0xe0, 0x14,
    0x0, 0x4e, 0x40, 0x1f, 0xfc, 0x7, 0x20, 0xa,
    0x40, 0x3f, 0xf8, 0x3c, 0x1, 0x22, 0x80,

    /* U+0155 "ŕ" */
    0x0, 0xdd, 0xfe, 0xc0, 0xe, 0x61, 0x2, 0xd0,
    0xe, 0xb0, 0x1c, 0x10, 0xc, 0x80, 0x58, 0x20,
    0x1c, 0x9b, 0xa2, 0x0, 0xc9, 0xff, 0x3, 0xf7,
    0xe9, 0x80, 0x68, 0x80, 0x81, 0x10, 0x3, 0x38,
    0x4, 0x62, 0x1, 0xcb, 0x71, 0x20, 0x1c, 0x54,
    0x8e, 0xa0, 0x1c, 0xa0, 0x1f, 0xdc, 0x1, 0xfc,
    0x60, 0x1f, 0xc2, 0x1, 0xff, 0xeb,

    /* U+0156 "Ŗ" */
    0x1f, 0xff, 0xf6, 0xd2, 0x0, 0x7f, 0xf0, 0xc9,
    0x6e, 0x40, 0x3f, 0xf8, 0xac, 0xa0, 0x1e, 0x4c,
    0xce, 0xa3, 0x0, 0xa0, 0x3, 0xc2, 0x67, 0xcb,
    0x80, 0x11, 0x0, 0x7f, 0xf0, 0x8c, 0x2, 0x10,
    0xf, 0xfe, 0x9, 0x0, 0x42, 0x1, 0xff, 0x15,
    0x8, 0x1, 0x0, 0x3c, 0xbf, 0xfd, 0xaa, 0x1,
    0x48, 0x7, 0xff, 0xc, 0xb0, 0x80, 0x3f, 0xf8,
    0x29, 0x7a, 0x60, 0x1f, 0x2f, 0xf5, 0x8, 0x1,
    0xc, 0x3, 0xfe, 0x15, 0xd0, 0xa, 0x1c, 0x3,
    0xff, 0x80, 0x70, 0x1, 0x41, 0x80, 0x7f, 0xf0,
    0x1c, 0xc0, 0x2e, 0x0, 0xff, 0xe0, 0xf0, 0x4,
    0x50, 0x1, 0xff, 0xc0, 0x28, 0x0, 0x9c, 0x80,
    0x3f, 0xf8, 0xe, 0x40, 0x14, 0x80, 0x7f, 0xf0,
    0x78, 0x2, 0x45, 0x1f, 0xfa, 0x80, 0x3e, 0x3f,
    0xfc, 0xa0, 0x1e, 0x15, 0x58, 0xc0, 0x3f, 0xf8,
    0x2b, 0x55, 0x58, 0x7, 0xff, 0x4d, 0x3d, 0x3,
    0x80, 0x3f, 0xf8, 0x23, 0x28, 0xe, 0x1, 0xff,
    0xc2, 0x61, 0xb1, 0x0, 0xff, 0xe0, 0x8d, 0xf2,
    0x0, 0x7e,

    /* U+0157 "ŗ" */
    0x4f, 0xf8, 0x1f, 0xbf, 0x4c, 0x3, 0x44, 0x4,
    0x8, 0x80, 0x19, 0xc0, 0x23, 0x10, 0xe, 0x5b,
    0x89, 0x0, 0xe2, 0xa4, 0x75, 0x0, 0xe5, 0x0,
    0xfe, 0xe0, 0xf, 0xe3, 0x0, 0xfe, 0x10, 0xf,
    0xff, 0x5a, 0x7f, 0xc8, 0x1, 0xc4, 0xab, 0x10,
    0x7, 0x25, 0x54, 0x80, 0x1f, 0xc6, 0x1, 0xcd,
    0xe4, 0xc, 0x1, 0xc5, 0x44, 0x43, 0x0, 0xe1,
    0x52, 0xf0, 0xf, 0x1d, 0x69, 0x0, 0x78,

    /* U+0158 "Ř" */
    0x0, 0xaf, 0x6c, 0x1, 0x5b, 0x82, 0x1, 0xfd,
    0xe4, 0x93, 0xa, 0x56, 0x20, 0x1f, 0xc8, 0xc0,
    0xce, 0x6, 0xe0, 0x1f, 0xf4, 0x90, 0x5, 0xc0,
    0x1f, 0xfc, 0x1d, 0xff, 0x88, 0x3, 0xf0, 0xff,
    0xff, 0xb6, 0x90, 0x3, 0xff, 0x86, 0x4b, 0x72,
    0x1, 0xff, 0xc5, 0x65, 0x0, 0xf2, 0x66, 0x75,
    0x18, 0x5, 0x0, 0x1e, 0x13, 0x3e, 0x5c, 0x0,
    0x88, 0x3, 0xff, 0x84, 0x60, 0x10, 0x80, 0x7f,
    0xf0, 0x48, 0x2, 0x10, 0xf, 0xf8, 0xa8, 0x40,
    0x8, 0x1, 0xe5, 0xff, 0xed, 0x50, 0xa, 0x40,
    0x3f, 0xf8, 0x65, 0x84, 0x1, 0xff, 0xc1, 0x4b,
    0xd3, 0x0, 0xf9, 0x7f, 0xa8, 0x40, 0x8, 0x60,
    0x1f, 0xf0, 0xae, 0x80, 0x50, 0xe0, 0x1f, 0xfc,
    0x3, 0x80, 0xa, 0xc, 0x3, 0xff, 0x80, 0xe6,
    0x1, 0x70, 0x7, 0xff, 0x7, 0x80, 0x22, 0x80,
    0xf, 0xfe, 0x1, 0x40, 0x4, 0xe4, 0x1, 0xff,
    0xc0, 0x72, 0x0, 0xa4, 0x3, 0xff, 0x83, 0xc0,
    0x12, 0x28,

    /* U+0159 "ř" */
    0xaf, 0xf2, 0x5, 0x7f, 0x90, 0x28, 0x42, 0x9d,
    0x41, 0x90, 0x1, 0xa0, 0x30, 0x5, 0x20, 0x11,
    0xc1, 0x10, 0xf8, 0x3, 0x9f, 0x75, 0x86, 0x1,
    0x27, 0xfc, 0xf, 0xdf, 0xa6, 0x1, 0xa2, 0x2,
    0x4, 0x40, 0xc, 0xe0, 0x11, 0x88, 0x7, 0x2d,
    0xc4, 0x80, 0x71, 0x52, 0x3a, 0x80, 0x72, 0x80,
    0x7f, 0x70, 0x7, 0xf1, 0x80, 0x7f, 0x8, 0x7,
    0xff, 0xac,

    /* U+015A "Ś" */
    0x0, 0xfc, 0xff, 0xf2, 0x0, 0x7f, 0xf0, 0x24,
    0x1, 0x28, 0x1, 0xff, 0x30, 0x84, 0x30, 0x7,
    0xff, 0x3, 0x49, 0xdc, 0x1, 0xff, 0xc1, 0xbd,
    0x80, 0xf, 0xf8, 0xe7, 0x7b, 0xfb, 0x24, 0x80,
    0x3e, 0x9c, 0x62, 0x10, 0x13, 0x6d, 0x80, 0xe,
    0x86, 0x0, 0xfe, 0x77, 0x0, 0x42, 0xe0, 0x13,
    0xde, 0x5a, 0x80, 0x50, 0x20, 0x5, 0x0, 0xaa,
    0x10, 0xd2, 0x94, 0x2, 0x40, 0x0, 0x80, 0x46,
    0x1, 0xd2, 0x89, 0x0, 0x4e, 0x1, 0x4c, 0x10,
    0x4, 0x77, 0x72, 0x80, 0x9, 0x0, 0x27, 0xde,
    0xa6, 0x10, 0xf, 0xa8, 0x80, 0x30, 0xac, 0xf5,
    0x98, 0x7, 0xe, 0xb8, 0x80, 0x79, 0x31, 0xc0,
    0x3d, 0x1d, 0x6e, 0x40, 0x1d, 0x8, 0x1, 0xf2,
    0x46, 0xf5, 0x10, 0x5, 0x0, 0x6, 0x79, 0x70,
    0xc, 0x2b, 0xa2, 0x0, 0x30, 0x4, 0x41, 0xa0,
    0x3, 0xe2, 0x0, 0xe4, 0x0, 0xa4, 0x3, 0x8c,
    0xc0, 0x1, 0x0, 0x48, 0x4, 0xd6, 0xc8, 0xb1,
    0x80, 0x13, 0x80, 0xd, 0x80, 0x24, 0x9b, 0xa7,
    0x0, 0x86, 0x0, 0x29, 0x60, 0xf, 0xe2, 0xc1,
    0x0, 0xd3, 0x8c, 0x62, 0x0, 0x25, 0xad, 0x20,
    0x0,

    /* U+015B "ś" */
    0x0, 0xfa, 0xff, 0xdc, 0x40, 0x1f, 0x89, 0x0,
    0x1a, 0x40, 0x1f, 0xac, 0x1, 0x66, 0x1, 0xfc,
    0x85, 0x48, 0x1, 0xfe, 0xdd, 0x28, 0x7, 0xe6,
    0xbe, 0xff, 0x75, 0x20, 0x7, 0x64, 0xa0, 0x80,
    0x5, 0x6d, 0xc0, 0x28, 0x30, 0x1, 0xb2, 0x80,
    0x50, 0x60, 0x5, 0x0, 0x3e, 0x4d, 0x70, 0x81,
    0xa8, 0x7, 0x2a, 0x84, 0x7, 0xfd, 0x8c, 0x0,
    0x40, 0x1, 0x57, 0x64, 0xa8, 0x7, 0x41, 0x0,
    0x63, 0x6b, 0xe7, 0x0, 0x87, 0x60, 0x80, 0x38,
    0x62, 0x40, 0x33, 0xee, 0xa5, 0x44, 0x2, 0x61,
    0x12, 0x3c, 0x99, 0x35, 0x73, 0x0, 0x46, 0x6b,
    0x86, 0xf0, 0xf, 0xc6, 0x4a, 0x0, 0x3e, 0xba,
    0xd6, 0x0, 0x28, 0x85, 0x20, 0x0, 0x51, 0x48,
    0x0, 0x74, 0x1, 0x5d, 0x28, 0x80, 0x5, 0x2b,
    0x0, 0x0,

    /* U+015C "Ŝ" */
    0x0, 0xf1, 0x66, 0x4e, 0x1, 0xff, 0xc0, 0xf3,
    0x3a, 0xc, 0x3, 0xfd, 0x24, 0x10, 0x21, 0xa0,
    0x1f, 0xc8, 0xc0, 0xcf, 0x40, 0x32, 0x1, 0xf9,
    0x3f, 0xd2, 0x9, 0xfe, 0x90, 0xf, 0xfe, 0x69,
    0xce, 0xf7, 0xf6, 0x49, 0x0, 0x7d, 0x38, 0xc4,
    0x20, 0x26, 0xdb, 0x0, 0x1d, 0xc, 0x1, 0xfc,
    0xee, 0x0, 0x85, 0xc0, 0x27, 0xbc, 0xb5, 0x0,
    0xa0, 0x40, 0xa, 0x1, 0x54, 0x21, 0xa5, 0x28,
    0x4, 0x80, 0x1, 0x0, 0x8c, 0x3, 0xa5, 0x12,
    0x0, 0x9c, 0x2, 0x98, 0x20, 0x8, 0xee, 0xe5,
    0x0, 0x12, 0x0, 0x4f, 0xbd, 0x4c, 0x20, 0x1f,
    0x51, 0x0, 0x61, 0x59, 0xeb, 0x30, 0xe, 0x1d,
    0x71, 0x0, 0xf2, 0x63, 0x80, 0x7a, 0x3a, 0xdc,
    0x80, 0x3a, 0x10, 0x3, 0xe4, 0x8d, 0xea, 0x20,
    0xa, 0x0, 0xc, 0xf2, 0xe0, 0x18, 0x57, 0x44,
    0x0, 0x60, 0x8, 0x83, 0x40, 0x7, 0xc4, 0x1,
    0xc8, 0x1, 0x48, 0x7, 0x19, 0x80, 0x2, 0x0,
    0x90, 0x9, 0xad, 0x91, 0x63, 0x0, 0x27, 0x0,
    0x1b, 0x0, 0x49, 0x37, 0x4e, 0x1, 0xc, 0x0,
    0x52, 0xc0, 0x1f, 0xc5, 0x82, 0x1, 0xa7, 0x18,
    0xc4, 0x0, 0x4b, 0x5a, 0x40, 0x0,

    /* U+015D "ŝ" */
    0x0, 0xeb, 0xff, 0x90, 0x3, 0xf3, 0xa0, 0x5,
    0x40, 0x1f, 0x14, 0x1, 0xd0, 0xd, 0x0, 0x7a,
    0xc8, 0xf5, 0x5c, 0x98, 0xc0, 0x3a, 0x77, 0x4,
    0x23, 0x70, 0xc0, 0x39, 0xaf, 0xbf, 0xdd, 0x48,
    0x1, 0xd9, 0x28, 0x20, 0x1, 0x5b, 0x70, 0xa,
    0xc, 0x0, 0x6c, 0xa0, 0x14, 0x18, 0x1, 0x40,
    0xf, 0x93, 0x5c, 0x20, 0x6a, 0x1, 0xca, 0xa1,
    0x1, 0xff, 0x63, 0x0, 0x10, 0x0, 0x55, 0xd9,
    0x2a, 0x1, 0xd0, 0x40, 0x18, 0xda, 0xf9, 0xc0,
    0x21, 0xd8, 0x20, 0xe, 0x18, 0x90, 0xc, 0xfb,
    0xa9, 0x51, 0x0, 0x98, 0x44, 0x8f, 0x26, 0x4d,
    0x5c, 0xc0, 0x11, 0x9a, 0xe1, 0xbc, 0x3, 0xf1,
    0x92, 0x80, 0xf, 0xae, 0xb5, 0x80, 0xa, 0x21,
    0x48, 0x0, 0x14, 0x52, 0x0, 0x1d, 0x0, 0x57,
    0x4a, 0x20, 0x1, 0x4a, 0xc0, 0x0,

    /* U+015E "Ş" */
    0x0, 0xc7, 0x3b, 0xdf, 0xd9, 0x24, 0x1, 0xf4,
    0xe3, 0x10, 0x80, 0x9b, 0x6c, 0x0, 0x74, 0x30,
    0x7, 0xf3, 0xb8, 0x2, 0x17, 0x0, 0x9e, 0xf2,
    0xd4, 0x2, 0x81, 0x0, 0x28, 0x5, 0x50, 0x86,
    0x94, 0xa0, 0x12, 0x0, 0x4, 0x2, 0x30, 0xe,
    0x94, 0x48, 0x2, 0x70, 0xa, 0x60, 0x80, 0x23,
    0xbb, 0x94, 0x0, 0x48, 0x1, 0x3e, 0xf5, 0x30,
    0x80, 0x7d, 0x44, 0x1, 0x85, 0x67, 0xac, 0xc0,
    0x38, 0x75, 0xc4, 0x3, 0xc9, 0x8e, 0x1, 0xe8,
    0xeb, 0x72, 0x0, 0xe8, 0x40, 0xf, 0x92, 0x37,
    0xa8, 0x80, 0x28, 0x0, 0x33, 0xcb, 0x80, 0x61,
    0x5d, 0x10, 0x1, 0x80, 0x22, 0xd, 0x0, 0x1f,
    0x10, 0x7, 0x20, 0x5, 0x20, 0x1c, 0x66, 0x0,
    0x8, 0x2, 0x40, 0x26, 0xb6, 0x45, 0x8c, 0x0,
    0x9c, 0x0, 0x6c, 0x1, 0x24, 0xdd, 0x38, 0x4,
    0x30, 0x1, 0x4b, 0x0, 0x7f, 0x16, 0x8, 0x6,
    0x9c, 0x63, 0x0, 0x89, 0x6b, 0x48, 0x3, 0xc7,
    0x30, 0x1, 0xb9, 0x40, 0x3f, 0xcf, 0x78, 0x85,
    0x40, 0x1f, 0xf1, 0xa1, 0xe8, 0x8, 0x80, 0x3f,
    0xa2, 0xa6, 0xe4, 0x14, 0x40, 0x3f, 0x89, 0x59,
    0xe, 0x28, 0x3, 0x80,

    /* U+015F "ş" */
    0x0, 0x9a, 0xfb, 0xfd, 0xd4, 0x80, 0x1d, 0x92,
    0x82, 0x0, 0x15, 0xb7, 0x0, 0xa0, 0xc0, 0x6,
    0xca, 0x1, 0x41, 0x80, 0x14, 0x0, 0xf9, 0x35,
    0xc2, 0x6, 0xa0, 0x1c, 0xaa, 0x10, 0x1f, 0xf6,
    0x30, 0x1, 0x0, 0x5, 0x5d, 0x92, 0xa0, 0x1d,
    0x4, 0x1, 0x8d, 0xaf, 0x9c, 0x2, 0x1c, 0x71,
    0x0, 0xe1, 0x89, 0x0, 0x86, 0x3b, 0x21, 0x0,
    0x33, 0x8, 0x1b, 0x41, 0x99, 0xef, 0xd8, 0x2,
    0x32, 0xc9, 0x78, 0x0, 0xfc, 0x64, 0xa0, 0x4,
    0xea, 0x9c, 0x60, 0x2, 0x88, 0x52, 0x0, 0x5,
    0x58, 0xc0, 0x7, 0x40, 0x15, 0xd2, 0x88, 0x4,
    0x95, 0x80, 0x1c, 0xb5, 0x20, 0x13, 0xb8, 0x3,
    0xf1, 0xdd, 0x88, 0xe4, 0x3, 0xf2, 0x26, 0x6,
    0x0, 0xfa, 0xea, 0x71, 0x82, 0x80, 0x3e, 0x65,
    0x62, 0x4a, 0x70, 0x8,

    /* U+0160 "Š" */
    0x0, 0xcd, 0xfe, 0x70, 0x6f, 0xf3, 0x80, 0x7e,
    0x64, 0x8, 0x69, 0x3, 0x70, 0xf, 0xea, 0x10,
    0x90, 0x7, 0x0, 0x7f, 0x86, 0x88, 0xa9, 0x20,
    0xf, 0xf9, 0x37, 0x66, 0x0, 0xff, 0x1c, 0xef,
    0x7f, 0x64, 0x90, 0x7, 0xd3, 0x8c, 0x42, 0x2,
    0x6d, 0xb0, 0x1, 0xd0, 0xc0, 0x1f, 0xce, 0xe0,
    0x8, 0x5c, 0x2, 0x7b, 0xcb, 0x50, 0xa, 0x4,
    0x0, 0xa0, 0x15, 0x42, 0x1a, 0x52, 0x80, 0x48,
    0x0, 0x10, 0x8, 0xc0, 0x3a, 0x51, 0x20, 0x9,
    0xc0, 0x29, 0x82, 0x0, 0x8e, 0xee, 0x50, 0x1,
    0x20, 0x4, 0xfb, 0xd4, 0xc2, 0x1, 0xf5, 0x10,
    0x6, 0x15, 0x9e, 0xb3, 0x0, 0xe1, 0xd7, 0x10,
    0xf, 0x26, 0x38, 0x7, 0xa3, 0xad, 0xc8, 0x3,
    0xa1, 0x0, 0x3e, 0x48, 0xde, 0xa2, 0x0, 0xa0,
    0x0, 0xcf, 0x2e, 0x1, 0x85, 0x74, 0x40, 0x6,
    0x0, 0x88, 0x34, 0x0, 0x7c, 0x40, 0x1c, 0x80,
    0x14, 0x80, 0x71, 0x98, 0x0, 0x20, 0x9, 0x0,
    0x9a, 0xd9, 0x16, 0x30, 0x2, 0x70, 0x1, 0xb0,
    0x4, 0x93, 0x74, 0xe0, 0x10, 0xc0, 0x5, 0x2c,
    0x1, 0xfc, 0x58, 0x20, 0x1a, 0x71, 0x8c, 0x40,
    0x4, 0xb5, 0xa4, 0x0,

    /* U+0161 "š" */
    0x0, 0xf, 0x7e, 0x0, 0xf7, 0xe8, 0x7, 0xd,
    0x81, 0xce, 0x88, 0x78, 0x7, 0x95, 0x40, 0xc6,
    0x10, 0x40, 0x1f, 0x59, 0x91, 0x15, 0xc0, 0x3f,
    0xe, 0x6e, 0xa8, 0x3, 0xf3, 0x5f, 0x7f, 0xba,
    0x90, 0x3, 0xb2, 0x50, 0x40, 0x2, 0xb6, 0xe0,
    0x14, 0x18, 0x0, 0xd9, 0x40, 0x28, 0x30, 0x2,
    0x80, 0x1f, 0x26, 0xb8, 0x40, 0xd4, 0x3, 0x95,
    0x42, 0x3, 0xfe, 0xc6, 0x0, 0x20, 0x0, 0xab,
    0xb2, 0x54, 0x3, 0xa0, 0x80, 0x31, 0xb5, 0xf3,
    0x80, 0x43, 0xb0, 0x40, 0x1c, 0x31, 0x20, 0x19,
    0xf7, 0x52, 0xa2, 0x1, 0x30, 0x89, 0x1e, 0x4c,
    0x9a, 0xb9, 0x80, 0x23, 0x35, 0xc3, 0x78, 0x7,
    0xe3, 0x25, 0x0, 0x1f, 0x5d, 0x6b, 0x0, 0x14,
    0x42, 0x90, 0x0, 0x28, 0xa4, 0x0, 0x3a, 0x0,
    0xae, 0x94, 0x40, 0x2, 0x95, 0x80, 0x0,

    /* U+0162 "Ţ" */
    0x7f, 0xff, 0xfe, 0x12, 0x80, 0x7f, 0xf5, 0x1b,
    0x33, 0x80, 0x21, 0xcc, 0xe4, 0x13, 0x3e, 0x10,
    0x1, 0x9f, 0x84, 0x3, 0xff, 0xfe, 0x1, 0xff,
    0xff, 0x0, 0xff, 0xff, 0x80, 0x61, 0x0, 0xca,
    0x1, 0xfe, 0x38, 0xb5, 0x2a, 0x20, 0xf, 0xe2,
    0x64, 0x90, 0x3, 0x0, 0x7e, 0x6a, 0x9a, 0xd0,
    0x24, 0x0, 0xfc, 0x2a, 0xca, 0x6f, 0x80, 0x1c,

    /* U+0163 "ţ" */
    0x0, 0xc4, 0xc0, 0x1c, 0x33, 0xbe, 0x1, 0xde,
    0xc0, 0x1f, 0x8, 0x7, 0xff, 0xe, 0x7c, 0x2,
    0x6f, 0xf0, 0x7, 0xf8, 0x44, 0x1, 0x84, 0x41,
    0x1c, 0x1, 0x37, 0x70, 0x3, 0xff, 0xda, 0x20,
    0x5, 0x13, 0x0, 0x8c, 0x0, 0x7d, 0x84, 0x0,
    0x50, 0xe, 0x10, 0x4, 0x38, 0x0, 0x50, 0x40,
    0x26, 0x0, 0xe, 0x10, 0x0, 0x6f, 0x1c, 0x20,
    0xc0, 0x2, 0xa7, 0x20, 0x6, 0x5, 0xa9, 0xaf,
    0x1, 0x40, 0x34, 0x65, 0x36, 0xf1,

    /* U+0164 "Ť" */
    0x0, 0x8f, 0x36, 0x0, 0x73, 0x68, 0x3, 0xe3,
    0x52, 0x74, 0xd3, 0x28, 0x0, 0xfd, 0x24, 0x16,
    0x61, 0x4, 0x1, 0xfd, 0xc0, 0x11, 0xb8, 0x7,
    0xf8, 0xff, 0xec, 0x0, 0xf3, 0xff, 0xff, 0xf0,
    0x94, 0x3, 0xff, 0xa8, 0xd9, 0x9c, 0x1, 0xe,
    0x67, 0x20, 0x99, 0xf0, 0x80, 0xc, 0xfc, 0x20,
    0x1f, 0xff, 0xf0, 0xf, 0xff, 0xf8, 0x7, 0xff,
    0xf8,

    /* U+0165 "ť" */
    0x0, 0xc2, 0x80, 0x15, 0xff, 0x9c, 0x2, 0x6f,
    0xd0, 0xf, 0xec, 0x91, 0x0, 0xff, 0x18, 0x7,
    0xa2, 0x0, 0x20, 0x1f, 0xc7, 0xe0, 0x95, 0xe0,
    0x13, 0x7f, 0x82, 0x9d, 0x88, 0x3, 0xfb, 0x62,
    0x40, 0x84, 0x3, 0x8, 0x81, 0xdc, 0x0, 0x8e,
    0x0, 0x9b, 0xb8, 0x1, 0xff, 0xff, 0x0, 0xff,
    0xe0, 0xa8, 0x98, 0x7, 0xc4, 0x0, 0x3e, 0xc1,
    0x0, 0xf2, 0x80, 0x71, 0x0, 0x7a, 0x1c, 0x80,
    0x50, 0x40, 0x30,

    /* U+0166 "Ŧ" */
    0x7f, 0xff, 0xfe, 0x12, 0x80, 0x7f, 0xf5, 0x1b,
    0x33, 0x80, 0x21, 0xcc, 0xe4, 0x13, 0x3e, 0x10,
    0x1, 0x9f, 0x84, 0x3, 0xff, 0xec, 0xac, 0xd0,
    0x80, 0xd, 0x9a, 0x50, 0xd, 0x73, 0x30, 0x4,
    0x33, 0x34, 0x0, 0x7f, 0xf2, 0x3b, 0xfe, 0x10,
    0x1, 0x7f, 0xda, 0x1, 0xff, 0xff, 0x0, 0xff,
    0xe5, 0x80,

    /* U+0167 "ŧ" */
    0x0, 0xc8, 0x80, 0xe, 0x2a, 0xb3, 0x0, 0xc3,
    0xaa, 0x1, 0xe3, 0x0, 0xff, 0xe2, 0x66, 0x80,
    0x51, 0xfc, 0x1, 0xfe, 0x71, 0x0, 0xc2, 0x41,
    0x78, 0x1, 0x47, 0x60, 0x7, 0xf8, 0xdc, 0x2,
    0xe3, 0x20, 0xda, 0x0, 0x9b, 0x20, 0x3, 0xfd,
    0xda, 0x1, 0x47, 0xd0, 0x7, 0xfc, 0x60, 0x16,
    0x89, 0x80, 0x4, 0x2, 0x5e, 0xc0, 0x9, 0x40,
    0x3f, 0x53, 0x8, 0xa, 0x88,

    /* U+0168 "Ũ" */
    0x0, 0xf0, 0x80, 0x62, 0x10, 0xf, 0x97, 0xfb,
    0x5c, 0x4f, 0x6c, 0x3, 0xeb, 0x0, 0x14, 0x76,
    0x6, 0x80, 0x7c, 0x29, 0xf6, 0xa0, 0x3, 0x60,
    0xf, 0xb6, 0x81, 0x2b, 0xf7, 0x4, 0x3, 0xe2,
    0x10, 0xc, 0x40, 0x1c, 0x5f, 0xf5, 0x0, 0x7d,
    0xff, 0x58, 0x7, 0xff, 0xfc, 0x3, 0xff, 0xfe,
    0x1, 0xfe, 0x30, 0xf, 0xf0, 0x80, 0x42, 0x20,
    0x8, 0x40, 0x3f, 0xf8, 0x6a, 0x1, 0xe5, 0x0,
    0x88, 0xc, 0x0, 0x2c, 0x1, 0xde, 0x1, 0x70,
    0x58, 0x5, 0x34, 0xa8, 0xd8, 0x80, 0x13, 0x83,
    0x90, 0x4, 0xb5, 0x72, 0x60, 0x13, 0x88, 0x3,
    0xc, 0x3, 0xf9, 0xa0, 0x2, 0x1c, 0x94, 0x10,
    0x0, 0x93, 0x64, 0x80, 0x0,

    /* U+0169 "ũ" */
    0x0, 0xa7, 0xfa, 0x4c, 0x2b, 0xc8, 0x3, 0x2b,
    0x0, 0xb6, 0x7a, 0x81, 0x0, 0x6d, 0x9, 0xc7,
    0x20, 0x4, 0x80, 0x74, 0xeb, 0x1c, 0x6f, 0x7b,
    0x0, 0x70, 0x90, 0x6, 0x10, 0xe, 0x3f, 0xf9,
    0x40, 0x34, 0x7f, 0xc0, 0x1f, 0xff, 0xf0, 0xf,
    0xfe, 0x81, 0x80, 0x61, 0x0, 0xc2, 0x1, 0x8,
    0x6, 0x40, 0xc, 0x40, 0x15, 0x8, 0x2, 0x8,
    0x3, 0x8c, 0x0, 0x5d, 0x9c, 0xe0, 0x1e, 0xf0,
    0xc, 0x62, 0x52, 0x1, 0xc7, 0xaa, 0x20, 0x51,
    0xa4, 0x1, 0x80,

    /* U+016A "Ū" */
    0x0, 0xc8, 0xcd, 0xf1, 0x0, 0x7d, 0xf3, 0x3f,
    0x28, 0x7, 0xff, 0x2e, 0xff, 0xfe, 0x70, 0xf,
    0xfe, 0x39, 0x7f, 0xd4, 0x1, 0xf7, 0xfd, 0x60,
    0x1f, 0xff, 0xf0, 0xf, 0xff, 0xf8, 0x7, 0xf8,
    0xc0, 0x3f, 0xc2, 0x1, 0x8, 0x80, 0x21, 0x0,
    0xff, 0xe1, 0xa8, 0x7, 0x94, 0x2, 0x20, 0x30,
    0x0, 0xb0, 0x7, 0x78, 0x5, 0xc1, 0x60, 0x14,
    0xd2, 0xa3, 0x62, 0x0, 0x4e, 0xe, 0x40, 0x12,
    0xd5, 0xc9, 0x80, 0x4e, 0x20, 0xc, 0x30, 0xf,
    0xe6, 0x80, 0x8, 0x72, 0x50, 0x40, 0x2, 0x4d,
    0x92, 0x0,

    /* U+016B "ū" */
    0x0, 0x99, 0xbf, 0x0, 0x71, 0x4c, 0xfe, 0x0,
    0xff, 0xe3, 0x97, 0xff, 0xe0, 0xf, 0xfe, 0x29,
    0xff, 0xca, 0x1, 0xa3, 0xfe, 0x0, 0xff, 0xff,
    0x80, 0x7f, 0xf4, 0xc, 0x3, 0x8, 0x6, 0x10,
    0x8, 0x40, 0x32, 0x0, 0x62, 0x0, 0xa8, 0x40,
    0x10, 0x40, 0x1c, 0x60, 0x2, 0xec, 0xe7, 0x0,
    0xf7, 0x80, 0x63, 0x12, 0x90, 0xe, 0x3d, 0x51,
    0x2, 0x8d, 0x20, 0xc,

    /* U+016C "Ŭ" */
    0x0, 0xc9, 0x2, 0x1, 0x1c, 0x8, 0x7, 0xc2,
    0xf0, 0x0, 0x1e, 0x70, 0xf, 0xca, 0x6d, 0xfd,
    0xc2, 0x71, 0x0, 0xfd, 0xac, 0x42, 0x53, 0x0,
    0x1f, 0xc3, 0x3b, 0xfa, 0xc0, 0x1f, 0xfc, 0x92,
    0xff, 0xa8, 0x3, 0xef, 0xfa, 0xc0, 0x3f, 0xff,
    0xe0, 0x1f, 0xff, 0xf0, 0xf, 0xf1, 0x80, 0x7f,
    0x84, 0x2, 0x11, 0x0, 0x42, 0x1, 0xff, 0xc3,
    0x50, 0xf, 0x28, 0x4, 0x40, 0x60, 0x1, 0x60,
    0xe, 0xf0, 0xb, 0x82, 0xc0, 0x29, 0xa5, 0x46,
    0xc4, 0x0, 0x9c, 0x1c, 0x80, 0x25, 0xab, 0x93,
    0x0, 0x9c, 0x40, 0x18, 0x60, 0x1f, 0xcd, 0x0,
    0x10, 0xe4, 0xa0, 0x80, 0x4, 0x9b, 0x24, 0x0,

    /* U+016D "ŭ" */
    0x0, 0xbb, 0x84, 0x0, 0x3f, 0xb0, 0xf, 0x48,
    0xef, 0x7e, 0x7, 0x80, 0x79, 0xe8, 0xc4, 0x49,
    0x68, 0x1, 0xf2, 0xe7, 0xf5, 0xa0, 0x7, 0xff,
    0x18, 0xff, 0xe5, 0x0, 0xd1, 0xff, 0x0, 0x7f,
    0xff, 0xc0, 0x3f, 0xfa, 0x6, 0x1, 0x84, 0x3,
    0x8, 0x4, 0x20, 0x19, 0x0, 0x31, 0x0, 0x54,
    0x20, 0x8, 0x20, 0xe, 0x30, 0x1, 0x76, 0x73,
    0x80, 0x7b, 0xc0, 0x31, 0x89, 0x48, 0x7, 0x1e,
    0xa8, 0x81, 0x46, 0x90, 0x6,

    /* U+016E "Ů" */
    0x0, 0xff, 0xe5, 0x1f, 0x7d, 0x80, 0x7f, 0xf0,
    0x35, 0x69, 0x60, 0x3, 0xfc, 0x43, 0xa, 0xe6,
    0x1, 0xfe, 0x20, 0xb2, 0x42, 0x0, 0xff, 0xa5,
    0xf4, 0x20, 0x3, 0xfe, 0x6e, 0xcd, 0x10, 0xe,
    0x2f, 0xfa, 0x80, 0x2, 0x60, 0x17, 0xfd, 0x60,
    0x1f, 0xff, 0xf0, 0xf, 0xff, 0xf8, 0x7, 0xf8,
    0xc0, 0x3f, 0xc2, 0x1, 0x8, 0x80, 0x21, 0x0,
    0xff, 0xe1, 0xa8, 0x7, 0x94, 0x2, 0x20, 0x30,
    0x0, 0xb0, 0x7, 0x78, 0x5, 0xc1, 0x60, 0x14,
    0xd2, 0xa3, 0x62, 0x0, 0x4e, 0xe, 0x40, 0x12,
    0xd5, 0xc9, 0x80, 0x4e, 0x20, 0xc, 0x30, 0xf,
    0xe6, 0x80, 0x8, 0x72, 0x50, 0x40, 0x2, 0x4d,
    0x92, 0x0,

    /* U+016F "ů" */
    0x0, 0xff, 0xe3, 0xc7, 0xf9, 0x80, 0x3f, 0x91,
    0xe1, 0xe4, 0x80, 0x3f, 0x61, 0x3c, 0x3, 0x80,
    0x7e, 0xd2, 0x46, 0x6, 0x0, 0xfc, 0xa9, 0x72,
    0xc6, 0x1, 0xfd, 0x79, 0xb2, 0x1, 0xc7, 0xff,
    0x28, 0x19, 0x4, 0x7f, 0xc0, 0x1f, 0xff, 0xf0,
    0xf, 0xfe, 0x81, 0x80, 0x61, 0x0, 0xc2, 0x1,
    0x8, 0x6, 0x40, 0xc, 0x40, 0x15, 0x8, 0x2,
    0x8, 0x3, 0x8c, 0x0, 0x5d, 0x9c, 0xe0, 0x1e,
    0xf0, 0xc, 0x62, 0x52, 0x1, 0xc7, 0xaa, 0x20,
    0x51, 0xa4, 0x1, 0x80,

    /* U+0170 "Ű" */
    0x0, 0xe1, 0xff, 0x99, 0x7f, 0xe2, 0x0, 0xf4,
    0x0, 0x19, 0x92, 0x0, 0xa2, 0x0, 0xe1, 0x60,
    0x49, 0x43, 0x7, 0x50, 0xf, 0x39, 0x25, 0x86,
    0x92, 0xc0, 0x7, 0xcd, 0xb6, 0x0, 0x9d, 0xa0,
    0xc, 0x5f, 0xf5, 0x0, 0x7d, 0xff, 0x58, 0x7,
    0xff, 0xfc, 0x3, 0xff, 0xfe, 0x1, 0xfe, 0x30,
    0xf, 0xf0, 0x80, 0x42, 0x20, 0x8, 0x40, 0x3f,
    0xf8, 0x6a, 0x1, 0xe5, 0x0, 0x88, 0xc, 0x0,
    0x2c, 0x1, 0xde, 0x1, 0x70, 0x58, 0x5, 0x34,
    0xa8, 0xd8, 0x80, 0x13, 0x83, 0x90, 0x4, 0xb5,
    0x72, 0x60, 0x13, 0x88, 0x3, 0xc, 0x3, 0xf9,
    0xa0, 0x2, 0x1c, 0x94, 0x10, 0x0, 0x93, 0x64,
    0x80, 0x0,

    /* U+0171 "ű" */
    0x0, 0xcd, 0xff, 0x15, 0x7f, 0xb0, 0x3, 0xac,
    0x1, 0x66, 0xa0, 0x3a, 0x1, 0x94, 0x82, 0x52,
    0x40, 0x1a, 0x20, 0x1b, 0xc9, 0xd8, 0x10, 0xa4,
    0xc0, 0x3a, 0xb6, 0x0, 0x19, 0xac, 0x1, 0x1f,
    0xfc, 0xa0, 0x1a, 0x3f, 0xe0, 0xf, 0xff, 0xf8,
    0x7, 0xff, 0x40, 0xc0, 0x30, 0x80, 0x61, 0x0,
    0x84, 0x3, 0x20, 0x6, 0x20, 0xa, 0x84, 0x1,
    0x4, 0x1, 0xc6, 0x0, 0x2e, 0xce, 0x70, 0xf,
    0x78, 0x6, 0x31, 0x29, 0x0, 0xe3, 0xd5, 0x10,
    0x28, 0xd2, 0x0, 0xc0,

    /* U+0172 "Ų" */
    0x2f, 0xfa, 0x80, 0x3e, 0xff, 0xac, 0x3, 0xff,
    0xfe, 0x1, 0xff, 0xff, 0x0, 0xff, 0x18, 0x7,
    0xf8, 0x40, 0x21, 0x10, 0x4, 0x20, 0x1f, 0xfc,
    0x35, 0x0, 0xf2, 0x80, 0x44, 0x6, 0x0, 0x16,
    0x0, 0xef, 0x0, 0xb8, 0x2c, 0x2, 0x9a, 0x54,
    0x6c, 0x40, 0x9, 0xc1, 0xc8, 0x2, 0x5a, 0xb9,
    0x30, 0x9, 0xc4, 0x1, 0x86, 0x1, 0xfc, 0xd0,
    0x1, 0xe, 0x4a, 0x8, 0x6, 0x6c, 0x90, 0xf,
    0x35, 0xf5, 0x80, 0xfc, 0x98, 0x7, 0xfa, 0x41,
    0x0, 0x3f, 0xf8, 0x24, 0x8, 0xea, 0x1, 0xff,
    0x10, 0xc, 0x78, 0x7, 0xfd, 0xc6, 0x5, 0x80,
    0x18,

    /* U+0173 "ų" */
    0x3f, 0xf9, 0x40, 0x34, 0x7f, 0xc0, 0x1f, 0xff,
    0xf0, 0xf, 0xfe, 0x81, 0x80, 0x61, 0x0, 0xc2,
    0x1, 0x8, 0x6, 0x40, 0xc, 0x40, 0x15, 0x8,
    0x2, 0x8, 0x3, 0x8c, 0x0, 0x5d, 0x9c, 0xe0,
    0x1e, 0xf0, 0xc, 0x62, 0x52, 0x1, 0xc7, 0xaa,
    0x20, 0x51, 0xa4, 0x1, 0xe2, 0xae, 0xfd, 0x70,
    0x8, 0xb8, 0x3, 0xfd, 0x41, 0x62, 0x1, 0xfc,
    0x82, 0x14, 0xe6, 0x1, 0xf9, 0x80, 0x7, 0xc,
    0x1, 0xf8, 0xa4, 0x80, 0xd8,

    /* U+0174 "Ŵ" */
    0x0, 0xff, 0x46, 0x64, 0x40, 0x1f, 0xfc, 0x74,
    0x73, 0x3b, 0x80, 0x3f, 0xf8, 0xc3, 0x40, 0x4e,
    0x7, 0x0, 0x1f, 0xfc, 0x5b, 0x10, 0xe8, 0x50,
    0x73, 0x0, 0xff, 0xe2, 0x57, 0xf8, 0xc2, 0xbf,
    0xc6, 0x1, 0xff, 0xd5, 0xcf, 0xf8, 0x3, 0xdf,
    0xfa, 0xc0, 0x39, 0xbf, 0xe6, 0x40, 0x9, 0x0,
    0x32, 0x0, 0x64, 0x0, 0xef, 0x0, 0x93, 0x40,
    0x23, 0x0, 0xd8, 0x1, 0xc6, 0x1, 0x94, 0x0,
    0x24, 0x80, 0x16, 0x80, 0x64, 0x0, 0xe4, 0x0,
    0xc6, 0x0, 0x40, 0x12, 0x0, 0x20, 0x6, 0x30,
    0xe, 0xc0, 0x8, 0xc0, 0x2d, 0x0, 0x38, 0x0,
    0x44, 0x0, 0x40, 0x9, 0x40, 0x8, 0x1, 0x20,
    0x4, 0x80, 0xc, 0x0, 0x90, 0x1, 0x80, 0x2,
    0xe0, 0x8, 0xc0, 0x1a, 0x1, 0x18, 0x1, 0x0,
    0x2d, 0x0, 0x28, 0x1, 0x10, 0x1, 0x20, 0x1,
    0x0, 0x8, 0x1, 0x10, 0x80, 0x10, 0x4, 0x80,
    0x18, 0x8, 0x0, 0xc0, 0x11, 0x0, 0x30, 0x3,
    0x28, 0x0, 0xc1, 0x0, 0x24, 0xc, 0x0, 0x28,
    0x20, 0x4, 0x60, 0x1b, 0x0, 0x22, 0xc0, 0x1,
    0x8, 0x20, 0x0, 0x4f, 0x40, 0x24, 0x0, 0xc8,
    0x1, 0x22, 0x0, 0xa, 0x0, 0x30, 0x9, 0xc,
    0x0, 0x60, 0x1c, 0x60, 0x16, 0x90, 0x3, 0x0,
    0x24, 0x0, 0x62, 0x0, 0x10, 0x3, 0xc6, 0x0,
    0x40, 0x9, 0x0, 0x2d, 0x0, 0x20, 0x5, 0x80,
    0x1e, 0x40, 0xe, 0x30, 0xc, 0x80, 0x1e, 0x50,
    0xf, 0x60, 0x7, 0x20, 0x6, 0x21, 0x0, 0xc4,
    0x20, 0x1e, 0x40, 0xe, 0xc0, 0xe, 0x40, 0xc,
    0x80, 0x1f, 0x88, 0x3, 0x20, 0x7, 0x60, 0x6,
    0xc0, 0xf, 0xc8, 0x1, 0x20, 0x7, 0x9c, 0x3,
    0x20, 0x6,

    /* U+0175 "ŵ" */
    0x0, 0xfd, 0xbf, 0xf1, 0x0, 0x7f, 0xf0, 0xe0,
    0x80, 0x2e, 0x0, 0xff, 0xe1, 0x23, 0x82, 0xc0,
    0x1c, 0x0, 0x7f, 0xf0, 0x7c, 0x8e, 0x9d, 0x89,
    0x8, 0x3, 0xff, 0x81, 0x7b, 0x80, 0x9, 0xdc,
    0x20, 0xf, 0x5f, 0xfa, 0xc0, 0x35, 0xff, 0xc0,
    0x19, 0xff, 0xe1, 0xc0, 0x2, 0x0, 0x65, 0x0,
    0x8c, 0x2, 0xc0, 0x1, 0x8a, 0x80, 0x48, 0x0,
    0x31, 0x0, 0x90, 0x2, 0x40, 0x5, 0x81, 0x10,
    0x1, 0x80, 0x4, 0x0, 0xd8, 0x0, 0x40, 0x9,
    0x40, 0xa, 0x0, 0x50, 0x6, 0x0, 0x64, 0x0,
    0x68, 0x0, 0x88, 0x0, 0xb0, 0x1, 0x8, 0x20,
    0x0, 0xc0, 0x6, 0x8, 0x0, 0x50, 0x8, 0xc4,
    0x0, 0x86, 0x0, 0x4b, 0x0, 0x21, 0x10, 0x1,
    0x60, 0x19, 0xc0, 0x1e, 0x80, 0xc, 0x40, 0x6,
    0x20, 0x0, 0x4c, 0x3, 0x68, 0x1, 0x30, 0x0,
    0x86, 0x0, 0x4d, 0x0, 0x38, 0x7, 0x20, 0x0,
    0x50, 0x0, 0x60, 0x80, 0x4, 0x0, 0x68, 0x7,
    0x90, 0x3, 0x20, 0x3, 0x0, 0x39, 0x0, 0x3d,
    0xa0, 0x1b, 0x0, 0x8, 0x1, 0x94, 0x3, 0xe7,
    0x0, 0xc8, 0x0, 0x31, 0x0, 0xbc, 0x3, 0xe1,
    0x30, 0x8, 0xc0, 0x24, 0x0, 0x94, 0x3, 0x0,

    /* U+0176 "Ŷ" */
    0x0, 0xf8, 0x73, 0x29, 0x0, 0xff, 0xe1, 0x51,
    0x9c, 0xca, 0x1, 0xff, 0xc0, 0x74, 0x7, 0x20,
    0xa1, 0x0, 0xff, 0x14, 0x2, 0x47, 0x0, 0x28,
    0x3, 0xfc, 0x5f, 0xeb, 0x3, 0xff, 0x58, 0x7,
    0xff, 0x36, 0xff, 0xea, 0x0, 0xf9, 0x3f, 0xf0,
    0x84, 0x80, 0x4a, 0x60, 0x1e, 0x90, 0xa, 0x4,
    0xa, 0x0, 0x2e, 0x0, 0xe6, 0x20, 0x1, 0xb8,
    0x4, 0xe4, 0x0, 0x26, 0x0, 0xd0, 0x1, 0x78,
    0x7, 0x70, 0x5, 0x2, 0x0, 0x81, 0x0, 0x31,
    0x80, 0x71, 0xa8, 0x0, 0x60, 0x9, 0xc0, 0x3,
    0x20, 0x1f, 0x58, 0x80, 0x18, 0xa0, 0x2, 0xb0,
    0xf, 0xc3, 0x0, 0x17, 0xa8, 0x1, 0x14, 0x3,
    0xf9, 0x8c, 0x0, 0x40, 0x14, 0x80, 0x7f, 0xdc,
    0x1, 0xd0, 0x40, 0x1f, 0xf1, 0x38, 0x4, 0x4e,
    0x1, 0xff, 0xc1, 0xb0, 0x9, 0x40, 0x3f, 0xff,
    0xe0, 0x1f, 0xff, 0x50,

    /* U+0177 "ŷ" */
    0x0, 0xeb, 0xff, 0x90, 0x3, 0xf9, 0xd0, 0x2,
    0xa0, 0xf, 0xc5, 0x0, 0x94, 0x3, 0x40, 0x1f,
    0x41, 0x1d, 0x2b, 0x93, 0x18, 0x7, 0xab, 0x70,
    0x42, 0x37, 0xc, 0x2, 0xaf, 0xf8, 0x80, 0x3b,
    0x7f, 0xda, 0x1c, 0x1, 0x28, 0x6, 0x22, 0x0,
    0x28, 0x10, 0x80, 0x16, 0x1, 0x94, 0x2, 0x50,
    0x5, 0x0, 0xc, 0x80, 0x2b, 0x0, 0x19, 0x0,
    0x18, 0x2, 0x50, 0x1, 0x18, 0x2, 0x80, 0x21,
    0x40, 0x5, 0x0, 0x14, 0x2, 0x60, 0xd, 0xc0,
    0x2, 0x20, 0x58, 0x1, 0x40, 0x39, 0x40, 0x2a,
    0x13, 0x0, 0x70, 0x7, 0x98, 0x0, 0xac, 0x0,
    0x14, 0x0, 0xf5, 0x0, 0xa, 0x40, 0xe, 0x1,
    0xf1, 0x90, 0x0, 0x40, 0x14, 0x1, 0xfa, 0x80,
    0x31, 0x18, 0x7, 0xe6, 0x0, 0xd4, 0x1, 0xfc,
    0x26, 0x1, 0x30, 0x7, 0xf0, 0x98, 0x1, 0x4,
    0x3, 0xf0, 0xd0, 0x5, 0xc0, 0x1f, 0x77, 0x48,
    0x0, 0x25, 0x0, 0xf8, 0x84, 0x3, 0x70, 0x7,
    0xe4, 0x10, 0x25, 0xc3, 0x0, 0xf8,

    /* U+0178 "Ÿ" */
    0x0, 0xf0, 0x88, 0x2, 0x11, 0x80, 0x3f, 0xd3,
    0xdc, 0x80, 0x1e, 0xe8, 0x3, 0xff, 0xc9, 0x3f,
    0xe8, 0x1, 0xff, 0x80, 0x3d, 0x7f, 0xf5, 0x0,
    0x7c, 0x9f, 0xf8, 0x42, 0x40, 0x25, 0x30, 0xf,
    0x48, 0x5, 0x2, 0x5, 0x0, 0x17, 0x0, 0x73,
    0x10, 0x0, 0xdc, 0x2, 0x72, 0x0, 0x13, 0x0,
    0x68, 0x0, 0xbc, 0x3, 0xb8, 0x2, 0x81, 0x0,
    0x40, 0x80, 0x18, 0xc0, 0x38, 0xd4, 0x0, 0x30,
    0x4, 0xe0, 0x1, 0x90, 0xf, 0xac, 0x40, 0xc,
    0x50, 0x1, 0x58, 0x7, 0xe1, 0x80, 0xb, 0xd4,
    0x0, 0x8a, 0x1, 0xfc, 0xc6, 0x0, 0x20, 0xa,
    0x40, 0x3f, 0xee, 0x0, 0xe8, 0x20, 0xf, 0xf8,
    0x9c, 0x2, 0x27, 0x0, 0xff, 0xe0, 0xd8, 0x4,
    0xa0, 0x1f, 0xff, 0xf0, 0xf, 0xff, 0xa8,

    /* U+0179 "Ź" */
    0x0, 0xfb, 0x37, 0x56, 0x1, 0xff, 0x29, 0x91,
    0xc8, 0x7, 0xfd, 0x20, 0xd, 0x20, 0xf, 0xf2,
    0x18, 0x59, 0x80, 0x7f, 0xc9, 0xfe, 0x40, 0xf,
    0xd3, 0xff, 0xff, 0xc1, 0x0, 0xff, 0xeb, 0x46,
    0x67, 0xd2, 0x1, 0x98, 0x0, 0x26, 0x7e, 0x28,
    0x0, 0x8e, 0x40, 0x3f, 0xa8, 0x40, 0x3, 0xa0,
    0x1f, 0xd0, 0x80, 0x16, 0x88, 0x7, 0xe5, 0x70,
    0xa, 0x4c, 0x3, 0xf1, 0x50, 0x4, 0xcc, 0x0,
    0xfc, 0x3e, 0x1, 0x1c, 0x80, 0x7f, 0x51, 0x0,
    0x7, 0x40, 0x3f, 0xa1, 0x0, 0x2a, 0x10, 0xf,
    0xc8, 0xe0, 0x14, 0x20, 0x7, 0xe2, 0xb0, 0x9,
    0x5c, 0x3, 0xfb, 0xc0, 0x22, 0xa0, 0xf, 0xe9,
    0x20, 0xa, 0xc, 0xff, 0x84, 0x80, 0x35, 0x66,
    0x7f, 0x38, 0x7, 0xff, 0x50,

    /* U+017A "ź" */
    0x0, 0xe6, 0xff, 0x94, 0x3, 0xf4, 0x0, 0x25,
    0x40, 0x3e, 0x51, 0x7, 0x60, 0xf, 0xde, 0x4d,
    0x0, 0x1f, 0xd5, 0xb2, 0x1, 0xe1, 0xff, 0xff,
    0x84, 0x3, 0xff, 0x9a, 0x22, 0xff, 0xec, 0x0,
    0xd6, 0x1, 0xe1, 0xd0, 0xa, 0x10, 0x3, 0xd8,
    0x20, 0x5, 0x70, 0xf, 0x51, 0x0, 0xe, 0x80,
    0x3d, 0xa, 0x0, 0x1d, 0x0, 0xf2, 0xb8, 0x5,
    0xa2, 0x1, 0xc7, 0x40, 0x15, 0x18, 0x7, 0xe,
    0x80, 0x4e, 0xe2, 0x2e, 0x19, 0x10, 0x9, 0xf7,
    0x7c, 0xc2, 0x1, 0xff, 0xcd,

    /* U+017B "Ż" */
    0x0, 0xf2, 0x3b, 0x98, 0x3, 0xff, 0x81, 0xb1,
    0x10, 0x7, 0xff, 0x82, 0x7f, 0xdc, 0x1, 0xf4,
    0xff, 0xff, 0xf0, 0x40, 0x3f, 0xfa, 0xd1, 0x99,
    0xf4, 0x80, 0x66, 0x0, 0x9, 0x9f, 0x8a, 0x0,
    0x23, 0x90, 0xf, 0xea, 0x10, 0x0, 0xe8, 0x7,
    0xf4, 0x20, 0x5, 0xa2, 0x1, 0xf9, 0x5c, 0x2,
    0x93, 0x0, 0xfc, 0x54, 0x1, 0x33, 0x0, 0x3f,
    0xf, 0x80, 0x47, 0x20, 0x1f, 0xd4, 0x40, 0x1,
    0xd0, 0xf, 0xe8, 0x40, 0xa, 0x84, 0x3, 0xf2,
    0x38, 0x5, 0x8, 0x1, 0xf8, 0xac, 0x2, 0x57,
    0x0, 0xfe, 0xf0, 0x8, 0xa8, 0x3, 0xfa, 0x48,
    0x2, 0x83, 0x3f, 0xe1, 0x20, 0xd, 0x59, 0x9f,
    0xce, 0x1, 0xff, 0xd4,

    /* U+017C "ż" */
    0x0, 0xcd, 0xff, 0x8, 0x7, 0xff, 0x59, 0x22,
    0x21, 0x0, 0xfc, 0x4e, 0xf0, 0x7, 0xf, 0xff,
    0xfc, 0x20, 0x1f, 0xfc, 0xd1, 0x17, 0xff, 0x60,
    0x6, 0xb0, 0xf, 0xe, 0x80, 0x50, 0x80, 0x1e,
    0xc1, 0x0, 0x2b, 0x80, 0x7a, 0x88, 0x0, 0x74,
    0x1, 0xe8, 0x50, 0x0, 0xe8, 0x7, 0x95, 0xc0,
    0x2d, 0x10, 0xe, 0x3a, 0x0, 0xa8, 0xc0, 0x38,
    0x74, 0x2, 0x77, 0x11, 0x70, 0xc8, 0x80, 0x4f,
    0xbb, 0xe6, 0x10, 0xf, 0xfe, 0x68,

    /* U+017D "Ž" */
    0x0, 0x8f, 0x35, 0xc0, 0xb3, 0x64, 0x3, 0xe3,
    0x62, 0x84, 0xe3, 0x2b, 0x0, 0xfd, 0x42, 0x16,
    0x61, 0x4, 0x1, 0xfd, 0x40, 0x12, 0x38, 0x7,
    0xf9, 0x3f, 0xeb, 0x0, 0xfa, 0x7f, 0xff, 0xf8,
    0x20, 0x1f, 0xfd, 0x68, 0xcc, 0xfa, 0x40, 0x33,
    0x0, 0x4, 0xcf, 0xc5, 0x0, 0x11, 0xc8, 0x7,
    0xf5, 0x8, 0x0, 0x74, 0x3, 0xfa, 0x10, 0x2,
    0xd1, 0x0, 0xfc, 0xae, 0x1, 0x49, 0x80, 0x7e,
    0x2a, 0x0, 0x99, 0x80, 0x1f, 0x87, 0xc0, 0x23,
    0x90, 0xf, 0xea, 0x20, 0x0, 0xe8, 0x7, 0xf4,
    0x20, 0x5, 0x42, 0x1, 0xf9, 0x1c, 0x2, 0x84,
    0x0, 0xfc, 0x56, 0x1, 0x2b, 0x80, 0x7f, 0x78,
    0x4, 0x54, 0x1, 0xfd, 0x24, 0x1, 0x41, 0x9f,
    0xf0, 0x90, 0x6, 0xac, 0xcf, 0xe7, 0x0, 0xff,
    0xea, 0x0,

    /* U+017E "ž" */
    0x0, 0x3f, 0xf9, 0x81, 0xff, 0xcc, 0x1, 0x9c,
    0xc2, 0x5a, 0x1, 0x18, 0x3, 0xb8, 0x1, 0x20,
    0x34, 0x1, 0xe2, 0xa2, 0x2a, 0xc4, 0x3, 0xe5,
    0xdd, 0x94, 0x3, 0xf, 0xff, 0xfc, 0x20, 0x1f,
    0xfc, 0xd1, 0x17, 0xff, 0x60, 0x6, 0xb0, 0xf,
    0xe, 0x80, 0x50, 0x80, 0x1e, 0xc1, 0x0, 0x2b,
    0x80, 0x7a, 0x88, 0x0, 0x74, 0x1, 0xe8, 0x50,
    0x0, 0xe8, 0x7, 0x95, 0xc0, 0x2d, 0x10, 0xe,
    0x3a, 0x0, 0xa8, 0xc0, 0x38, 0x74, 0x2, 0x77,
    0x11, 0x70, 0xc8, 0x80, 0x4f, 0xbb, 0xe6, 0x10,
    0xf, 0xfe, 0x68,

    /* U+017F "ſ" */
    0x0, 0x36, 0x7f, 0xb6, 0x42, 0x64, 0x60, 0x2,
    0x20, 0x30, 0x4, 0x42, 0x64, 0x1, 0x3e, 0xf4,
    0x8, 0x5, 0xa0, 0x1f, 0xff, 0xf0, 0xf, 0xfe,
    0xe0,

    /* U+1EA0 "Ạ" */
    0x0, 0xfb, 0xbf, 0xe6, 0x0, 0xff, 0xe0, 0xa8,
    0x80, 0x54, 0x1, 0xff, 0xc1, 0xe0, 0xc, 0x66,
    0x0, 0xff, 0x85, 0x0, 0x3a, 0x80, 0x3f, 0xe6,
    0x0, 0x8c, 0x0, 0xc0, 0x1f, 0xf5, 0x0, 0x12,
    0x40, 0x26, 0x0, 0xfe, 0x32, 0x0, 0x72, 0x88,
    0x2, 0x80, 0x3f, 0xa8, 0x2, 0x50, 0x70, 0x1,
    0x90, 0x7, 0xe6, 0x0, 0x30, 0x2, 0x80, 0x2a,
    0x0, 0xf9, 0x80, 0x2a, 0x0, 0x19, 0x0, 0x18,
    0x3, 0xea, 0x0, 0x11, 0x80, 0x54, 0x0, 0x15,
    0x0, 0xe2, 0x30, 0x1, 0x7f, 0xe8, 0x0, 0xb8,
    0x3, 0xa8, 0x3, 0xff, 0x80, 0x84, 0x1, 0x98,
    0x3, 0xff, 0x83, 0x40, 0x12, 0x8, 0x1, 0xf3,
    0x3e, 0x10, 0x3, 0x0, 0x5c, 0x1, 0x49, 0x9f,
    0xce, 0x0, 0x14, 0x1, 0x50, 0x1, 0x88, 0x7,
    0xda, 0x1, 0x78, 0x38, 0x5, 0x60, 0x1f, 0x90,
    0x40, 0x8, 0x34, 0x1, 0x28, 0x7, 0xf3, 0x80,
    0x4d, 0x9f, 0xf1, 0x0, 0x7f, 0x4f, 0xfc, 0xe0,
    0x1f, 0x2d, 0x54, 0x1, 0xff, 0xc3, 0xd5, 0x58,
    0x3, 0xff, 0xc4,

    /* U+1EA1 "ạ" */
    0x0, 0x8e, 0xb7, 0xfd, 0xd8, 0xe0, 0x1c, 0xd8,
    0xa4, 0x0, 0x13, 0x8d, 0x0, 0x8a, 0x40, 0x23,
    0x20, 0x8, 0x9c, 0x1, 0x40, 0x1, 0xdc, 0xde,
    0x10, 0x6, 0x0, 0x23, 0xae, 0x88, 0x0, 0x2a,
    0x0, 0x70, 0x8, 0x51, 0x2, 0x8f, 0x88, 0x1,
    0xe1, 0x8d, 0xeb, 0x83, 0x0, 0xf1, 0x7b, 0x90,
    0xa, 0x41, 0x80, 0x74, 0x88, 0xd, 0xf5, 0xbb,
    0x80, 0x39, 0x0, 0xe, 0x80, 0x13, 0x0, 0x7e,
    0x50, 0x9, 0x88, 0x3, 0x8c, 0x0, 0x7b, 0x39,
    0x20, 0x10, 0x80, 0x3c, 0x2, 0x26, 0x30, 0x30,
    0x1, 0x0, 0xf, 0x14, 0x40, 0x52, 0xf4, 0x2,
    0x50, 0x1, 0xd7, 0x7f, 0x5a, 0xf, 0xfc, 0xa0,
    0x1d, 0x55, 0x28, 0x7, 0xf0, 0xaa, 0xda, 0x1,
    0xff, 0xd5,

    /* U+1EA2 "Ả" */
    0x0, 0xfc, 0x20, 0x1f, 0xfc, 0x42, 0xfe, 0xfc,
    0x50, 0xf, 0xfe, 0x9, 0x5d, 0x39, 0xd1, 0x0,
    0x7f, 0xf0, 0x51, 0x1a, 0x0, 0x30, 0xf, 0xfe,
    0x13, 0x53, 0xe8, 0x80, 0x7f, 0xf0, 0x96, 0xe0,
    0x80, 0x3f, 0xf8, 0x5d, 0xb7, 0xec, 0x1, 0xff,
    0xc1, 0x51, 0x0, 0xa8, 0x3, 0xff, 0x83, 0xc0,
    0x18, 0xcc, 0x1, 0xff, 0xa, 0x0, 0x75, 0x0,
    0x7f, 0xcc, 0x1, 0x8, 0x1, 0x80, 0x3f, 0xea,
    0x0, 0x14, 0x80, 0x4c, 0x1, 0xfc, 0x64, 0x0,
    0x55, 0x0, 0x54, 0x1, 0xfd, 0x40, 0x15, 0x11,
    0x80, 0xc, 0x80, 0x3f, 0x30, 0x0, 0x88, 0x14,
    0x1, 0x50, 0x7, 0xcc, 0x1, 0x50, 0x1, 0xc0,
    0x26, 0x0, 0xfa, 0x80, 0x25, 0x0, 0xa, 0x0,
    0x5, 0x40, 0x38, 0x8c, 0x0, 0x42, 0x67, 0x80,
    0x2e, 0x0, 0xea, 0x0, 0x8b, 0x33, 0x38, 0x4,
    0x84, 0x1, 0x98, 0x3, 0xff, 0x83, 0x40, 0x12,
    0x8, 0x7, 0xff, 0x5, 0x80, 0x2e, 0x0, 0xab,
    0xff, 0xe2, 0x0, 0xa, 0x0, 0xa8, 0x0, 0x54,
    0x3, 0xeb, 0x0, 0xbc, 0x1c, 0x2, 0x60, 0xf,
    0xcc, 0x1, 0x20, 0xd0, 0x5, 0x40, 0x1f, 0xcc,
    0x1, 0x30,

    /* U+1EA3 "ả" */
    0x0, 0xc9, 0xfe, 0xeb, 0x40, 0xf, 0xcb, 0x32,
    0x74, 0xb1, 0x0, 0xf8, 0x59, 0x44, 0xc, 0x40,
    0x3f, 0x91, 0x1b, 0x80, 0x1f, 0xe7, 0xc2, 0x0,
    0xfc, 0x75, 0xbf, 0xee, 0xc7, 0x0, 0xe6, 0xc5,
    0x20, 0x0, 0x9c, 0x68, 0x4, 0x52, 0x1, 0x19,
    0x0, 0x44, 0xe0, 0xa, 0x0, 0xe, 0xe6, 0xf0,
    0x80, 0x30, 0x1, 0x1d, 0x74, 0x40, 0x1, 0x50,
    0x3, 0x80, 0x42, 0x88, 0x14, 0x7c, 0x40, 0xf,
    0xc, 0x6f, 0x5c, 0x18, 0x7, 0x8b, 0xdc, 0x80,
    0x52, 0xc, 0x3, 0xa4, 0x40, 0x6f, 0xad, 0xdc,
    0x1, 0xc8, 0x0, 0x74, 0x0, 0x98, 0x3, 0xf2,
    0x80, 0x4c, 0x40, 0x1c, 0x60, 0x3, 0xd9, 0xc9,
    0x0, 0x84, 0x1, 0xe0, 0x11, 0x31, 0x81, 0x80,
    0x8, 0x0, 0x78, 0xa2, 0x2, 0x97, 0xa0, 0x12,
    0x80,

    /* U+1EA4 "Ấ" */
    0x0, 0xfc, 0x7f, 0xf3, 0x0, 0x7f, 0xf0, 0xb8,
    0x13, 0x98, 0x3, 0xff, 0x82, 0x6a, 0xfc, 0x20,
    0x1f, 0xfc, 0x18, 0xc3, 0xa, 0xb2, 0x0, 0xff,
    0x86, 0xf2, 0xe3, 0x60, 0x40, 0x3f, 0xe1, 0x3d,
    0xff, 0x6a, 0x98, 0x7, 0xff, 0x1, 0x44, 0x2,
    0xa0, 0xf, 0xfe, 0xf, 0x0, 0x63, 0x30, 0x7,
    0xfc, 0x28, 0x1, 0xd4, 0x1, 0xff, 0x30, 0x4,
    0x20, 0x6, 0x0, 0xff, 0xa8, 0x0, 0x52, 0x1,
    0x30, 0x7, 0xf1, 0x90, 0x1, 0x54, 0x1, 0x50,
    0x7, 0xf5, 0x0, 0x54, 0x46, 0x0, 0x32, 0x0,
    0xfc, 0xc0, 0x2, 0x20, 0x50, 0x5, 0x40, 0x1f,
    0x30, 0x5, 0x40, 0x7, 0x0, 0x98, 0x3, 0xea,
    0x0, 0x94, 0x0, 0x28, 0x0, 0x15, 0x0, 0xe2,
    0x30, 0x1, 0x9, 0x9e, 0x0, 0xb8, 0x3, 0xa8,
    0x2, 0x2c, 0xcc, 0xe0, 0x12, 0x10, 0x6, 0x60,
    0xf, 0xfe, 0xd, 0x0, 0x48, 0x20, 0x1f, 0xfc,
    0x16, 0x0, 0xb8, 0x2, 0xaf, 0xff, 0x88, 0x0,
    0x28, 0x2, 0xa0, 0x1, 0x50, 0xf, 0xac, 0x2,
    0xf0, 0x70, 0x9, 0x80, 0x3f, 0x30, 0x4, 0x83,
    0x40, 0x15, 0x0, 0x7f, 0x30, 0x4, 0xc0,

    /* U+1EA5 "ấ" */
    0x0, 0xfb, 0xfe, 0xb0, 0xf, 0xe7, 0x0, 0x1d,
    0x80, 0x7f, 0x48, 0x16, 0x80, 0x7f, 0x12, 0x36,
    0x8, 0x7, 0xf1, 0x54, 0x88, 0x7, 0xfa, 0xff,
    0xe4, 0x0, 0xfc, 0xc8, 0x1, 0x50, 0x80, 0x78,
    0xa4, 0xe, 0x80, 0x6c, 0x3, 0xd6, 0x47, 0xca,
    0xe4, 0xc6, 0x1, 0xd3, 0xb8, 0x41, 0x1b, 0x86,
    0x1, 0xc7, 0x5b, 0xfe, 0xec, 0x70, 0xe, 0x6c,
    0x52, 0x0, 0x9, 0xc6, 0x80, 0x45, 0x20, 0x11,
    0x90, 0x4, 0x4e, 0x0, 0xa0, 0x0, 0xee, 0x6f,
    0x8, 0x3, 0x0, 0x11, 0xd7, 0x44, 0x0, 0x15,
    0x0, 0x38, 0x4, 0x28, 0x81, 0x47, 0xc4, 0x0,
    0xf0, 0xc6, 0xf5, 0xc1, 0x80, 0x78, 0xbd, 0xc8,
    0x5, 0x20, 0xc0, 0x3a, 0x44, 0x6, 0xfa, 0xdd,
    0xc0, 0x1c, 0x80, 0x7, 0x40, 0x9, 0x80, 0x3f,
    0x28, 0x4, 0xc4, 0x1, 0xc6, 0x0, 0x3d, 0x9c,
    0x90, 0x8, 0x40, 0x1e, 0x1, 0x13, 0x18, 0x18,
    0x0, 0x80, 0x7, 0x8a, 0x20, 0x29, 0x7a, 0x1,
    0x28,

    /* U+1EA6 "Ầ" */
    0x0, 0xe3, 0xdf, 0xf4, 0x0, 0x7f, 0xf0, 0x8f,
    0x60, 0x1d, 0x0, 0x3f, 0xf8, 0x6a, 0xec, 0x40,
    0x1f, 0xfc, 0x28, 0xd3, 0x19, 0xb2, 0x0, 0xff,
    0x86, 0xf2, 0xe3, 0x60, 0x40, 0x3f, 0xe1, 0x3d,
    0xff, 0x6a, 0x98, 0x7, 0xff, 0x1, 0x44, 0x2,
    0xa0, 0xf, 0xfe, 0xf, 0x0, 0x63, 0x30, 0x7,
    0xfc, 0x28, 0x1, 0xd4, 0x1, 0xff, 0x30, 0x4,
    0x20, 0x6, 0x0, 0xff, 0xa8, 0x0, 0x52, 0x1,
    0x30, 0x7, 0xf1, 0x90, 0x1, 0x54, 0x1, 0x50,
    0x7, 0xf5, 0x0, 0x54, 0x46, 0x0, 0x32, 0x0,
    0xfc, 0xc0, 0x2, 0x20, 0x50, 0x5, 0x40, 0x1f,
    0x30, 0x5, 0x40, 0x7, 0x0, 0x98, 0x3, 0xea,
    0x0, 0x94, 0x0, 0x28, 0x0, 0x15, 0x0, 0xe2,
    0x30, 0x1, 0x9, 0x9e, 0x0, 0xb8, 0x3, 0xa8,
    0x2, 0x2c, 0xcc, 0xe0, 0x12, 0x10, 0x6, 0x60,
    0xf, 0xfe, 0xd, 0x0, 0x48, 0x20, 0x1f, 0xfc,
    0x16, 0x0, 0xb8, 0x2, 0xaf, 0xff, 0x88, 0x0,
    0x28, 0x2, 0xa0, 0x1, 0x50, 0xf, 0xac, 0x2,
    0xf0, 0x70, 0x9, 0x80, 0x3f, 0x30, 0x4, 0x83,
    0x40, 0x15, 0x0, 0x7f, 0x30, 0x4, 0xc0,

    /* U+1EA7 "ầ" */
    0x0, 0x97, 0xfe, 0x70, 0xf, 0xe5, 0xa0, 0x4,
    0x80, 0x7f, 0x96, 0x40, 0x58, 0x3, 0xfc, 0xd2,
    0xbc, 0x1, 0xff, 0x35, 0x40, 0x7, 0xfa, 0xff,
    0xe4, 0x0, 0xfc, 0xc8, 0x1, 0x50, 0x80, 0x78,
    0xa4, 0xe, 0x80, 0x6c, 0x3, 0xd6, 0x47, 0xca,
    0xe4, 0xc6, 0x1, 0xd3, 0xb8, 0x41, 0x1b, 0x86,
    0x1, 0xc7, 0x5b, 0xfe, 0xec, 0x70, 0xe, 0x6c,
    0x52, 0x0, 0x9, 0xc6, 0x80, 0x45, 0x20, 0x11,
    0x90, 0x4, 0x4e, 0x0, 0xa0, 0x0, 0xee, 0x6f,
    0x8, 0x3, 0x0, 0x11, 0xd7, 0x44, 0x0, 0x15,
    0x0, 0x38, 0x4, 0x28, 0x81, 0x47, 0xc4, 0x0,
    0xf0, 0xc6, 0xf5, 0xc1, 0x80, 0x78, 0xbd, 0xc8,
    0x5, 0x20, 0xc0, 0x3a, 0x44, 0x6, 0xfa, 0xdd,
    0xc0, 0x1c, 0x80, 0x7, 0x40, 0x9, 0x80, 0x3f,
    0x28, 0x4, 0xc4, 0x1, 0xc6, 0x0, 0x3d, 0x9c,
    0x90, 0x8, 0x40, 0x1e, 0x1, 0x13, 0x18, 0x18,
    0x0, 0x80, 0x7, 0x8a, 0x20, 0x29, 0x7a, 0x1,
    0x28,

    /* U+1EA8 "Ẩ" */
    0x0, 0xfb, 0x31, 0xb8, 0xe0, 0x1f, 0xfc, 0x2c,
    0xdb, 0x3d, 0x0, 0xff, 0xe1, 0xa7, 0x6d, 0x0,
    0x7f, 0xf0, 0x57, 0xa0, 0xb6, 0x0, 0x3f, 0xf8,
    0x4, 0x77, 0xb5, 0x7c, 0x80, 0x1f, 0xf1, 0x35,
    0xff, 0xac, 0x10, 0x3, 0xff, 0x80, 0xa2, 0x1,
    0x50, 0x7, 0xff, 0x7, 0x80, 0x31, 0x98, 0x3,
    0xfe, 0x14, 0x0, 0xea, 0x0, 0xff, 0x98, 0x2,
    0x10, 0x3, 0x0, 0x7f, 0xd4, 0x0, 0x29, 0x0,
    0x98, 0x3, 0xf8, 0xc8, 0x0, 0xaa, 0x0, 0xa8,
    0x3, 0xfa, 0x80, 0x2a, 0x23, 0x0, 0x19, 0x0,
    0x7e, 0x60, 0x1, 0x10, 0x28, 0x2, 0xa0, 0xf,
    0x98, 0x2, 0xa0, 0x3, 0x80, 0x4c, 0x1, 0xf5,
    0x0, 0x4a, 0x0, 0x14, 0x0, 0xa, 0x80, 0x71,
    0x18, 0x0, 0x84, 0xcf, 0x0, 0x5c, 0x1, 0xd4,
    0x1, 0x16, 0x66, 0x70, 0x9, 0x8, 0x3, 0x30,
    0x7, 0xff, 0x6, 0x80, 0x24, 0x10, 0xf, 0xfe,
    0xb, 0x0, 0x5c, 0x1, 0x57, 0xff, 0xc4, 0x0,
    0x14, 0x1, 0x50, 0x0, 0xa8, 0x7, 0xd6, 0x1,
    0x78, 0x38, 0x4, 0xc0, 0x1f, 0x98, 0x2, 0x41,
    0xa0, 0xa, 0x80, 0x3f, 0x98, 0x2, 0x60,

    /* U+1EA9 "ẩ" */
    0x0, 0xf0, 0x80, 0x7f, 0xc7, 0xfd, 0xf8, 0x80,
    0x1f, 0x8e, 0xe9, 0xce, 0xc4, 0x3, 0xf2, 0x2d,
    0x80, 0xc, 0x3, 0xfa, 0x31, 0x28, 0x80, 0x3f,
    0xb1, 0xed, 0x40, 0x3f, 0xae, 0xcf, 0xe8, 0x1,
    0xf9, 0x90, 0x2, 0xa1, 0x0, 0xf1, 0x48, 0x1d,
    0x0, 0xd8, 0x7, 0xac, 0x8f, 0x95, 0xc9, 0x8c,
    0x3, 0xa7, 0x70, 0x82, 0x37, 0xc, 0x3, 0x8e,
    0xb7, 0xfd, 0xd8, 0xe0, 0x1c, 0xd8, 0xa4, 0x0,
    0x13, 0x8d, 0x0, 0x8a, 0x40, 0x23, 0x20, 0x8,
    0x9c, 0x1, 0x40, 0x1, 0xdc, 0xde, 0x10, 0x6,
    0x0, 0x23, 0xae, 0x88, 0x0, 0x2a, 0x0, 0x70,
    0x8, 0x51, 0x2, 0x8f, 0x88, 0x1, 0xe1, 0x8d,
    0xeb, 0x83, 0x0, 0xf1, 0x7b, 0x90, 0xa, 0x41,
    0x80, 0x74, 0x88, 0xd, 0xf5, 0xbb, 0x80, 0x39,
    0x0, 0xe, 0x80, 0x13, 0x0, 0x7e, 0x50, 0x9,
    0x88, 0x3, 0x8c, 0x0, 0x7b, 0x39, 0x20, 0x10,
    0x80, 0x3c, 0x2, 0x26, 0x30, 0x30, 0x1, 0x0,
    0xf, 0x14, 0x40, 0x52, 0xf4, 0x2, 0x50,

    /* U+1EAA "Ẫ" */
    0x0, 0xe3, 0xcf, 0xd7, 0x35, 0xf5, 0x0, 0xff,
    0x6b, 0xe5, 0x5e, 0x52, 0x28, 0x7, 0xfb, 0x2c,
    0x86, 0xaf, 0xec, 0x3, 0xfe, 0x26, 0xeb, 0xcb,
    0xa1, 0x0, 0xff, 0x88, 0xeb, 0x6b, 0x3d, 0x40,
    0x3f, 0xe2, 0x5b, 0xff, 0x61, 0xa0, 0x7, 0xff,
    0x1, 0x44, 0x2, 0xa0, 0xf, 0xfe, 0xf, 0x0,
    0x63, 0x30, 0x7, 0xfc, 0x28, 0x1, 0xd4, 0x1,
    0xff, 0x30, 0x4, 0x20, 0x6, 0x0, 0xff, 0xa8,
    0x0, 0x52, 0x1, 0x30, 0x7, 0xf1, 0x90, 0x1,
    0x54, 0x1, 0x50, 0x7, 0xf5, 0x0, 0x54, 0x46,
    0x0, 0x32, 0x0, 0xfc, 0xc0, 0x2, 0x20, 0x50,
    0x5, 0x40, 0x1f, 0x30, 0x5, 0x40, 0x7, 0x0,
    0x98, 0x3, 0xea, 0x0, 0x94, 0x0, 0x28, 0x0,
    0x15, 0x0, 0xe2, 0x30, 0x1, 0x9, 0x9e, 0x0,
    0xb8, 0x3, 0xa8, 0x2, 0x2c, 0xcc, 0xe0, 0x12,
    0x10, 0x6, 0x60, 0xf, 0xfe, 0xd, 0x0, 0x48,
    0x20, 0x1f, 0xfc, 0x16, 0x0, 0xb8, 0x2, 0xaf,
    0xff, 0x88, 0x0, 0x28, 0x2, 0xa0, 0x1, 0x50,
    0xf, 0xac, 0x2, 0xf0, 0x70, 0x9, 0x80, 0x3f,
    0x30, 0x4, 0x83, 0x40, 0x15, 0x0, 0x7f, 0x30,
    0x4, 0xc0,

    /* U+1EAB "ẫ" */
    0x0, 0x86, 0xff, 0x18, 0x13, 0xdc, 0x3, 0xad,
    0xc, 0xa7, 0xec, 0x10, 0x3, 0x9d, 0x33, 0xa0,
    0xca, 0x4c, 0x3, 0xb6, 0xc0, 0xf, 0x9a, 0xc0,
    0x1f, 0xaf, 0xfe, 0x40, 0xf, 0xcc, 0x80, 0x15,
    0x8, 0x7, 0x8a, 0x40, 0xe8, 0x6, 0xc0, 0x3d,
    0x64, 0x7c, 0xae, 0x4c, 0x60, 0x1d, 0x3b, 0x84,
    0x11, 0xb8, 0x60, 0x1c, 0x75, 0xbf, 0xee, 0xc7,
    0x0, 0xe6, 0xc5, 0x20, 0x0, 0x9c, 0x68, 0x4,
    0x52, 0x1, 0x19, 0x0, 0x44, 0xe0, 0xa, 0x0,
    0xe, 0xe6, 0xf0, 0x80, 0x30, 0x1, 0x1d, 0x74,
    0x40, 0x1, 0x50, 0x3, 0x80, 0x42, 0x88, 0x14,
    0x7c, 0x40, 0xf, 0xc, 0x6f, 0x5c, 0x18, 0x7,
    0x8b, 0xdc, 0x80, 0x52, 0xc, 0x3, 0xa4, 0x40,
    0x6f, 0xad, 0xdc, 0x1, 0xc8, 0x0, 0x74, 0x0,
    0x98, 0x3, 0xf2, 0x80, 0x4c, 0x40, 0x1c, 0x60,
    0x3, 0xd9, 0xc9, 0x0, 0x84, 0x1, 0xe0, 0x11,
    0x31, 0x81, 0x80, 0x8, 0x0, 0x78, 0xa2, 0x2,
    0x97, 0xa0, 0x12, 0x80,

    /* U+1EAC "Ậ" */
    0x0, 0xf8, 0x9e, 0x14, 0x3, 0xff, 0x84, 0xdb,
    0x29, 0x54, 0x0, 0xff, 0xe0, 0x1f, 0x47, 0xe4,
    0x92, 0x80, 0x7f, 0xc7, 0x13, 0xdf, 0x3c, 0xa0,
    0x1f, 0xfc, 0x5, 0x10, 0xa, 0x80, 0x3f, 0xf8,
    0x3c, 0x1, 0x8c, 0xc0, 0x1f, 0xf0, 0xa0, 0x7,
    0x50, 0x7, 0xfc, 0xc0, 0x11, 0x80, 0x18, 0x3,
    0xfe, 0xa0, 0x2, 0x48, 0x4, 0xc0, 0x1f, 0xc6,
    0x40, 0xe, 0x51, 0x0, 0x50, 0x7, 0xf5, 0x0,
    0x4a, 0xe, 0x0, 0x32, 0x0, 0xfc, 0xc0, 0x6,
    0x0, 0x50, 0x5, 0x40, 0x1f, 0x30, 0x5, 0x40,
    0x3, 0x20, 0x3, 0x0, 0x7d, 0x40, 0x2, 0x30,
    0xa, 0x80, 0x2, 0xa0, 0x1c, 0x46, 0x0, 0x2f,
    0xfd, 0x0, 0x17, 0x0, 0x75, 0x0, 0x7f, 0xf0,
    0x10, 0x80, 0x33, 0x0, 0x7f, 0xf0, 0x68, 0x2,
    0x41, 0x0, 0x3e, 0x67, 0xc2, 0x0, 0x60, 0xb,
    0x80, 0x29, 0x33, 0xf9, 0xc0, 0x2, 0x80, 0x2a,
    0x0, 0x31, 0x0, 0xfb, 0x40, 0x2f, 0x7, 0x0,
    0xac, 0x3, 0xf2, 0x8, 0x1, 0x6, 0x80, 0x25,
    0x0, 0xfe, 0x70, 0x9, 0xb3, 0xfe, 0x20, 0xf,
    0xe9, 0xff, 0x9c, 0x3, 0xe5, 0xaa, 0x80, 0x3f,
    0xf8, 0x7a, 0xab, 0x0, 0x7f, 0xf8, 0x80,

    /* U+1EAD "ậ" */
    0x0, 0xeb, 0xff, 0x90, 0x3, 0xf3, 0x20, 0x5,
    0x42, 0x1, 0xe2, 0x90, 0x3a, 0x1, 0xb0, 0xf,
    0x59, 0x1f, 0x2b, 0x93, 0x18, 0x7, 0x4e, 0xe1,
    0x4, 0x6e, 0x18, 0x7, 0x1d, 0x6f, 0xfb, 0xb1,
    0xc0, 0x39, 0xb1, 0x48, 0x0, 0x27, 0x1a, 0x1,
    0x14, 0x80, 0x46, 0x40, 0x11, 0x38, 0x2, 0x80,
    0x3, 0xb9, 0xbc, 0x20, 0xc, 0x0, 0x47, 0x5d,
    0x10, 0x0, 0x54, 0x0, 0xe0, 0x10, 0xa2, 0x5,
    0x1f, 0x10, 0x3, 0xc3, 0x1b, 0xd7, 0x6, 0x1,
    0xe2, 0xf7, 0x20, 0x14, 0x83, 0x0, 0xe9, 0x10,
    0x1b, 0xeb, 0x77, 0x0, 0x72, 0x0, 0x1d, 0x0,
    0x26, 0x0, 0xfc, 0xa0, 0x13, 0x10, 0x7, 0x18,
    0x0, 0xf6, 0x72, 0x40, 0x21, 0x0, 0x78, 0x4,
    0x4c, 0x60, 0x60, 0x2, 0x0, 0x1e, 0x28, 0x80,
    0xa5, 0xe8, 0x4, 0xa0, 0x3, 0xae, 0xfe, 0xb4,
    0x1f, 0xf9, 0x40, 0x3a, 0xaa, 0x50, 0xf, 0xe1,
    0x55, 0xb4, 0x3, 0xff, 0xaa,

    /* U+1EAE "Ắ" */
    0x0, 0xfc, 0xbf, 0xee, 0x50, 0xf, 0xfe, 0x8,
    0xd8, 0x2f, 0xa8, 0x7, 0xfc, 0x70, 0x5f, 0xd0,
    0xc8, 0x1, 0xff, 0x1f, 0x47, 0xfb, 0x81, 0x0,
    0x3f, 0xf8, 0xd, 0x7d, 0xcc, 0x70, 0xf, 0xfe,
    0x17, 0x7f, 0xcc, 0x1, 0xff, 0xc1, 0x51, 0x0,
    0xa8, 0x3, 0xff, 0x83, 0xc0, 0x18, 0xcc, 0x1,
    0xff, 0xa, 0x0, 0x75, 0x0, 0x7f, 0xcc, 0x1,
    0x8, 0x1, 0x80, 0x3f, 0xea, 0x0, 0x14, 0x80,
    0x4c, 0x1, 0xfc, 0x64, 0x0, 0x55, 0x0, 0x54,
    0x1, 0xfd, 0x40, 0x15, 0x11, 0x80, 0xc, 0x80,
    0x3f, 0x30, 0x0, 0x88, 0x14, 0x1, 0x50, 0x7,
    0xcc, 0x1, 0x50, 0x1, 0xc0, 0x26, 0x0, 0xfa,
    0x80, 0x25, 0x0, 0xa, 0x0, 0x5, 0x40, 0x38,
    0x8c, 0x0, 0x42, 0x67, 0x80, 0x2e, 0x0, 0xea,
    0x0, 0x8b, 0x33, 0x38, 0x4, 0x84, 0x1, 0x98,
    0x3, 0xff, 0x83, 0x40, 0x12, 0x8, 0x7, 0xff,
    0x5, 0x80, 0x2e, 0x0, 0xab, 0xff, 0xe2, 0x0,
    0xa, 0x0, 0xa8, 0x0, 0x54, 0x3, 0xeb, 0x0,
    0xbc, 0x1c, 0x2, 0x60, 0xf, 0xcc, 0x1, 0x20,
    0xd0, 0x5, 0x40, 0x1f, 0xcc, 0x1, 0x30,

    /* U+1EAF "ắ" */
    0x0, 0xfb, 0xfe, 0xb0, 0xf, 0xe7, 0x0, 0x1d,
    0x80, 0x7f, 0x48, 0x16, 0x80, 0x7f, 0x12, 0x36,
    0x8, 0x7, 0xf1, 0x54, 0x88, 0x7, 0xe9, 0xf5,
    0x0, 0xe, 0xf8, 0x7, 0xac, 0x2b, 0xfb, 0x84,
    0xe0, 0x1e, 0x2c, 0x41, 0x11, 0x4c, 0x0, 0x7c,
    0x77, 0xdf, 0xac, 0x1, 0xff, 0xc9, 0x3a, 0xdf,
    0xf7, 0x63, 0x80, 0x73, 0x62, 0x90, 0x0, 0x4e,
    0x34, 0x2, 0x29, 0x0, 0x8c, 0x80, 0x22, 0x70,
    0x5, 0x0, 0x7, 0x73, 0x78, 0x40, 0x18, 0x0,
    0x8e, 0xba, 0x20, 0x0, 0xa8, 0x1, 0xc0, 0x21,
    0x44, 0xa, 0x3e, 0x20, 0x7, 0x86, 0x37, 0xae,
    0xc, 0x3, 0xc5, 0xee, 0x40, 0x29, 0x6, 0x1,
    0xd2, 0x20, 0x37, 0xd6, 0xee, 0x0, 0xe4, 0x0,
    0x3a, 0x0, 0x4c, 0x1, 0xf9, 0x40, 0x26, 0x20,
    0xe, 0x30, 0x1, 0xec, 0xe4, 0x80, 0x42, 0x0,
    0xf0, 0x8, 0x98, 0xc0, 0xc0, 0x4, 0x0, 0x3c,
    0x51, 0x1, 0x4b, 0xd0, 0x9, 0x40,

    /* U+1EB0 "Ằ" */
    0x0, 0xe4, 0xef, 0xf3, 0x0, 0x7f, 0xf0, 0x93,
    0x98, 0x24, 0x80, 0x3f, 0xf8, 0x27, 0x17, 0xdc,
    0x17, 0x40, 0xf, 0xf8, 0xfa, 0x7f, 0xe0, 0x40,
    0xf, 0xfe, 0x3, 0x5f, 0x73, 0x1c, 0x3, 0xff,
    0x85, 0xdf, 0xf3, 0x0, 0x7f, 0xf0, 0x54, 0x40,
    0x2a, 0x0, 0xff, 0xe0, 0xf0, 0x6, 0x33, 0x0,
    0x7f, 0xc2, 0x80, 0x1d, 0x40, 0x1f, 0xf3, 0x0,
    0x42, 0x0, 0x60, 0xf, 0xfa, 0x80, 0x5, 0x20,
    0x13, 0x0, 0x7f, 0x19, 0x0, 0x15, 0x40, 0x15,
    0x0, 0x7f, 0x50, 0x5, 0x44, 0x60, 0x3, 0x20,
    0xf, 0xcc, 0x0, 0x22, 0x5, 0x0, 0x54, 0x1,
    0xf3, 0x0, 0x54, 0x0, 0x70, 0x9, 0x80, 0x3e,
    0xa0, 0x9, 0x40, 0x2, 0x80, 0x1, 0x50, 0xe,
    0x23, 0x0, 0x10, 0x99, 0xe0, 0xb, 0x80, 0x3a,
    0x80, 0x22, 0xcc, 0xce, 0x1, 0x21, 0x0, 0x66,
    0x0, 0xff, 0xe0, 0xd0, 0x4, 0x82, 0x1, 0xff,
    0xc1, 0x60, 0xb, 0x80, 0x2a, 0xff, 0xf8, 0x80,
    0x2, 0x80, 0x2a, 0x0, 0x15, 0x0, 0xfa, 0xc0,
    0x2f, 0x7, 0x0, 0x98, 0x3, 0xf3, 0x0, 0x48,
    0x34, 0x1, 0x50, 0x7, 0xf3, 0x0, 0x4c,

    /* U+1EB1 "ằ" */
    0x0, 0x97, 0xfe, 0x70, 0xf, 0xe5, 0xa0, 0x4,
    0x80, 0x7f, 0x96, 0x40, 0x58, 0x3, 0xfc, 0xd2,
    0xbc, 0x1, 0xff, 0x35, 0x40, 0x7, 0xe9, 0xf5,
    0x0, 0xe, 0xf8, 0x7, 0xac, 0x2b, 0xfb, 0x84,
    0xe0, 0x1e, 0x2c, 0x41, 0x11, 0x4c, 0x0, 0x7c,
    0x77, 0xdf, 0xac, 0x1, 0xff, 0xc9, 0x3a, 0xdf,
    0xf7, 0x63, 0x80, 0x73, 0x62, 0x90, 0x0, 0x4e,
    0x34, 0x2, 0x29, 0x0, 0x8c, 0x80, 0x22, 0x70,
    0x5, 0x0, 0x7, 0x73, 0x78, 0x40, 0x18, 0x0,
    0x8e, 0xba, 0x20, 0x0, 0xa8, 0x1, 0xc0, 0x21,
    0x44, 0xa, 0x3e, 0x20, 0x7, 0x86, 0x37, 0xae,
    0xc, 0x3, 0xc5, 0xee, 0x40, 0x29, 0x6, 0x1,
    0xd2, 0x20, 0x37, 0xd6, 0xee, 0x0, 0xe4, 0x0,
    0x3a, 0x0, 0x4c, 0x1, 0xf9, 0x40, 0x26, 0x20,
    0xe, 0x30, 0x1, 0xec, 0xe4, 0x80, 0x42, 0x0,
    0xf0, 0x8, 0x98, 0xc0, 0xc0, 0x4, 0x0, 0x3c,
    0x51, 0x1, 0x4b, 0xd0, 0x9, 0x40,

    /* U+1EB2 "Ẳ" */
    0x0, 0xfb, 0x31, 0xb8, 0xe0, 0x1f, 0xfc, 0x2c,
    0xe5, 0x1f, 0x0, 0xff, 0xe0, 0x1c, 0x11, 0x27,
    0xc1, 0x0, 0x3f, 0xe3, 0xd9, 0xef, 0xef, 0x40,
    0xf, 0xfe, 0x2, 0xdf, 0x73, 0x1c, 0x3, 0xff,
    0x85, 0xdf, 0xf3, 0x0, 0x7f, 0xf0, 0x54, 0x40,
    0x2a, 0x0, 0xff, 0xe0, 0xf0, 0x6, 0x33, 0x0,
    0x7f, 0xc2, 0x80, 0x1d, 0x40, 0x1f, 0xf3, 0x0,
    0x42, 0x0, 0x60, 0xf, 0xfa, 0x80, 0x5, 0x20,
    0x13, 0x0, 0x7f, 0x19, 0x0, 0x15, 0x40, 0x15,
    0x0, 0x7f, 0x50, 0x5, 0x44, 0x60, 0x3, 0x20,
    0xf, 0xcc, 0x0, 0x22, 0x5, 0x0, 0x54, 0x1,
    0xf3, 0x0, 0x54, 0x0, 0x70, 0x9, 0x80, 0x3e,
    0xa0, 0x9, 0x40, 0x2, 0x80, 0x1, 0x50, 0xe,
    0x23, 0x0, 0x10, 0x99, 0xe0, 0xb, 0x80, 0x3a,
    0x80, 0x22, 0xcc, 0xce, 0x1, 0x21, 0x0, 0x66,
    0x0, 0xff, 0xe0, 0xd0, 0x4, 0x82, 0x1, 0xff,
    0xc1, 0x60, 0xb, 0x80, 0x2a, 0xff, 0xf8, 0x80,
    0x2, 0x80, 0x2a, 0x0, 0x15, 0x0, 0xfa, 0xc0,
    0x2f, 0x7, 0x0, 0x98, 0x3, 0xf3, 0x0, 0x48,
    0x34, 0x1, 0x50, 0x7, 0xf3, 0x0, 0x4c,

    /* U+1EB3 "ẳ" */
    0x0, 0xf0, 0x80, 0x7f, 0xc7, 0xfd, 0xf8, 0x80,
    0x1f, 0x8e, 0xe9, 0xce, 0xc4, 0x3, 0xf2, 0x2d,
    0x80, 0xc, 0x3, 0xfa, 0x31, 0x28, 0x80, 0x3f,
    0xb1, 0xed, 0x40, 0x3e, 0x9f, 0x54, 0x81, 0xdf,
    0x0, 0xf5, 0x85, 0x7f, 0x70, 0x9c, 0x3, 0xc5,
    0x88, 0x22, 0x29, 0x80, 0xf, 0x8e, 0xfb, 0xf5,
    0x80, 0x3f, 0xf9, 0x27, 0x5b, 0xfe, 0xec, 0x70,
    0xe, 0x6c, 0x52, 0x0, 0x9, 0xc6, 0x80, 0x45,
    0x20, 0x11, 0x90, 0x4, 0x4e, 0x0, 0xa0, 0x0,
    0xee, 0x6f, 0x8, 0x3, 0x0, 0x11, 0xd7, 0x44,
    0x0, 0x15, 0x0, 0x38, 0x4, 0x28, 0x81, 0x47,
    0xc4, 0x0, 0xf0, 0xc6, 0xf5, 0xc1, 0x80, 0x78,
    0xbd, 0xc8, 0x5, 0x20, 0xc0, 0x3a, 0x44, 0x6,
    0xfa, 0xdd, 0xc0, 0x1c, 0x80, 0x7, 0x40, 0x9,
    0x80, 0x3f, 0x28, 0x4, 0xc4, 0x1, 0xc6, 0x0,
    0x3d, 0x9c, 0x90, 0x8, 0x40, 0x1e, 0x1, 0x13,
    0x18, 0x18, 0x0, 0x80, 0x7, 0x8a, 0x20, 0x29,
    0x7a, 0x1, 0x28,

    /* U+1EB4 "Ẵ" */
    0x0, 0xe4, 0xdf, 0xc7, 0x37, 0xf3, 0x0, 0xff,
    0x5b, 0xe5, 0xd6, 0x43, 0x18, 0x7, 0xfa, 0x88,
    0x5f, 0x71, 0xf4, 0x3, 0xfe, 0x5e, 0x9e, 0xe7,
    0xf9, 0x0, 0x3f, 0xf8, 0xd, 0x7d, 0xcc, 0x70,
    0xf, 0xfe, 0x17, 0x7f, 0xcc, 0x1, 0xff, 0xc1,
    0x51, 0x0, 0xa8, 0x3, 0xff, 0x83, 0xc0, 0x18,
    0xcc, 0x1, 0xff, 0xa, 0x0, 0x75, 0x0, 0x7f,
    0xcc, 0x1, 0x8, 0x1, 0x80, 0x3f, 0xea, 0x0,
    0x14, 0x80, 0x4c, 0x1, 0xfc, 0x64, 0x0, 0x55,
    0x0, 0x54, 0x1, 0xfd, 0x40, 0x15, 0x11, 0x80,
    0xc, 0x80, 0x3f, 0x30, 0x0, 0x88, 0x14, 0x1,
    0x50, 0x7, 0xcc, 0x1, 0x50, 0x1, 0xc0, 0x26,
    0x0, 0xfa, 0x80, 0x25, 0x0, 0xa, 0x0, 0x5,
    0x40, 0x38, 0x8c, 0x0, 0x42, 0x67, 0x80, 0x2e,
    0x0, 0xea, 0x0, 0x8b, 0x33, 0x38, 0x4, 0x84,
    0x1, 0x98, 0x3, 0xff, 0x83, 0x40, 0x12, 0x8,
    0x7, 0xff, 0x5, 0x80, 0x2e, 0x0, 0xab, 0xff,
    0xe2, 0x0, 0xa, 0x0, 0xa8, 0x0, 0x54, 0x3,
    0xeb, 0x0, 0xbc, 0x1c, 0x2, 0x60, 0xf, 0xcc,
    0x1, 0x20, 0xd0, 0x5, 0x40, 0x1f, 0xcc, 0x1,
    0x30,

    /* U+1EB5 "ẵ" */
    0x0, 0x86, 0xff, 0x18, 0x13, 0xdc, 0x3, 0xad,
    0xc, 0xa7, 0xec, 0x10, 0x3, 0x9d, 0x33, 0xa0,
    0xca, 0x4c, 0x3, 0xb6, 0xc0, 0xf, 0x9a, 0xc0,
    0x1e, 0x9f, 0x50, 0x0, 0xef, 0x80, 0x7a, 0xc2,
    0xbf, 0xb8, 0x4e, 0x1, 0xe2, 0xc4, 0x11, 0x14,
    0xc0, 0x7, 0xc7, 0x7d, 0xfa, 0xc0, 0x1f, 0xfc,
    0x93, 0xad, 0xff, 0x76, 0x38, 0x7, 0x36, 0x29,
    0x0, 0x4, 0xe3, 0x40, 0x22, 0x90, 0x8, 0xc8,
    0x2, 0x27, 0x0, 0x50, 0x0, 0x77, 0x37, 0x84,
    0x1, 0x80, 0x8, 0xeb, 0xa2, 0x0, 0xa, 0x80,
    0x1c, 0x2, 0x14, 0x40, 0xa3, 0xe2, 0x0, 0x78,
    0x63, 0x7a, 0xe0, 0xc0, 0x3c, 0x5e, 0xe4, 0x2,
    0x90, 0x60, 0x1d, 0x22, 0x3, 0x7d, 0x6e, 0xe0,
    0xe, 0x40, 0x3, 0xa0, 0x4, 0xc0, 0x1f, 0x94,
    0x2, 0x62, 0x0, 0xe3, 0x0, 0x1e, 0xce, 0x48,
    0x4, 0x20, 0xf, 0x0, 0x89, 0x8c, 0xc, 0x0,
    0x40, 0x3, 0xc5, 0x10, 0x14, 0xbd, 0x0, 0x94,

    /* U+1EB6 "Ặ" */
    0x0, 0xe3, 0x72, 0x0, 0xb, 0x20, 0x7, 0xfc,
    0x63, 0xdd, 0x68, 0xa0, 0x7, 0xff, 0x1, 0xb3,
    0xb9, 0x8e, 0x1, 0xff, 0xc2, 0xef, 0xf9, 0x80,
    0x3f, 0xf8, 0x2a, 0x20, 0x15, 0x0, 0x7f, 0xf0,
    0x78, 0x3, 0x19, 0x80, 0x3f, 0xe1, 0x40, 0xe,
    0xa0, 0xf, 0xf9, 0x80, 0x23, 0x0, 0x30, 0x7,
    0xfd, 0x40, 0x4, 0x90, 0x9, 0x80, 0x3f, 0x8c,
    0x80, 0x1c, 0xa2, 0x0, 0xa0, 0xf, 0xea, 0x0,
    0x94, 0x1c, 0x0, 0x64, 0x1, 0xf9, 0x80, 0xc,
    0x0, 0xa0, 0xa, 0x80, 0x3e, 0x60, 0xa, 0x80,
    0x6, 0x40, 0x6, 0x0, 0xfa, 0x80, 0x4, 0x60,
    0x15, 0x0, 0x5, 0x40, 0x38, 0x8c, 0x0, 0x5f,
    0xfa, 0x0, 0x2e, 0x0, 0xea, 0x0, 0xff, 0xe0,
    0x21, 0x0, 0x66, 0x0, 0xff, 0xe0, 0xd0, 0x4,
    0x82, 0x0, 0x7c, 0xcf, 0x84, 0x0, 0xc0, 0x17,
    0x0, 0x52, 0x67, 0xf3, 0x80, 0x5, 0x0, 0x54,
    0x0, 0x62, 0x1, 0xf6, 0x80, 0x5e, 0xe, 0x1,
    0x58, 0x7, 0xe4, 0x10, 0x2, 0xd, 0x0, 0x4a,
    0x1, 0xfc, 0xe0, 0x13, 0x67, 0xfc, 0x40, 0x1f,
    0xd3, 0xff, 0x38, 0x7, 0xcb, 0x55, 0x0, 0x7f,
    0xf0, 0xf5, 0x56, 0x0, 0xff, 0xf1, 0x0,

    /* U+1EB7 "ặ" */
    0x0, 0xa7, 0xd4, 0x0, 0x3b, 0xe0, 0x1e, 0xb0,
    0xaf, 0xee, 0x13, 0x80, 0x78, 0xb1, 0x4, 0x45,
    0x30, 0x1, 0xf1, 0xdf, 0x7e, 0xb0, 0x7, 0xff,
    0x24, 0xeb, 0x7f, 0xdd, 0x8e, 0x1, 0xcd, 0x8a,
    0x40, 0x1, 0x38, 0xd0, 0x8, 0xa4, 0x2, 0x32,
    0x0, 0x89, 0xc0, 0x14, 0x0, 0x1d, 0xcd, 0xe1,
    0x0, 0x60, 0x2, 0x3a, 0xe8, 0x80, 0x2, 0xa0,
    0x7, 0x0, 0x85, 0x10, 0x28, 0xf8, 0x80, 0x1e,
    0x18, 0xde, 0xb8, 0x30, 0xf, 0x17, 0xb9, 0x0,
    0xa4, 0x18, 0x7, 0x48, 0x80, 0xdf, 0x5b, 0xb8,
    0x3, 0x90, 0x0, 0xe8, 0x1, 0x30, 0x7, 0xe5,
    0x0, 0x98, 0x80, 0x38, 0xc0, 0x7, 0xb3, 0x92,
    0x1, 0x8, 0x3, 0xc0, 0x22, 0x63, 0x3, 0x0,
    0x10, 0x0, 0xf1, 0x44, 0x5, 0x2f, 0x40, 0x25,
    0x0, 0x1d, 0x77, 0xf5, 0xa0, 0xff, 0xca, 0x1,
    0xd5, 0x52, 0x80, 0x7f, 0xa, 0xad, 0xa0, 0x1f,
    0xfd, 0x50,

    /* U+1EB8 "Ẹ" */
    0x1f, 0xff, 0xfe, 0xd, 0x80, 0x7f, 0xf6, 0x53,
    0x33, 0xfa, 0x40, 0x38, 0x4c, 0xff, 0x88, 0x3,
    0xff, 0xb2, 0xbf, 0xff, 0xc0, 0x1f, 0xfd, 0xa4,
    0xcc, 0xfe, 0x0, 0xf0, 0x99, 0xff, 0x0, 0x7f,
    0xfa, 0x84, 0xcf, 0xfc, 0x1, 0xc9, 0x99, 0xfe,
    0x0, 0xff, 0xea, 0x8f, 0xff, 0xff, 0x8, 0x3,
    0xe5, 0xaa, 0x80, 0x3f, 0xf8, 0x1a, 0xab, 0x0,
    0x7f, 0xf6, 0x80,

    /* U+1EB9 "ẹ" */
    0x0, 0xcf, 0x9f, 0xed, 0x81, 0x0, 0xe2, 0xd8,
    0x30, 0x1, 0x3f, 0x20, 0x6, 0xf2, 0x0, 0x9,
    0x0, 0x56, 0x40, 0x7, 0x20, 0x4, 0x76, 0xe8,
    0x40, 0x10, 0x0, 0xa0, 0x1, 0xb8, 0x0, 0xa0,
    0x0, 0xa0, 0x2, 0x0, 0x39, 0x9f, 0x0, 0x46,
    0x40, 0x12, 0x66, 0x6a, 0x0, 0x98, 0x3, 0xff,
    0x82, 0x66, 0x0, 0x9b, 0xff, 0xf3, 0x9, 0x0,
    0x14, 0x3, 0x23, 0xa9, 0x0, 0x14, 0x0, 0x70,
    0x0, 0x19, 0x8a, 0xc0, 0x4, 0x8, 0x1, 0xfb,
    0x38, 0x80, 0x10, 0x1, 0x60, 0x80, 0x4, 0xc0,
    0x27, 0x60, 0x8, 0xba, 0xc, 0x40, 0x52, 0xe0,
    0x3, 0xcf, 0x9d, 0xfd, 0x68, 0x1, 0xf9, 0x6a,
    0xa0, 0xf, 0xf6, 0x2a, 0xc0, 0x1f, 0xfd, 0x50,

    /* U+1EBA "Ẻ" */
    0x0, 0xf0, 0x80, 0x7f, 0xf0, 0xa7, 0xbf, 0xd4,
    0x20, 0x1f, 0xeb, 0xb5, 0x22, 0xd0, 0x7, 0xf8,
    0x91, 0x84, 0x4, 0x3, 0xff, 0x81, 0xad, 0x34,
    0x1, 0xff, 0xc0, 0xae, 0x60, 0xf, 0xf, 0xff,
    0xaf, 0x7f, 0xfa, 0xc0, 0x3f, 0xfb, 0x29, 0x99,
    0xfd, 0x20, 0x1c, 0x26, 0x7f, 0xc4, 0x1, 0xff,
    0xd9, 0x13, 0x3f, 0xe0, 0xf, 0x26, 0x67, 0xf0,
    0x7, 0xff, 0x69, 0x7f, 0xff, 0x80, 0x3f, 0xfd,
    0x42, 0x67, 0xfe, 0x0, 0xe4, 0xcc, 0xff, 0x0,
    0x7f, 0xf5, 0x40,

    /* U+1EBB "ẻ" */
    0x0, 0xcd, 0xfe, 0xea, 0x30, 0xf, 0xc9, 0x32,
    0x45, 0xd0, 0xf, 0xc4, 0xc4, 0x60, 0xa0, 0x1f,
    0xed, 0x3d, 0xb0, 0xf, 0xf4, 0xd1, 0x0, 0x7f,
    0x3e, 0x7f, 0xb6, 0x4, 0x3, 0x8b, 0x60, 0xc0,
    0x4, 0xfc, 0x80, 0x1b, 0xc8, 0x0, 0x24, 0x1,
    0x59, 0x0, 0x1c, 0x80, 0x11, 0xdb, 0xa1, 0x0,
    0x40, 0x2, 0x80, 0x6, 0xe0, 0x2, 0x80, 0x2,
    0x80, 0x8, 0x0, 0xe6, 0x7c, 0x1, 0x19, 0x0,
    0x49, 0x99, 0xa8, 0x2, 0x60, 0xf, 0xfe, 0x9,
    0x98, 0x2, 0x6f, 0xff, 0xcc, 0x24, 0x0, 0x50,
    0xc, 0x8e, 0xa4, 0x0, 0x50, 0x1, 0xc0, 0x0,
    0x66, 0x2b, 0x0, 0x10, 0x20, 0x7, 0xec, 0xe2,
    0x0, 0x40, 0x5, 0x82, 0x0, 0x13, 0x0, 0x9d,
    0x80, 0x22, 0xe8, 0x31, 0x1, 0x4b, 0x80, 0x0,

    /* U+1EBC "Ẽ" */
    0x0, 0xe1, 0x0, 0xc2, 0x40, 0x1f, 0xb3, 0xbe,
    0xd8, 0xf7, 0x42, 0x1, 0xe6, 0x30, 0x2, 0x4e,
    0x18, 0x88, 0x3, 0xde, 0x19, 0xd2, 0x80, 0x34,
    0x1, 0xf4, 0xf9, 0x8b, 0x5f, 0xf2, 0x0, 0x61,
    0xff, 0xff, 0xe0, 0xd8, 0x7, 0xff, 0x65, 0x33,
    0x3f, 0xa4, 0x3, 0x84, 0xcf, 0xf8, 0x80, 0x3f,
    0xfb, 0x22, 0x67, 0xfc, 0x1, 0xe4, 0xcc, 0xfe,
    0x0, 0xff, 0xed, 0x2f, 0xff, 0xf0, 0x7, 0xff,
    0xa8, 0x4c, 0xff, 0xc0, 0x1c, 0x99, 0x9f, 0xe0,
    0xf, 0xfe, 0xa8,

    /* U+1EBD "ẽ" */
    0x0, 0x8f, 0x7f, 0x18, 0x4b, 0xec, 0x3, 0xbc,
    0x80, 0xe7, 0xb4, 0xc, 0x3, 0x8c, 0xb2, 0x90,
    0x0, 0x52, 0x1, 0xdb, 0x86, 0xb7, 0xfd, 0xa2,
    0x1, 0xc4, 0x20, 0x18, 0x40, 0x3f, 0x3e, 0x7f,
    0xb6, 0x4, 0x3, 0x8b, 0x60, 0xc0, 0x4, 0xfc,
    0x80, 0x1b, 0xc8, 0x0, 0x24, 0x1, 0x59, 0x0,
    0x1c, 0x80, 0x11, 0xdb, 0xa1, 0x0, 0x40, 0x2,
    0x80, 0x6, 0xe0, 0x2, 0x80, 0x2, 0x80, 0x8,
    0x0, 0xe6, 0x7c, 0x1, 0x19, 0x0, 0x49, 0x99,
    0xa8, 0x2, 0x60, 0xf, 0xfe, 0x9, 0x98, 0x2,
    0x6f, 0xff, 0xcc, 0x24, 0x0, 0x50, 0xc, 0x8e,
    0xa4, 0x0, 0x50, 0x1, 0xc0, 0x0, 0x66, 0x2b,
    0x0, 0x10, 0x20, 0x7, 0xec, 0xe2, 0x0, 0x40,
    0x5, 0x82, 0x0, 0x13, 0x0, 0x9d, 0x80, 0x22,
    0xe8, 0x31, 0x1, 0x4b, 0x80, 0x0,

    /* U+1EBE "Ế" */
    0x0, 0xf8, 0xff, 0xe6, 0x0, 0xff, 0xb8, 0x13,
    0x98, 0x3, 0xfc, 0x6a, 0xfc, 0x20, 0x1f, 0xe8,
    0xc3, 0xa, 0xb2, 0x0, 0xfc, 0x37, 0x97, 0x1b,
    0x2, 0x1, 0x87, 0xfe, 0xec, 0xc7, 0xfb, 0x73,
    0x1f, 0xeb, 0x0, 0xff, 0xec, 0xa6, 0x67, 0xf4,
    0x80, 0x70, 0x99, 0xff, 0x10, 0x7, 0xff, 0x64,
    0x4c, 0xff, 0x80, 0x3c, 0x99, 0x9f, 0xc0, 0x1f,
    0xfd, 0xa5, 0xff, 0xfe, 0x0, 0xff, 0xf5, 0x9,
    0x9f, 0xf8, 0x3, 0x93, 0x33, 0xfc, 0x1, 0xff,
    0xd5,

    /* U+1EBF "ế" */
    0x0, 0xf1, 0x7f, 0xd2, 0x1, 0xfd, 0x60, 0x5,
    0x90, 0xf, 0xc2, 0xc0, 0x94, 0x1, 0xfc, 0xaa,
    0x6b, 0x0, 0xff, 0x25, 0x48, 0x7, 0xfd, 0xbf,
    0xf1, 0x0, 0x7e, 0x82, 0x0, 0xb8, 0x3, 0xe4,
    0x70, 0x58, 0x3, 0x80, 0xf, 0x79, 0x1d, 0x3b,
    0x12, 0x10, 0x7, 0x5e, 0xe0, 0x2, 0x77, 0x8,
    0x3, 0xcf, 0x9f, 0xed, 0x81, 0x0, 0xe2, 0xd8,
    0x30, 0x1, 0x3f, 0x20, 0x6, 0xf2, 0x0, 0x9,
    0x0, 0x56, 0x40, 0x7, 0x20, 0x4, 0x76, 0xe8,
    0x40, 0x10, 0x0, 0xa0, 0x1, 0xb8, 0x0, 0xa0,
    0x0, 0xa0, 0x2, 0x0, 0x39, 0x9f, 0x0, 0x46,
    0x40, 0x12, 0x66, 0x6a, 0x0, 0x98, 0x3, 0xff,
    0x82, 0x66, 0x0, 0x9b, 0xff, 0xf3, 0x9, 0x0,
    0x14, 0x3, 0x23, 0xa9, 0x0, 0x14, 0x0, 0x70,
    0x0, 0x19, 0x8a, 0xc0, 0x4, 0x8, 0x1, 0xfb,
    0x38, 0x80, 0x10, 0x1, 0x60, 0x80, 0x4, 0xc0,
    0x27, 0x60, 0x8, 0xba, 0xc, 0x40, 0x52, 0xe0,
    0x0,

    /* U+1EC0 "Ề" */
    0x0, 0xc7, 0xbf, 0xe8, 0x0, 0xff, 0x8f, 0x60,
    0x1d, 0x0, 0x3f, 0xf8, 0xa, 0xec, 0x40, 0x1f,
    0xf4, 0x69, 0x8c, 0xd9, 0x0, 0x7e, 0x1b, 0xcb,
    0x8d, 0x81, 0x0, 0xc3, 0xff, 0x76, 0x63, 0xfd,
    0xb9, 0x8f, 0xf5, 0x80, 0x7f, 0xf6, 0x53, 0x33,
    0xfa, 0x40, 0x38, 0x4c, 0xff, 0x88, 0x3, 0xff,
    0xb2, 0x26, 0x7f, 0xc0, 0x1e, 0x4c, 0xcf, 0xe0,
    0xf, 0xfe, 0xd2, 0xff, 0xff, 0x0, 0x7f, 0xfa,
    0x84, 0xcf, 0xfc, 0x1, 0xc9, 0x99, 0xfe, 0x0,
    0xff, 0xea, 0x80,

    /* U+1EC1 "ề" */
    0x0, 0x9f, 0xfe, 0x50, 0xf, 0xe7, 0x80, 0x4,
    0x80, 0x7f, 0x9d, 0xc0, 0x68, 0x1, 0xfe, 0x88,
    0x29, 0x80, 0x7f, 0xcf, 0x4e, 0x1, 0xfe, 0xdf,
    0xf8, 0x80, 0x3f, 0x41, 0x0, 0x5c, 0x1, 0xf2,
    0x38, 0x2c, 0x1, 0xc0, 0x7, 0xbc, 0x8e, 0x9d,
    0x89, 0x8, 0x3, 0xaf, 0x70, 0x1, 0x3b, 0x84,
    0x1, 0xe7, 0xcf, 0xf6, 0xc0, 0x80, 0x71, 0x6c,
    0x18, 0x0, 0x9f, 0x90, 0x3, 0x79, 0x0, 0x4,
    0x80, 0x2b, 0x20, 0x3, 0x90, 0x2, 0x3b, 0x74,
    0x20, 0x8, 0x0, 0x50, 0x0, 0xdc, 0x0, 0x50,
    0x0, 0x50, 0x1, 0x0, 0x1c, 0xcf, 0x80, 0x23,
    0x20, 0x9, 0x33, 0x35, 0x0, 0x4c, 0x1, 0xff,
    0xc1, 0x33, 0x0, 0x4d, 0xff, 0xf9, 0x84, 0x80,
    0xa, 0x1, 0x91, 0xd4, 0x80, 0xa, 0x0, 0x38,
    0x0, 0xc, 0xc5, 0x60, 0x2, 0x4, 0x0, 0xfd,
    0x9c, 0x40, 0x8, 0x0, 0xb0, 0x40, 0x2, 0x60,
    0x13, 0xb0, 0x4, 0x5d, 0x6, 0x20, 0x29, 0x70,
    0x0,

    /* U+1EC2 "Ể" */
    0x0, 0xf6, 0x63, 0x71, 0xc0, 0x3f, 0xec, 0xdb,
    0x3d, 0x0, 0xff, 0xe0, 0x27, 0x6d, 0x0, 0x7f,
    0x97, 0xa0, 0xb6, 0x0, 0x3f, 0x88, 0xef, 0x6a,
    0xf9, 0x0, 0x30, 0xff, 0xdb, 0x35, 0xfe, 0xb9,
    0xbf, 0xf5, 0x80, 0x7f, 0xf6, 0x53, 0x33, 0xfa,
    0x40, 0x38, 0x4c, 0xff, 0x88, 0x3, 0xff, 0xb2,
    0x26, 0x7f, 0xc0, 0x1e, 0x4c, 0xcf, 0xe0, 0xf,
    0xfe, 0xd2, 0xff, 0xff, 0x0, 0x7f, 0xfa, 0x84,
    0xcf, 0xfc, 0x1, 0xc9, 0x99, 0xfe, 0x0, 0xff,
    0xea, 0x80,

    /* U+1EC3 "ể" */
    0x0, 0xe1, 0x10, 0x7, 0xfc, 0xbd, 0xcf, 0xb3,
    0x0, 0xfc, 0x97, 0x4c, 0x9a, 0x1, 0xf8, 0x51,
    0x70, 0x4, 0x3, 0xfd, 0x54, 0x4c, 0x0, 0xff,
    0x7c, 0x59, 0x80, 0x7f, 0x6d, 0x47, 0x90, 0x7,
    0xe8, 0x20, 0xb, 0x80, 0x3e, 0x47, 0x5, 0x80,
    0x38, 0x0, 0xf7, 0x91, 0xd3, 0xb1, 0x21, 0x0,
    0x75, 0xee, 0x0, 0x27, 0x70, 0x80, 0x3c, 0xf9,
    0xfe, 0xd8, 0x10, 0xe, 0x2d, 0x83, 0x0, 0x13,
    0xf2, 0x0, 0x6f, 0x20, 0x0, 0x90, 0x5, 0x64,
    0x0, 0x72, 0x0, 0x47, 0x6e, 0x84, 0x1, 0x0,
    0xa, 0x0, 0x1b, 0x80, 0xa, 0x0, 0xa, 0x0,
    0x20, 0x3, 0x99, 0xf0, 0x4, 0x64, 0x1, 0x26,
    0x66, 0xa0, 0x9, 0x80, 0x3f, 0xf8, 0x26, 0x60,
    0x9, 0xbf, 0xff, 0x30, 0x90, 0x1, 0x40, 0x32,
    0x3a, 0x90, 0x1, 0x40, 0x7, 0x0, 0x1, 0x98,
    0xac, 0x0, 0x40, 0x80, 0x1f, 0xb3, 0x88, 0x1,
    0x0, 0x16, 0x8, 0x0, 0x4c, 0x2, 0x76, 0x0,
    0x8b, 0xa0, 0xc4, 0x5, 0x2e, 0x0, 0x0,

    /* U+1EC4 "Ễ" */
    0x0, 0xc7, 0x9f, 0xae, 0x6b, 0xea, 0x1, 0xf6,
    0xbe, 0x55, 0xe5, 0x22, 0x80, 0x7d, 0x96, 0x43,
    0x57, 0xf6, 0x1, 0xf8, 0x9b, 0xaf, 0x2e, 0x84,
    0x3, 0xf1, 0x1d, 0x6d, 0x67, 0xa8, 0x6, 0x1f,
    0xfb, 0x6a, 0x9f, 0xec, 0xab, 0xff, 0x58, 0x7,
    0xff, 0x65, 0x33, 0x3f, 0xa4, 0x3, 0x84, 0xcf,
    0xf8, 0x80, 0x3f, 0xfb, 0x22, 0x67, 0xfc, 0x1,
    0xe4, 0xcc, 0xfe, 0x0, 0xff, 0xed, 0x2f, 0xff,
    0xf0, 0x7, 0xff, 0xa8, 0x4c, 0xff, 0xc0, 0x1c,
    0x99, 0x9f, 0xe0, 0xf, 0xfe, 0xa8,

    /* U+1EC5 "ễ" */
    0x0, 0x86, 0xff, 0x18, 0x13, 0xdc, 0x3, 0xad,
    0xc, 0xa7, 0xec, 0x10, 0x3, 0x9d, 0x33, 0xa0,
    0xca, 0x4c, 0x3, 0xb6, 0xc0, 0xf, 0x9a, 0xc0,
    0x1f, 0xb7, 0xfe, 0x20, 0xf, 0xd0, 0x40, 0x17,
    0x0, 0x7c, 0x8e, 0xb, 0x0, 0x70, 0x1, 0xef,
    0x23, 0xa7, 0x62, 0x42, 0x0, 0xeb, 0xdc, 0x0,
    0x4e, 0xe1, 0x0, 0x79, 0xf3, 0xfd, 0xb0, 0x20,
    0x1c, 0x5b, 0x6, 0x0, 0x27, 0xe4, 0x0, 0xde,
    0x40, 0x1, 0x20, 0xa, 0xc8, 0x0, 0xe4, 0x0,
    0x8e, 0xdd, 0x8, 0x2, 0x0, 0x14, 0x0, 0x37,
    0x0, 0x14, 0x0, 0x14, 0x0, 0x40, 0x7, 0x33,
    0xe0, 0x8, 0xc8, 0x2, 0x4c, 0xcd, 0x40, 0x13,
    0x0, 0x7f, 0xf0, 0x4c, 0xc0, 0x13, 0x7f, 0xfe,
    0x61, 0x20, 0x2, 0x80, 0x64, 0x75, 0x20, 0x2,
    0x80, 0xe, 0x0, 0x3, 0x31, 0x58, 0x0, 0x81,
    0x0, 0x3f, 0x67, 0x10, 0x2, 0x0, 0x2c, 0x10,
    0x0, 0x98, 0x4, 0xec, 0x1, 0x17, 0x41, 0x88,
    0xa, 0x5c, 0x0, 0x0,

    /* U+1EC6 "Ệ" */
    0x0, 0xf1, 0x3c, 0x28, 0x7, 0xfc, 0xdb, 0x29,
    0x54, 0x0, 0xfe, 0x3e, 0x8f, 0xc9, 0x25, 0x0,
    0xc3, 0xff, 0x63, 0xc7, 0x7c, 0xbd, 0x7f, 0xac,
    0x3, 0xff, 0xb2, 0x99, 0x9f, 0xd2, 0x1, 0xc2,
    0x67, 0xfc, 0x40, 0x1f, 0xfd, 0x95, 0xff, 0xfe,
    0x0, 0xff, 0xed, 0x26, 0x67, 0xf0, 0x7, 0x84,
    0xcf, 0xf8, 0x3, 0xff, 0xd4, 0x26, 0x7f, 0xe0,
    0xe, 0x4c, 0xcf, 0xf0, 0x7, 0xff, 0x54, 0x7f,
    0xff, 0xf8, 0x40, 0x1f, 0x2d, 0x54, 0x1, 0xff,
    0xc0, 0xd5, 0x58, 0x3, 0xff, 0xb4,

    /* U+1EC7 "ệ" */
    0x0, 0xed, 0xff, 0x88, 0x3, 0xf4, 0x10, 0x5,
    0xc0, 0x1f, 0x23, 0x82, 0xc0, 0x1c, 0x0, 0x7b,
    0xc8, 0xe9, 0xd8, 0x90, 0x80, 0x3a, 0xf7, 0x0,
    0x13, 0xb8, 0x40, 0x1e, 0x7c, 0xff, 0x6c, 0x8,
    0x7, 0x16, 0xc1, 0x80, 0x9, 0xf9, 0x0, 0x37,
    0x90, 0x0, 0x48, 0x2, 0xb2, 0x0, 0x39, 0x0,
    0x23, 0xb7, 0x42, 0x0, 0x80, 0x5, 0x0, 0xd,
    0xc0, 0x5, 0x0, 0x5, 0x0, 0x10, 0x1, 0xcc,
    0xf8, 0x2, 0x32, 0x0, 0x93, 0x33, 0x50, 0x4,
    0xc0, 0x1f, 0xfc, 0x13, 0x30, 0x4, 0xdf, 0xff,
    0x98, 0x48, 0x0, 0xa0, 0x19, 0x1d, 0x48, 0x0,
    0xa0, 0x3, 0x80, 0x0, 0xcc, 0x56, 0x0, 0x20,
    0x40, 0xf, 0xd9, 0xc4, 0x0, 0x80, 0xb, 0x4,
    0x0, 0x26, 0x1, 0x3b, 0x0, 0x45, 0xd0, 0x62,
    0x2, 0x97, 0x0, 0x1e, 0x7c, 0xef, 0xeb, 0x40,
    0xf, 0xcb, 0x55, 0x0, 0x7f, 0xb1, 0x56, 0x0,
    0xff, 0xea, 0x80,

    /* U+1EC8 "Ỉ" */
    0x1, 0x0, 0xd3, 0xdf, 0xea, 0x1b, 0xb5, 0x22,
    0xd1, 0x23, 0x8, 0x8, 0x3, 0x5a, 0x68, 0x1,
    0x5c, 0xc0, 0x7f, 0x7b, 0x0, 0x1f, 0xff, 0xf0,
    0xf, 0xfe, 0xb0,

    /* U+1EC9 "ỉ" */
    0xbf, 0xf6, 0xc0, 0xfc, 0xc0, 0x3c, 0x23, 0x0,
    0x7, 0x40, 0x19, 0x1c, 0x80, 0xb, 0x50, 0x1,
    0x7f, 0xce, 0x1, 0xff, 0xff, 0x0, 0xc0,

    /* U+1ECA "Ị" */
    0x3f, 0xfa, 0x0, 0x3f, 0xff, 0xe0, 0x1f, 0xfc,
    0x33, 0xff, 0xa0, 0x6a, 0xa4, 0x35, 0x58, 0xc0,
    0x3f, 0xc0,

    /* U+1ECB "ị" */
    0x2f, 0xf9, 0xc0, 0x3f, 0xc5, 0x55, 0x28, 0x2a,
    0xc4, 0x4f, 0xf9, 0xc0, 0x3f, 0xfe, 0xa5, 0xff,
    0x38, 0xd5, 0x48, 0x6a, 0xb1, 0x80, 0x7f, 0x80,

    /* U+1ECC "Ọ" */
    0x0, 0xe5, 0xad, 0xff, 0x75, 0xb8, 0x80, 0x7e,
    0x4e, 0xa5, 0x20, 0x0, 0xa4, 0x73, 0x80, 0x79,
    0x6c, 0x40, 0x3f, 0xa2, 0x80, 0x31, 0xd0, 0x4,
    0x2f, 0x57, 0x26, 0x1, 0x2b, 0x80, 0x5e, 0x1,
    0x27, 0x42, 0xa3, 0x64, 0x0, 0x50, 0x20, 0x66,
    0x0, 0xd, 0x80, 0x79, 0xd4, 0x2, 0x90, 0xb0,
    0xa, 0x40, 0x3f, 0x40, 0x4, 0x80, 0x60, 0x12,
    0x0, 0x7e, 0x21, 0x0, 0x18, 0x38, 0x4, 0x60,
    0x1f, 0xc4, 0x1, 0x8, 0x80, 0x3f, 0xf8, 0x2e,
    0x1, 0x18, 0x80, 0x42, 0x1, 0xfc, 0xe0, 0x11,
    0xb8, 0x4, 0x40, 0x1f, 0xc4, 0x1, 0x9, 0x80,
    0x48, 0x1, 0xf8, 0xc4, 0x0, 0x41, 0x60, 0x14,
    0x88, 0x7, 0xd2, 0x1, 0x28, 0x19, 0x80, 0x3,
    0xa2, 0x1, 0xd0, 0xa0, 0x14, 0x80, 0x3c, 0x2,
    0x3f, 0x85, 0x47, 0xd7, 0x0, 0x9c, 0x40, 0x7,
    0x20, 0x10, 0xbd, 0x5c, 0x10, 0x4, 0xb0, 0x1,
    0x9a, 0xc8, 0x3, 0xfa, 0x28, 0x3, 0xc9, 0xb4,
    0xa4, 0x0, 0x14, 0x8e, 0x70, 0xf, 0xe5, 0xad,
    0xff, 0x75, 0xb8, 0x80, 0x7f, 0xf0, 0x1e, 0xa8,
    0xe0, 0x1f, 0xfc, 0x3b, 0x55, 0x58, 0x7, 0xff,
    0x88,

    /* U+1ECD "ọ" */
    0x0, 0x8a, 0x37, 0xfd, 0xb2, 0x40, 0x1c, 0xfa,
    0xe4, 0x0, 0x26, 0xd7, 0x0, 0x9a, 0x0, 0x3f,
    0x43, 0x0, 0xc8, 0x5, 0x5f, 0xea, 0x0, 0xa4,
    0x64, 0x2, 0xa5, 0x0, 0x2c, 0x80, 0x52, 0x80,
    0x1, 0x50, 0xc, 0xc2, 0x0, 0x42, 0x0, 0x10,
    0x7, 0x88, 0x0, 0x40, 0x1f, 0xfc, 0x22, 0x0,
    0x10, 0x7, 0x88, 0x0, 0x48, 0x0, 0x16, 0x0,
    0xcc, 0x20, 0x4, 0xa0, 0xa, 0x54, 0x0, 0xb2,
    0x1, 0x49, 0x40, 0x5, 0x5f, 0xea, 0x0, 0xa4,
    0x41, 0xe0, 0x3, 0xf4, 0xb0, 0x4, 0xfa, 0xe4,
    0x0, 0x26, 0xe6, 0x0, 0xe2, 0x8d, 0xff, 0x6c,
    0x88, 0x7, 0xe9, 0xaa, 0x30, 0x7, 0xf9, 0x95,
    0x58, 0x1, 0xff, 0xd5,

    /* U+1ECE "Ỏ" */
    0x0, 0xf8, 0x44, 0x1, 0xff, 0xc4, 0x4e, 0xe7,
    0xd9, 0x80, 0x7f, 0xf0, 0x52, 0xe9, 0x93, 0x0,
    0x3f, 0xf8, 0x48, 0xba, 0x0, 0x10, 0xf, 0xfe,
    0x14, 0xda, 0x58, 0x80, 0x7f, 0xf0, 0xb2, 0x2d,
    0x0, 0x3f, 0xf8, 0xb, 0x5b, 0x51, 0xd6, 0xe2,
    0x1, 0xf9, 0x3a, 0x94, 0x80, 0x2, 0x91, 0xce,
    0x1, 0xe5, 0xb1, 0x0, 0xfe, 0x8a, 0x0, 0xc7,
    0x40, 0x10, 0xbd, 0x5c, 0x98, 0x4, 0xae, 0x1,
    0x78, 0x4, 0x9d, 0xa, 0x8d, 0x90, 0x1, 0x40,
    0x81, 0x98, 0x0, 0x36, 0x1, 0xe7, 0x50, 0xa,
    0x42, 0xc0, 0x29, 0x0, 0xfd, 0x0, 0x12, 0x1,
    0x80, 0x48, 0x1, 0xf8, 0x84, 0x0, 0x60, 0xe0,
    0x11, 0x80, 0x7f, 0x10, 0x4, 0x22, 0x0, 0xff,
    0xe0, 0xb8, 0x4, 0x62, 0x1, 0x8, 0x7, 0xf3,
    0x80, 0x46, 0xe0, 0x11, 0x0, 0x7f, 0x10, 0x4,
    0x26, 0x1, 0x20, 0x7, 0xe3, 0x10, 0x1, 0x5,
    0x80, 0x52, 0x20, 0x1f, 0x48, 0x4, 0xa0, 0x66,
    0x0, 0xe, 0x88, 0x7, 0x42, 0x80, 0x52, 0x0,
    0xf0, 0x8, 0xfe, 0x15, 0x1f, 0x5c, 0x2, 0x71,
    0x0, 0x1c, 0x80, 0x42, 0xf5, 0x70, 0x40, 0x12,
    0xc0, 0x6, 0x6b, 0x20, 0xf, 0xe8, 0xa0, 0xf,
    0x26, 0xd2, 0x90, 0x0, 0x52, 0x39, 0xc0, 0x30,

    /* U+1ECF "ỏ" */
    0x0, 0xcd, 0xfe, 0xea, 0x20, 0xf, 0xc9, 0x32,
    0x55, 0x60, 0x7, 0xe2, 0x62, 0x20, 0x20, 0x7,
    0xfb, 0x4f, 0x68, 0x3, 0xfd, 0x34, 0x40, 0x1f,
    0x8a, 0x37, 0xfd, 0xb2, 0x40, 0x1c, 0xfa, 0xe4,
    0x0, 0x26, 0xd7, 0x0, 0x9a, 0x0, 0x3f, 0x43,
    0x0, 0xc8, 0x5, 0x5f, 0xea, 0x0, 0xa4, 0x64,
    0x2, 0xa5, 0x0, 0x2c, 0x80, 0x52, 0x80, 0x1,
    0x50, 0xc, 0xc2, 0x0, 0x42, 0x0, 0x10, 0x7,
    0x88, 0x0, 0x40, 0x1f, 0xfc, 0x22, 0x0, 0x10,
    0x7, 0x88, 0x0, 0x48, 0x0, 0x16, 0x0, 0xcc,
    0x20, 0x4, 0xa0, 0xa, 0x54, 0x0, 0xb2, 0x1,
    0x49, 0x40, 0x5, 0x5f, 0xea, 0x0, 0xa4, 0x41,
    0xe0, 0x3, 0xf4, 0xb0, 0x4, 0xfa, 0xe4, 0x0,
    0x26, 0xe6, 0x0, 0x0,

    /* U+1ED0 "Ố" */
    0x0, 0xfc, 0x9f, 0xee, 0x60, 0xf, 0xfe, 0x8,
    0xd0, 0x2f, 0xb0, 0x7, 0xff, 0x4, 0x9d, 0xdc,
    0x20, 0x1f, 0xfc, 0x19, 0xc3, 0xb, 0xb1, 0x0,
    0x7f, 0xc5, 0x59, 0x51, 0xb0, 0x1, 0xff, 0xc0,
    0x79, 0xef, 0xf6, 0x42, 0x88, 0x7, 0xe4, 0xea,
    0x52, 0x0, 0xa, 0x47, 0x38, 0x7, 0x96, 0xc4,
    0x3, 0xfa, 0x28, 0x3, 0x1d, 0x0, 0x42, 0xf5,
    0x72, 0x60, 0x12, 0xb8, 0x5, 0xe0, 0x12, 0x74,
    0x2a, 0x36, 0x40, 0x5, 0x2, 0x6, 0x60, 0x0,
    0xd8, 0x7, 0x9d, 0x40, 0x29, 0xb, 0x0, 0xa4,
    0x3, 0xf4, 0x0, 0x48, 0x6, 0x1, 0x20, 0x7,
    0xe2, 0x10, 0x1, 0x83, 0x80, 0x46, 0x1, 0xfc,
    0x40, 0x10, 0x88, 0x3, 0xff, 0x82, 0xe0, 0x11,
    0x88, 0x4, 0x20, 0x1f, 0xce, 0x1, 0x1b, 0x80,
    0x44, 0x1, 0xfc, 0x40, 0x10, 0x98, 0x4, 0x80,
    0x1f, 0x8c, 0x40, 0x4, 0x16, 0x1, 0x48, 0x80,
    0x7d, 0x20, 0x12, 0x81, 0x98, 0x0, 0x3a, 0x20,
    0x1d, 0xa, 0x1, 0x48, 0x3, 0xc0, 0x23, 0xf8,
    0x54, 0x7d, 0x70, 0x9, 0xc4, 0x0, 0x72, 0x1,
    0xb, 0xd5, 0xc1, 0x0, 0x4b, 0x0, 0x19, 0xac,
    0x80, 0x3f, 0xa2, 0x80, 0x3c, 0x9b, 0x4a, 0x40,
    0x1, 0x48, 0xe7, 0x0, 0xc0,

    /* U+1ED1 "ố" */
    0x0, 0xf2, 0x7f, 0xce, 0x1, 0xfd, 0xe0, 0x7,
    0x70, 0x7, 0xe2, 0x40, 0x68, 0x0, 0xfe, 0x75,
    0x79, 0x0, 0xff, 0x2d, 0x40, 0x7, 0xf8, 0x7b,
    0xfd, 0xc2, 0x1, 0xfa, 0x84, 0x0, 0x34, 0x1,
    0xf3, 0x20, 0x3b, 0x2, 0x30, 0x7, 0xd, 0x12,
    0x44, 0xa1, 0x50, 0x80, 0x61, 0xcd, 0xb0, 0x5,
    0xee, 0x8, 0x7, 0x14, 0x6f, 0xfb, 0x64, 0x80,
    0x39, 0xf5, 0xc8, 0x0, 0x4d, 0xae, 0x1, 0x34,
    0x0, 0x7e, 0x86, 0x1, 0x90, 0xa, 0xbf, 0xd4,
    0x1, 0x48, 0xc8, 0x5, 0x4a, 0x0, 0x59, 0x0,
    0xa5, 0x0, 0x2, 0xa0, 0x19, 0x84, 0x0, 0x84,
    0x0, 0x20, 0xf, 0x10, 0x0, 0x80, 0x3f, 0xf8,
    0x44, 0x0, 0x20, 0xf, 0x10, 0x0, 0x90, 0x0,
    0x2c, 0x1, 0x98, 0x40, 0x9, 0x40, 0x14, 0xa8,
    0x1, 0x64, 0x2, 0x92, 0x80, 0xa, 0xbf, 0xd4,
    0x1, 0x48, 0x83, 0xc0, 0x7, 0xe9, 0x60, 0x9,
    0xf5, 0xc8, 0x0, 0x4d, 0xcc, 0x0,

    /* U+1ED2 "Ồ" */
    0x0, 0xe4, 0xdf, 0xf3, 0x80, 0x7f, 0xf0, 0x93,
    0x5c, 0x20, 0xc0, 0x3f, 0xf8, 0x76, 0xec, 0xc0,
    0xf, 0xfe, 0x14, 0xe1, 0xd, 0x59, 0x0, 0x7f,
    0xc5, 0x59, 0x51, 0xb0, 0x1, 0xff, 0xc0, 0x79,
    0xef, 0xf6, 0x42, 0x88, 0x7, 0xe4, 0xea, 0x52,
    0x0, 0xa, 0x47, 0x38, 0x7, 0x96, 0xc4, 0x3,
    0xfa, 0x28, 0x3, 0x1d, 0x0, 0x42, 0xf5, 0x72,
    0x60, 0x12, 0xb8, 0x5, 0xe0, 0x12, 0x74, 0x2a,
    0x36, 0x40, 0x5, 0x2, 0x6, 0x60, 0x0, 0xd8,
    0x7, 0x9d, 0x40, 0x29, 0xb, 0x0, 0xa4, 0x3,
    0xf4, 0x0, 0x48, 0x6, 0x1, 0x20, 0x7, 0xe2,
    0x10, 0x1, 0x83, 0x80, 0x46, 0x1, 0xfc, 0x40,
    0x10, 0x88, 0x3, 0xff, 0x82, 0xe0, 0x11, 0x88,
    0x4, 0x20, 0x1f, 0xce, 0x1, 0x1b, 0x80, 0x44,
    0x1, 0xfc, 0x40, 0x10, 0x98, 0x4, 0x80, 0x1f,
    0x8c, 0x40, 0x4, 0x16, 0x1, 0x48, 0x80, 0x7d,
    0x20, 0x12, 0x81, 0x98, 0x0, 0x3a, 0x20, 0x1d,
    0xa, 0x1, 0x48, 0x3, 0xc0, 0x23, 0xf8, 0x54,
    0x7d, 0x70, 0x9, 0xc4, 0x0, 0x72, 0x1, 0xb,
    0xd5, 0xc1, 0x0, 0x4b, 0x0, 0x19, 0xac, 0x80,
    0x3f, 0xa2, 0x80, 0x3c, 0x9b, 0x4a, 0x40, 0x1,
    0x48, 0xe7, 0x0, 0xc0,

    /* U+1ED3 "ồ" */
    0x0, 0xa7, 0xfe, 0x30, 0xf, 0xe9, 0x60, 0x4,
    0x80, 0x7f, 0xa5, 0x41, 0x48, 0x3, 0xfd, 0x4e,
    0xae, 0x1, 0xff, 0x45, 0x28, 0x7, 0xf0, 0xf7,
    0xfb, 0x84, 0x3, 0xf5, 0x8, 0x0, 0x68, 0x3,
    0xe6, 0x40, 0x76, 0x4, 0x60, 0xe, 0x1a, 0x24,
    0x89, 0x42, 0xa1, 0x0, 0xc3, 0x9b, 0x60, 0xb,
    0xdc, 0x10, 0xe, 0x28, 0xdf, 0xf6, 0xc9, 0x0,
    0x73, 0xeb, 0x90, 0x0, 0x9b, 0x5c, 0x2, 0x68,
    0x0, 0xfd, 0xc, 0x3, 0x20, 0x15, 0x7f, 0xa8,
    0x2, 0x91, 0x90, 0xa, 0x94, 0x0, 0xb2, 0x1,
    0x4a, 0x0, 0x5, 0x40, 0x33, 0x8, 0x1, 0x8,
    0x0, 0x40, 0x1e, 0x20, 0x1, 0x0, 0x7f, 0xf0,
    0x88, 0x0, 0x40, 0x1e, 0x20, 0x1, 0x20, 0x0,
    0x58, 0x3, 0x30, 0x80, 0x12, 0x80, 0x29, 0x50,
    0x2, 0xc8, 0x5, 0x25, 0x0, 0x15, 0x7f, 0xa8,
    0x2, 0x91, 0x7, 0x80, 0xf, 0xd2, 0xc0, 0x13,
    0xeb, 0x90, 0x0, 0x9b, 0x98, 0x0,

    /* U+1ED4 "Ổ" */
    0x0, 0xf0, 0xe6, 0x36, 0xd4, 0x3, 0xff, 0x82,
    0x39, 0xb4, 0x98, 0x1, 0xff, 0xc3, 0x50, 0xd9,
    0x0, 0xff, 0xe0, 0x96, 0x5c, 0xe2, 0x0, 0x7f,
    0xf0, 0xe, 0x1b, 0x7d, 0xf9, 0x40, 0x3f, 0xe6,
    0x7, 0xde, 0x71, 0x21, 0x0, 0xfc, 0x9d, 0x4a,
    0x40, 0x1, 0x48, 0xe7, 0x0, 0xf2, 0xd8, 0x80,
    0x7f, 0x45, 0x0, 0x63, 0xa0, 0x8, 0x5e, 0xae,
    0x4c, 0x2, 0x57, 0x0, 0xbc, 0x2, 0x4e, 0x85,
    0x46, 0xc8, 0x0, 0xa0, 0x40, 0xcc, 0x0, 0x1b,
    0x0, 0xf3, 0xa8, 0x5, 0x21, 0x60, 0x14, 0x80,
    0x7e, 0x80, 0x9, 0x0, 0xc0, 0x24, 0x0, 0xfc,
    0x42, 0x0, 0x30, 0x70, 0x8, 0xc0, 0x3f, 0x88,
    0x2, 0x11, 0x0, 0x7f, 0xf0, 0x5c, 0x2, 0x31,
    0x0, 0x84, 0x3, 0xf9, 0xc0, 0x23, 0x70, 0x8,
    0x80, 0x3f, 0x88, 0x2, 0x13, 0x0, 0x90, 0x3,
    0xf1, 0x88, 0x0, 0x82, 0xc0, 0x29, 0x10, 0xf,
    0xa4, 0x2, 0x50, 0x33, 0x0, 0x7, 0x44, 0x3,
    0xa1, 0x40, 0x29, 0x0, 0x78, 0x4, 0x7f, 0xa,
    0x8f, 0xae, 0x1, 0x38, 0x80, 0xe, 0x40, 0x21,
    0x7a, 0xb8, 0x20, 0x9, 0x60, 0x3, 0x35, 0x90,
    0x7, 0xf4, 0x50, 0x7, 0x93, 0x69, 0x48, 0x0,
    0x29, 0x1c, 0xe0, 0x18,

    /* U+1ED5 "ổ" */
    0x0, 0xe1, 0x10, 0x7, 0xfc, 0xfd, 0xcf, 0xa2,
    0x0, 0xfc, 0xd7, 0x48, 0xbe, 0x1, 0xf8, 0x51,
    0x70, 0x3, 0xff, 0x81, 0x90, 0xbe, 0x1, 0xfe,
    0xb9, 0xa2, 0x0, 0xfc, 0x3d, 0x13, 0xc2, 0x1,
    0xfa, 0x84, 0x0, 0x34, 0x1, 0xf3, 0x20, 0x3b,
    0x2, 0x30, 0x7, 0xd, 0x12, 0x44, 0xa1, 0x50,
    0x80, 0x61, 0xcd, 0xb0, 0x5, 0xee, 0x8, 0x7,
    0x14, 0x6f, 0xfb, 0x64, 0x80, 0x39, 0xf5, 0xc8,
    0x0, 0x4d, 0xae, 0x1, 0x34, 0x0, 0x7e, 0x86,
    0x1, 0x90, 0xa, 0xbf, 0xd4, 0x1, 0x48, 0xc8,
    0x5, 0x4a, 0x0, 0x59, 0x0, 0xa5, 0x0, 0x2,
    0xa0, 0x19, 0x84, 0x0, 0x84, 0x0, 0x20, 0xf,
    0x10, 0x0, 0x80, 0x3f, 0xf8, 0x44, 0x0, 0x20,
    0xf, 0x10, 0x0, 0x90, 0x0, 0x2c, 0x1, 0x98,
    0x40, 0x9, 0x40, 0x14, 0xa8, 0x1, 0x64, 0x2,
    0x92, 0x80, 0xa, 0xbf, 0xd4, 0x1, 0x48, 0x83,
    0xc0, 0x7, 0xe9, 0x60, 0x9, 0xf5, 0xc8, 0x0,
    0x4d, 0xcc, 0x0,

    /* U+1ED6 "Ỗ" */
    0x0, 0xf8, 0x40, 0x31, 0x0, 0x7f, 0xcb, 0xdd,
    0x4a, 0xc6, 0x98, 0x7, 0xfa, 0x9f, 0xac, 0xa9,
    0x9c, 0xc0, 0x3f, 0xdf, 0x26, 0x6d, 0xce, 0x80,
    0xf, 0xfe, 0x2, 0xec, 0xc6, 0x38, 0x7, 0xff,
    0x0, 0xf1, 0xb7, 0x9f, 0x54, 0x3, 0xfe, 0x63,
    0x4d, 0xf6, 0x12, 0x10, 0xf, 0xc9, 0xd4, 0xa4,
    0x0, 0x14, 0x8e, 0x70, 0xf, 0x2d, 0x88, 0x7,
    0xf4, 0x50, 0x6, 0x3a, 0x0, 0x85, 0xea, 0xe4,
    0xc0, 0x25, 0x70, 0xb, 0xc0, 0x24, 0xe8, 0x54,
    0x6c, 0x80, 0xa, 0x4, 0xc, 0xc0, 0x1, 0xb0,
    0xf, 0x3a, 0x80, 0x52, 0x16, 0x1, 0x48, 0x7,
    0xe8, 0x0, 0x90, 0xc, 0x2, 0x40, 0xf, 0xc4,
    0x20, 0x3, 0x7, 0x0, 0x8c, 0x3, 0xf8, 0x80,
    0x21, 0x10, 0x7, 0xff, 0x5, 0xc0, 0x23, 0x10,
    0x8, 0x40, 0x3f, 0x9c, 0x2, 0x37, 0x0, 0x88,
    0x3, 0xf8, 0x80, 0x21, 0x30, 0x9, 0x0, 0x3f,
    0x18, 0x80, 0x8, 0x2c, 0x2, 0x91, 0x0, 0xfa,
    0x40, 0x25, 0x3, 0x30, 0x0, 0x74, 0x40, 0x3a,
    0x14, 0x2, 0x90, 0x7, 0x80, 0x47, 0xf0, 0xa8,
    0xfa, 0xe0, 0x13, 0x88, 0x0, 0xe4, 0x2, 0x17,
    0xab, 0x82, 0x0, 0x96, 0x0, 0x33, 0x59, 0x0,
    0x7f, 0x45, 0x0, 0x79, 0x36, 0x94, 0x80, 0x2,
    0x91, 0xce, 0x1, 0x80,

    /* U+1ED7 "ỗ" */
    0x0, 0x93, 0x7e, 0x90, 0x2b, 0xc4, 0x3, 0xd,
    0x91, 0xad, 0xfa, 0x90, 0x80, 0x62, 0x19, 0xcd,
    0x62, 0x4e, 0x0, 0xe3, 0xe6, 0x2, 0x9d, 0xb3,
    0x0, 0xf8, 0x7b, 0xfd, 0xc2, 0x1, 0xfa, 0x84,
    0x0, 0x34, 0x1, 0xf3, 0x20, 0x3b, 0x2, 0x30,
    0x7, 0xd, 0x12, 0x44, 0xa1, 0x50, 0x80, 0x61,
    0xcd, 0xb0, 0x5, 0xee, 0x8, 0x7, 0x14, 0x6f,
    0xfb, 0x64, 0x80, 0x39, 0xf5, 0xc8, 0x0, 0x4d,
    0xae, 0x1, 0x34, 0x0, 0x7e, 0x86, 0x1, 0x90,
    0xa, 0xbf, 0xd4, 0x1, 0x48, 0xc8, 0x5, 0x4a,
    0x0, 0x59, 0x0, 0xa5, 0x0, 0x2, 0xa0, 0x19,
    0x84, 0x0, 0x84, 0x0, 0x20, 0xf, 0x10, 0x0,
    0x80, 0x3f, 0xf8, 0x44, 0x0, 0x20, 0xf, 0x10,
    0x0, 0x90, 0x0, 0x2c, 0x1, 0x98, 0x40, 0x9,
    0x40, 0x14, 0xa8, 0x1, 0x64, 0x2, 0x92, 0x80,
    0xa, 0xbf, 0xd4, 0x1, 0x48, 0x83, 0xc0, 0x7,
    0xe9, 0x60, 0x9, 0xf5, 0xc8, 0x0, 0x4d, 0xcc,
    0x0,

    /* U+1ED8 "Ộ" */
    0x0, 0xf8, 0xe2, 0x8, 0x1, 0xff, 0xc2, 0x6c,
    0x64, 0xb9, 0x0, 0xff, 0xe0, 0x1f, 0x47, 0xe4,
    0x8a, 0x80, 0x7f, 0xcc, 0x55, 0xdf, 0x6, 0x42,
    0x1, 0xf9, 0x3a, 0x94, 0x80, 0x2, 0x91, 0xce,
    0x1, 0xe5, 0xb1, 0x0, 0xfe, 0x8a, 0x0, 0xc7,
    0x40, 0x10, 0xbd, 0x5c, 0x98, 0x4, 0xae, 0x1,
    0x78, 0x4, 0x9d, 0xa, 0x8d, 0x90, 0x1, 0x40,
    0x81, 0x98, 0x0, 0x36, 0x1, 0xe7, 0x50, 0xa,
    0x42, 0xc0, 0x29, 0x0, 0xfd, 0x0, 0x12, 0x1,
    0x80, 0x48, 0x1, 0xf8, 0x84, 0x0, 0x60, 0xe0,
    0x11, 0x80, 0x7f, 0x10, 0x4, 0x22, 0x0, 0xff,
    0xe0, 0xb8, 0x4, 0x62, 0x1, 0x8, 0x7, 0xf3,
    0x80, 0x46, 0xe0, 0x11, 0x0, 0x7f, 0x10, 0x4,
    0x26, 0x1, 0x20, 0x7, 0xe3, 0x10, 0x1, 0x5,
    0x80, 0x52, 0x20, 0x1f, 0x48, 0x4, 0xa0, 0x66,
    0x0, 0xe, 0x88, 0x7, 0x42, 0x80, 0x52, 0x0,
    0xf0, 0x8, 0xfe, 0x15, 0x1f, 0x5c, 0x2, 0x71,
    0x0, 0x1c, 0x80, 0x42, 0xf5, 0x70, 0x40, 0x12,
    0xc0, 0x6, 0x6b, 0x20, 0xf, 0xe8, 0xa0, 0xf,
    0x26, 0xd2, 0x90, 0x0, 0x52, 0x39, 0xc0, 0x3f,
    0x96, 0xb7, 0xfd, 0xd6, 0xe2, 0x1, 0xff, 0xc0,
    0x7a, 0xa3, 0x80, 0x7f, 0xf0, 0xed, 0x55, 0x60,
    0x1f, 0xfe, 0x20,

    /* U+1ED9 "ộ" */
    0x0, 0xc3, 0xdf, 0xee, 0x10, 0xf, 0xd4, 0x20,
    0x1, 0xa0, 0xf, 0x99, 0x1, 0xd8, 0x11, 0x80,
    0x38, 0x68, 0x92, 0x25, 0xa, 0x84, 0x3, 0xe,
    0x6d, 0x80, 0x2f, 0x70, 0x40, 0x38, 0xa3, 0x7f,
    0xdb, 0x24, 0x1, 0xcf, 0xae, 0x40, 0x2, 0x6d,
    0x70, 0x9, 0xa0, 0x3, 0xf4, 0x30, 0xc, 0x80,
    0x55, 0xfe, 0xa0, 0xa, 0x46, 0x40, 0x2a, 0x50,
    0x2, 0xc8, 0x5, 0x28, 0x0, 0x15, 0x0, 0xcc,
    0x20, 0x4, 0x20, 0x1, 0x0, 0x78, 0x80, 0x4,
    0x1, 0xff, 0xc2, 0x20, 0x1, 0x0, 0x78, 0x80,
    0x4, 0x80, 0x1, 0x60, 0xc, 0xc2, 0x0, 0x4a,
    0x0, 0xa5, 0x40, 0xb, 0x20, 0x14, 0x94, 0x0,
    0x55, 0xfe, 0xa0, 0xa, 0x44, 0x1e, 0x0, 0x3f,
    0x4b, 0x0, 0x4f, 0xae, 0x40, 0x2, 0x6e, 0x60,
    0xe, 0x28, 0xdf, 0xf6, 0xc8, 0x80, 0x7e, 0x9a,
    0xa3, 0x0, 0x7f, 0x99, 0x55, 0x80, 0x1f, 0xfd,
    0x50,

    /* U+1EDA "Ớ" */
    0x0, 0xfd, 0x5f, 0xf1, 0x80, 0x7f, 0xf1, 0x5,
    0x40, 0x16, 0x60, 0x1f, 0xfc, 0x49, 0x0, 0x52,
    0x0, 0x7f, 0xf1, 0x50, 0xa5, 0x40, 0x3f, 0xf8,
    0xd9, 0xac, 0x1, 0xff, 0xc5, 0x6a, 0xdf, 0xf7,
    0x5b, 0x88, 0x4, 0xdf, 0xf1, 0x0, 0x49, 0xd2,
    0xa4, 0x0, 0x14, 0x8e, 0x80, 0xf, 0xe5, 0xb1,
    0x0, 0xfe, 0x7b, 0x0, 0xf8, 0xe8, 0x2, 0x17,
    0xab, 0x93, 0x0, 0x92, 0x15, 0x42, 0x1, 0x40,
    0x4, 0x9d, 0xa, 0x8d, 0x90, 0x1, 0x38, 0xd1,
    0x81, 0x1a, 0x0, 0x6, 0x80, 0x3c, 0xea, 0x1,
    0x53, 0x12, 0x2, 0x0, 0x52, 0x20, 0x1f, 0x40,
    0x4, 0xf2, 0x54, 0x18, 0x1, 0x20, 0x7, 0xe2,
    0x10, 0x9, 0xf0, 0x41, 0xc0, 0x23, 0x0, 0xfe,
    0x20, 0xa, 0x84, 0x0, 0x20, 0x1f, 0xfc, 0x17,
    0x0, 0xf8, 0x40, 0x21, 0x0, 0xfe, 0x70, 0x8,
    0xc0, 0x27, 0x0, 0x88, 0x3, 0xf8, 0x80, 0x21,
    0x0, 0x8c, 0x2, 0xb0, 0xf, 0xc6, 0x20, 0x3,
    0x0, 0xd6, 0x1, 0x30, 0x80, 0x7d, 0x0, 0x12,
    0x0, 0x63, 0x30, 0x0, 0x74, 0x40, 0x3a, 0x10,
    0x2, 0x90, 0xe, 0xf0, 0x8, 0xfe, 0x15, 0x1f,
    0x1c, 0x2, 0x81, 0x0, 0xe3, 0x90, 0x8, 0x5e,
    0xae, 0xc, 0x2, 0x67, 0x0, 0xf9, 0xac, 0x40,
    0x3f, 0xa2, 0x40, 0x3f, 0x93, 0xa9, 0x48, 0x0,
    0x29, 0x1c, 0xe0, 0x1f, 0x0,

    /* U+1EDB "ớ" */
    0x0, 0xf2, 0x7f, 0xce, 0x1, 0xff, 0xc1, 0xf0,
    0x3, 0x38, 0x7, 0xff, 0x0, 0x90, 0x16, 0x40,
    0x3f, 0xf8, 0x34, 0x49, 0x40, 0x1f, 0xfc, 0x28,
    0xdb, 0x0, 0xff, 0xe0, 0x94, 0x6f, 0xfb, 0x64,
    0x80, 0x3, 0xff, 0x38, 0x1, 0xf5, 0xc8, 0x0,
    0x4d, 0xae, 0x1, 0xf3, 0x40, 0x7, 0xe8, 0x70,
    0xe, 0x29, 0x0, 0xab, 0xfd, 0x40, 0x14, 0x12,
    0x98, 0x2, 0x80, 0x2a, 0x50, 0x2, 0xc8, 0x5,
    0x54, 0x40, 0x24, 0x0, 0xa, 0x80, 0x66, 0x10,
    0x2, 0x13, 0x2, 0x10, 0x0, 0x80, 0x3c, 0x40,
    0x2, 0xd1, 0xa1, 0x0, 0xff, 0xe1, 0x1e, 0x28,
    0x10, 0x0, 0x80, 0x3c, 0x40, 0x3, 0xc3, 0x0,
    0x20, 0x0, 0x58, 0x3, 0x30, 0x80, 0x2c, 0x3,
    0x50, 0x5, 0x2a, 0x0, 0x59, 0x0, 0x98, 0x3,
    0x14, 0x0, 0x55, 0xfe, 0xa0, 0xa, 0x84, 0x3,
    0x9e, 0x0, 0x3f, 0x52, 0x80, 0x7c, 0xfa, 0xe4,
    0x0, 0x27, 0xe5, 0x0, 0xf0,

    /* U+1EDC "Ờ" */
    0x0, 0xe3, 0xff, 0xa4, 0x3, 0xff, 0x8a, 0x76,
    0x0, 0x61, 0x0, 0xff, 0xe2, 0xa5, 0x0, 0x24,
    0x3, 0xff, 0x8c, 0xb0, 0x48, 0x1, 0xff, 0xc7,
    0x7d, 0xc0, 0xf, 0xfe, 0x23, 0x56, 0xff, 0xba,
    0xdc, 0x40, 0x26, 0xff, 0x88, 0x2, 0x4e, 0x95,
    0x20, 0x0, 0xa4, 0x74, 0x0, 0x7f, 0x2d, 0x88,
    0x7, 0xf3, 0xd8, 0x7, 0xc7, 0x40, 0x10, 0xbd,
    0x5c, 0x98, 0x4, 0x90, 0xaa, 0x10, 0xa, 0x0,
    0x24, 0xe8, 0x54, 0x6c, 0x80, 0x9, 0xc6, 0x8c,
    0x8, 0xd0, 0x0, 0x34, 0x1, 0xe7, 0x50, 0xa,
    0x98, 0x90, 0x10, 0x2, 0x91, 0x0, 0xfa, 0x0,
    0x27, 0x92, 0xa0, 0xc0, 0x9, 0x0, 0x3f, 0x10,
    0x80, 0x4f, 0x82, 0xe, 0x1, 0x18, 0x7, 0xf1,
    0x0, 0x54, 0x20, 0x1, 0x0, 0xff, 0xe0, 0xb8,
    0x7, 0xc2, 0x1, 0x8, 0x7, 0xf3, 0x80, 0x46,
    0x1, 0x38, 0x4, 0x40, 0x1f, 0xc4, 0x1, 0x8,
    0x4, 0x60, 0x15, 0x80, 0x7e, 0x31, 0x0, 0x18,
    0x6, 0xb0, 0x9, 0x84, 0x3, 0xe8, 0x0, 0x90,
    0x3, 0x19, 0x80, 0x3, 0xa2, 0x1, 0xd0, 0x80,
    0x14, 0x80, 0x77, 0x80, 0x47, 0xf0, 0xa8, 0xf8,
    0xe0, 0x14, 0x8, 0x7, 0x1c, 0x80, 0x42, 0xf5,
    0x70, 0x60, 0x13, 0x38, 0x7, 0xcd, 0x62, 0x1,
    0xfd, 0x12, 0x1, 0xfc, 0x9d, 0x4a, 0x40, 0x1,
    0x48, 0xe7, 0x0, 0xf8,

    /* U+1EDD "ờ" */
    0x0, 0xa3, 0xfe, 0x40, 0xf, 0xfe, 0xc, 0x30,
    0x3, 0xc0, 0x3f, 0xf8, 0x52, 0xa0, 0x84, 0x1,
    0xff, 0xc2, 0xa4, 0x2a, 0x0, 0xff, 0xe1, 0xde,
    0xc0, 0x7, 0xff, 0x0, 0xa3, 0x7f, 0xdb, 0x24,
    0x0, 0x1f, 0xf9, 0xc0, 0xf, 0xae, 0x40, 0x2,
    0x6d, 0x70, 0xf, 0x9a, 0x0, 0x3f, 0x43, 0x80,
    0x71, 0x48, 0x5, 0x5f, 0xea, 0x0, 0xa0, 0x94,
    0xc0, 0x14, 0x1, 0x52, 0x80, 0x16, 0x40, 0x2a,
    0xa2, 0x1, 0x20, 0x0, 0x54, 0x3, 0x30, 0x80,
    0x10, 0x98, 0x10, 0x80, 0x4, 0x1, 0xe2, 0x0,
    0x16, 0x8d, 0x8, 0x7, 0xff, 0x8, 0xf1, 0x40,
    0x80, 0x4, 0x1, 0xe2, 0x0, 0x1e, 0x18, 0x1,
    0x0, 0x2, 0xc0, 0x19, 0x84, 0x1, 0x60, 0x1a,
    0x80, 0x29, 0x50, 0x2, 0xc8, 0x4, 0xc0, 0x18,
    0xa0, 0x2, 0xaf, 0xf5, 0x0, 0x54, 0x20, 0x1c,
    0xf0, 0x1, 0xfa, 0x94, 0x3, 0xe7, 0xd7, 0x20,
    0x1, 0x3f, 0x28, 0x7, 0x80,

    /* U+1EDE "Ở" */
    0x0, 0xf8, 0x44, 0x1, 0xff, 0xc7, 0x4e, 0xe7,
    0xd9, 0x80, 0x7f, 0xf1, 0x12, 0xe9, 0x93, 0x0,
    0x3f, 0xf8, 0xa8, 0xba, 0x0, 0x10, 0xf, 0xfe,
    0x2c, 0xda, 0x58, 0x80, 0x7f, 0xf1, 0x72, 0x2d,
    0x0, 0x3f, 0xf8, 0x6d, 0x5b, 0x51, 0xd6, 0xe2,
    0x1, 0x37, 0xfc, 0x40, 0x12, 0x74, 0xa9, 0x0,
    0x5, 0x23, 0xa0, 0x3, 0xf9, 0x6c, 0x40, 0x3f,
    0x9e, 0xc0, 0x3e, 0x3a, 0x0, 0x85, 0xea, 0xe4,
    0xc0, 0x24, 0x85, 0x50, 0x80, 0x50, 0x1, 0x27,
    0x42, 0xa3, 0x64, 0x0, 0x4e, 0x34, 0x60, 0x46,
    0x80, 0x1, 0xa0, 0xf, 0x3a, 0x80, 0x54, 0xc4,
    0x80, 0x80, 0x14, 0x88, 0x7, 0xd0, 0x1, 0x3c,
    0x95, 0x6, 0x0, 0x48, 0x1, 0xf8, 0x84, 0x2,
    0x7c, 0x10, 0x70, 0x8, 0xc0, 0x3f, 0x88, 0x2,
    0xa1, 0x0, 0x8, 0x7, 0xff, 0x5, 0xc0, 0x3e,
    0x10, 0x8, 0x40, 0x3f, 0x9c, 0x2, 0x30, 0x9,
    0xc0, 0x22, 0x0, 0xfe, 0x20, 0x8, 0x40, 0x23,
    0x0, 0xac, 0x3, 0xf1, 0x88, 0x0, 0xc0, 0x35,
    0x80, 0x4c, 0x20, 0x1f, 0x40, 0x4, 0x80, 0x18,
    0xcc, 0x0, 0x1d, 0x10, 0xe, 0x84, 0x0, 0xa4,
    0x3, 0xbc, 0x2, 0x3f, 0x85, 0x47, 0xc7, 0x0,
    0xa0, 0x40, 0x38, 0xe4, 0x2, 0x17, 0xab, 0x83,
    0x0, 0x99, 0xc0, 0x3e, 0x6b, 0x10, 0xf, 0xe8,
    0x90, 0xf, 0xe4, 0xea, 0x52, 0x0, 0xa, 0x47,
    0x38, 0x7, 0xc0,

    /* U+1EDF "ở" */
    0x0, 0xcd, 0xfe, 0xea, 0x20, 0xf, 0xfe, 0x2,
    0x4c, 0x95, 0x58, 0x1, 0xff, 0xc0, 0x26, 0x22,
    0x2, 0x0, 0x7f, 0xf0, 0xb4, 0xf6, 0x80, 0x3f,
    0xf8, 0x53, 0x44, 0x1, 0xff, 0xc0, 0x28, 0xdf,
    0xf6, 0xc9, 0x0, 0x7, 0xfe, 0x70, 0x3, 0xeb,
    0x90, 0x0, 0x9b, 0x5c, 0x3, 0xe6, 0x80, 0xf,
    0xd0, 0xe0, 0x1c, 0x52, 0x1, 0x57, 0xfa, 0x80,
    0x28, 0x25, 0x30, 0x5, 0x0, 0x54, 0xa0, 0x5,
    0x90, 0xa, 0xa8, 0x80, 0x48, 0x0, 0x15, 0x0,
    0xcc, 0x20, 0x4, 0x26, 0x4, 0x20, 0x1, 0x0,
    0x78, 0x80, 0x5, 0xa3, 0x42, 0x1, 0xff, 0xc2,
    0x3c, 0x50, 0x20, 0x1, 0x0, 0x78, 0x80, 0x7,
    0x86, 0x0, 0x40, 0x0, 0xb0, 0x6, 0x61, 0x0,
    0x58, 0x6, 0xa0, 0xa, 0x54, 0x0, 0xb2, 0x1,
    0x30, 0x6, 0x28, 0x0, 0xab, 0xfd, 0x40, 0x15,
    0x8, 0x7, 0x3c, 0x0, 0x7e, 0xa5, 0x0, 0xf9,
    0xf5, 0xc8, 0x0, 0x4f, 0xca, 0x1, 0xe0,

    /* U+1EE0 "Ỡ" */
    0x0, 0xf0, 0x88, 0x2, 0x12, 0x0, 0xff, 0xe1,
    0x5f, 0x72, 0xd8, 0xeb, 0x48, 0x3, 0xff, 0x80,
    0xa8, 0x0, 0x49, 0xc4, 0x12, 0x0, 0xff, 0xe0,
    0x68, 0x5f, 0x52, 0x0, 0xd0, 0x7, 0xff, 0x6,
    0x3d, 0x5, 0x6f, 0xf9, 0x0, 0x3f, 0xf8, 0x4d,
    0x5b, 0xfe, 0xeb, 0x71, 0x0, 0x9b, 0xfe, 0x20,
    0x9, 0x3a, 0x54, 0x80, 0x2, 0x91, 0xd0, 0x1,
    0xfc, 0xb6, 0x20, 0x1f, 0xcf, 0x60, 0x1f, 0x1d,
    0x0, 0x42, 0xf5, 0x72, 0x60, 0x12, 0x42, 0xa8,
    0x40, 0x28, 0x0, 0x93, 0xa1, 0x51, 0xb2, 0x0,
    0x27, 0x1a, 0x30, 0x23, 0x40, 0x0, 0xd0, 0x7,
    0x9d, 0x40, 0x2a, 0x62, 0x40, 0x40, 0xa, 0x44,
    0x3, 0xe8, 0x0, 0x9e, 0x4a, 0x83, 0x0, 0x24,
    0x0, 0xfc, 0x42, 0x1, 0x3e, 0x8, 0x38, 0x4,
    0x60, 0x1f, 0xc4, 0x1, 0x50, 0x80, 0x4, 0x3,
    0xff, 0x82, 0xe0, 0x1f, 0x8, 0x4, 0x20, 0x1f,
    0xce, 0x1, 0x18, 0x4, 0xe0, 0x11, 0x0, 0x7f,
    0x10, 0x4, 0x20, 0x11, 0x80, 0x56, 0x1, 0xf8,
    0xc4, 0x0, 0x60, 0x1a, 0xc0, 0x26, 0x10, 0xf,
    0xa0, 0x2, 0x40, 0xc, 0x66, 0x0, 0xe, 0x88,
    0x7, 0x42, 0x0, 0x52, 0x1, 0xde, 0x1, 0x1f,
    0xc2, 0xa3, 0xe3, 0x80, 0x50, 0x20, 0x1c, 0x72,
    0x1, 0xb, 0xd5, 0xc1, 0x80, 0x4c, 0xe0, 0x1f,
    0x35, 0x88, 0x7, 0xf4, 0x48, 0x7, 0xf2, 0x75,
    0x29, 0x0, 0x5, 0x23, 0x9c, 0x3, 0xe0,

    /* U+1EE1 "ỡ" */
    0x0, 0x9f, 0xb9, 0x48, 0x11, 0xea, 0x1, 0xf8,
    0xa0, 0x44, 0xb7, 0xee, 0xe, 0x1, 0xf9, 0xc1,
    0xf2, 0x8, 0x0, 0xc4, 0x1, 0xf9, 0x76, 0xd,
    0xf7, 0xb9, 0x20, 0x1f, 0xe2, 0x0, 0xc2, 0x20,
    0xf, 0xf8, 0xa3, 0x7f, 0xdb, 0x24, 0x0, 0x1f,
    0xf9, 0xc0, 0xf, 0xae, 0x40, 0x2, 0x6d, 0x70,
    0xf, 0x9a, 0x0, 0x3f, 0x43, 0x80, 0x71, 0x48,
    0x5, 0x5f, 0xea, 0x0, 0xa0, 0x94, 0xc0, 0x14,
    0x1, 0x52, 0x80, 0x16, 0x40, 0x2a, 0xa2, 0x1,
    0x20, 0x0, 0x54, 0x3, 0x30, 0x80, 0x10, 0x98,
    0x10, 0x80, 0x4, 0x1, 0xe2, 0x0, 0x16, 0x8d,
    0x8, 0x7, 0xff, 0x8, 0xf1, 0x40, 0x80, 0x4,
    0x1, 0xe2, 0x0, 0x1e, 0x18, 0x1, 0x0, 0x2,
    0xc0, 0x19, 0x84, 0x1, 0x60, 0x1a, 0x80, 0x29,
    0x50, 0x2, 0xc8, 0x4, 0xc0, 0x18, 0xa0, 0x2,
    0xaf, 0xf5, 0x0, 0x54, 0x20, 0x1c, 0xf0, 0x1,
    0xfa, 0x94, 0x3, 0xe7, 0xd7, 0x20, 0x1, 0x3f,
    0x28, 0x7, 0x80,

    /* U+1EE2 "Ợ" */
    0x0, 0xe6, 0xad, 0xff, 0x75, 0xb8, 0x80, 0x4d,
    0xff, 0x10, 0x4, 0x9d, 0x2a, 0x40, 0x1, 0x48,
    0xe8, 0x0, 0xfe, 0x5b, 0x10, 0xf, 0xe7, 0xb0,
    0xf, 0x8e, 0x80, 0x21, 0x7a, 0xb9, 0x30, 0x9,
    0x21, 0x54, 0x20, 0x14, 0x0, 0x49, 0xd0, 0xa8,
    0xd9, 0x0, 0x13, 0x8d, 0x18, 0x11, 0xa0, 0x0,
    0x68, 0x3, 0xce, 0xa0, 0x15, 0x31, 0x20, 0x20,
    0x5, 0x22, 0x1, 0xf4, 0x0, 0x4f, 0x25, 0x41,
    0x80, 0x12, 0x0, 0x7e, 0x21, 0x0, 0x9f, 0x4,
    0x1c, 0x2, 0x30, 0xf, 0xe2, 0x0, 0xa8, 0x40,
    0x2, 0x1, 0xff, 0xc1, 0x70, 0xf, 0x84, 0x2,
    0x10, 0xf, 0xe7, 0x0, 0x8c, 0x2, 0x70, 0x8,
    0x80, 0x3f, 0x88, 0x2, 0x10, 0x8, 0xc0, 0x2b,
    0x0, 0xfc, 0x62, 0x0, 0x30, 0xd, 0x60, 0x13,
    0x8, 0x7, 0xd0, 0x1, 0x20, 0x6, 0x33, 0x0,
    0x7, 0x44, 0x3, 0xa1, 0x0, 0x29, 0x0, 0xef,
    0x0, 0x8f, 0xe1, 0x51, 0xf1, 0xc0, 0x28, 0x10,
    0xe, 0x39, 0x0, 0x85, 0xea, 0xe0, 0xc0, 0x26,
    0x70, 0xf, 0x9a, 0xc4, 0x3, 0xfa, 0x24, 0x3,
    0xf9, 0x3a, 0x94, 0x80, 0x2, 0x91, 0xce, 0x1,
    0xff, 0xc0, 0x5a, 0xdf, 0xf7, 0x5b, 0x88, 0x7,
    0xff, 0xd, 0xea, 0x8e, 0x1, 0xff, 0xc6, 0xb5,
    0x55, 0x80, 0x7f, 0xfa, 0xc0,

    /* U+1EE3 "ợ" */
    0x0, 0x8a, 0x37, 0xfd, 0xb2, 0x40, 0x1, 0xff,
    0x9c, 0x0, 0xfa, 0xe4, 0x0, 0x26, 0xd7, 0x0,
    0xf9, 0xa0, 0x3, 0xf4, 0x38, 0x7, 0x14, 0x80,
    0x55, 0xfe, 0xa0, 0xa, 0x9, 0x4c, 0x1, 0x40,
    0x15, 0x28, 0x1, 0x64, 0x2, 0xaa, 0x20, 0x12,
    0x0, 0x5, 0x40, 0x33, 0x8, 0x1, 0x9, 0x81,
    0x8, 0x0, 0x40, 0x1e, 0x20, 0x1, 0x68, 0xd0,
    0x80, 0x7f, 0xf0, 0x8f, 0x14, 0x8, 0x0, 0x40,
    0x1e, 0x20, 0x1, 0xe1, 0x80, 0x10, 0x0, 0x2c,
    0x1, 0x98, 0x40, 0x16, 0x1, 0xa8, 0x2, 0x95,
    0x0, 0x2c, 0x80, 0x4c, 0x1, 0x8a, 0x0, 0x2a,
    0xff, 0x50, 0x5, 0x42, 0x1, 0xcf, 0x0, 0x1f,
    0xa9, 0x40, 0x3e, 0x7d, 0x72, 0x0, 0x13, 0xf2,
    0x80, 0x7f, 0x14, 0x6f, 0xfb, 0x60, 0x40, 0x3f,
    0xf8, 0x13, 0x54, 0x60, 0xf, 0xfe, 0x13, 0x2a,
    0xb0, 0x3, 0xff, 0xc2,

    /* U+1EE4 "Ụ" */
    0x2f, 0xfa, 0x80, 0x3e, 0xff, 0xac, 0x3, 0xff,
    0xfe, 0x1, 0xff, 0xff, 0x0, 0xff, 0x18, 0x7,
    0xf8, 0x40, 0x21, 0x10, 0x4, 0x20, 0x1f, 0xfc,
    0x35, 0x0, 0xf2, 0x80, 0x44, 0x6, 0x0, 0x16,
    0x0, 0xef, 0x0, 0xb8, 0x2c, 0x2, 0x9a, 0x54,
    0x6c, 0x40, 0x9, 0xc1, 0xc8, 0x2, 0x5a, 0xb9,
    0x30, 0x9, 0xc4, 0x1, 0x86, 0x1, 0xfc, 0xd0,
    0x1, 0xe, 0x4a, 0x8, 0x0, 0x49, 0xb2, 0x40,
    0x3c, 0xd7, 0xdf, 0xee, 0xd9, 0x30, 0xf, 0xe4,
    0xaa, 0x84, 0x3, 0xfe, 0x25, 0x58, 0xc0, 0x3f,
    0xfb, 0x20,

    /* U+1EE5 "ụ" */
    0x3f, 0xf9, 0x40, 0x34, 0x7f, 0xc0, 0x1f, 0xff,
    0xf0, 0xf, 0xfe, 0x81, 0x80, 0x61, 0x0, 0xc2,
    0x1, 0x8, 0x6, 0x40, 0xc, 0x40, 0x15, 0x8,
    0x2, 0x8, 0x3, 0x8c, 0x0, 0x5d, 0x9c, 0xe0,
    0x1e, 0xf0, 0xc, 0x62, 0x52, 0x1, 0xc7, 0xaa,
    0x20, 0x51, 0xa4, 0x1, 0xe2, 0xae, 0xfd, 0x70,
    0x4f, 0xf8, 0x3, 0x86, 0xaa, 0x30, 0xf, 0xe2,
    0x55, 0xc0, 0x1f, 0xfd, 0x50,

    /* U+1EE6 "Ủ" */
    0x0, 0xf8, 0x40, 0x3f, 0xf8, 0x25, 0xfd, 0xf8,
    0xa0, 0x1f, 0xe2, 0xbb, 0x41, 0xd1, 0x0, 0x7f,
    0x91, 0x48, 0x3, 0xff, 0x84, 0xd4, 0xfa, 0x40,
    0x1f, 0xf3, 0x5c, 0x10, 0x7, 0x17, 0xfd, 0x40,
    0x1, 0x40, 0xb, 0xfe, 0xb0, 0xf, 0xff, 0xf8,
    0x7, 0xff, 0xfc, 0x3, 0xfc, 0x60, 0x1f, 0xe1,
    0x0, 0x84, 0x40, 0x10, 0x80, 0x7f, 0xf0, 0xd4,
    0x3, 0xca, 0x1, 0x10, 0x18, 0x0, 0x58, 0x3,
    0xbc, 0x2, 0xe0, 0xb0, 0xa, 0x69, 0x51, 0xb1,
    0x0, 0x27, 0x7, 0x20, 0x9, 0x6a, 0xe4, 0xc0,
    0x27, 0x10, 0x6, 0x18, 0x7, 0xf3, 0x40, 0x4,
    0x39, 0x28, 0x20, 0x1, 0x26, 0xc9, 0x0, 0x0,

    /* U+1EE7 "ủ" */
    0x0, 0xcd, 0xfe, 0xea, 0x30, 0xf, 0xc9, 0x32,
    0x45, 0xd0, 0xf, 0xc4, 0xc6, 0x0, 0x70, 0xf,
    0xf1, 0x13, 0xe4, 0x3, 0xfc, 0xf0, 0x1, 0xe3,
    0xff, 0x94, 0x3, 0x47, 0xfc, 0x1, 0xff, 0xff,
    0x0, 0xff, 0xe8, 0x18, 0x6, 0x10, 0xc, 0x20,
    0x10, 0x80, 0x64, 0x0, 0xc4, 0x1, 0x50, 0x80,
    0x20, 0x80, 0x38, 0xc0, 0x5, 0xd9, 0xce, 0x1,
    0xef, 0x0, 0xc6, 0x25, 0x20, 0x1c, 0x7a, 0xa2,
    0x5, 0x1a, 0x40, 0x18,

    /* U+1EE8 "Ứ" */
    0x0, 0xf9, 0xff, 0xe4, 0x0, 0xff, 0xe2, 0x48,
    0x2, 0x50, 0x3, 0xff, 0x86, 0xc2, 0x10, 0xc0,
    0x1f, 0xfc, 0x4d, 0x27, 0x70, 0x7, 0xff, 0x16,
    0xf6, 0x0, 0x3f, 0xf8, 0x5, 0xff, 0x50, 0x7,
    0xdf, 0xf5, 0x87, 0xfd, 0x20, 0x1f, 0xfd, 0xd1,
    0x0, 0xff, 0xe2, 0xaa, 0x0, 0x7f, 0xf1, 0xeb,
    0x43, 0x80, 0x3f, 0xf8, 0xa3, 0x60, 0xe0, 0x1f,
    0xfc, 0x37, 0x8f, 0x29, 0x10, 0xf, 0xfe, 0x19,
    0xba, 0x63, 0x0, 0x7f, 0xf1, 0x13, 0xe8, 0xc0,
    0x3f, 0xfc, 0x6, 0x1, 0xfe, 0x10, 0x8, 0x40,
    0x38, 0x40, 0x21, 0x0, 0xff, 0xe4, 0x28, 0x7,
    0x94, 0x2, 0x20, 0xf, 0x18, 0x0, 0x58, 0x3,
    0xb8, 0x2, 0xe0, 0xf, 0x58, 0x5, 0x34, 0xa8,
    0xd6, 0xa0, 0x13, 0x80, 0x79, 0xc8, 0x2, 0x5a,
    0xb9, 0x40, 0x9, 0xc4, 0x3, 0xec, 0x30, 0xf,
    0xe6, 0x80, 0xf, 0xc3, 0x96, 0xa4, 0x20, 0x24,
    0xd9, 0x20, 0x1f, 0x0,

    /* U+1EE9 "ứ" */
    0x0, 0xf2, 0xff, 0xcc, 0x1, 0xff, 0xc1, 0x90,
    0x3, 0xb0, 0x7, 0xff, 0x1, 0xc, 0x1a, 0x0,
    0x3f, 0xf8, 0x3a, 0x4b, 0x20, 0x1f, 0xfc, 0x29,
    0xda, 0x0, 0xff, 0x1f, 0xfc, 0xa0, 0x1a, 0x3f,
    0xe0, 0xbf, 0xf6, 0x80, 0x7f, 0xf9, 0xb1, 0x40,
    0x40, 0x3f, 0xf8, 0x4f, 0x0, 0xc0, 0x1f, 0xfc,
    0x3b, 0xf, 0x0, 0xff, 0xe0, 0xb6, 0x32, 0x28,
    0x7, 0xff, 0x6, 0x46, 0x2c, 0x3, 0x8c, 0x3,
    0x8, 0x5, 0xba, 0x70, 0x0, 0x80, 0x5c, 0x1,
    0x90, 0x2, 0x20, 0xc, 0x40, 0x13, 0x8, 0x2,
    0x8, 0x3, 0xf8, 0xc0, 0x3, 0xd9, 0xce, 0x1,
    0xfe, 0xf0, 0xc, 0x62, 0x29, 0x0, 0xfe, 0x3c,
    0x41, 0x2, 0x7f, 0x20, 0xf, 0xc0,

    /* U+1EEA "Ừ" */
    0x0, 0xc5, 0xdf, 0xeb, 0x0, 0xff, 0xe2, 0x16,
    0x0, 0x10, 0xc0, 0x3f, 0xf8, 0x85, 0x80, 0x9,
    0x0, 0xff, 0xe2, 0x9d, 0x13, 0x88, 0x7, 0xff,
    0x15, 0x77, 0x42, 0x1, 0xfe, 0x2f, 0xfa, 0x80,
    0x3e, 0xff, 0xac, 0x3f, 0xe9, 0x0, 0xff, 0xee,
    0x88, 0x7, 0xff, 0x15, 0x50, 0x3, 0xff, 0x8f,
    0x5a, 0x1c, 0x1, 0xff, 0xc5, 0x1b, 0x7, 0x0,
    0xff, 0xe1, 0xbc, 0x79, 0x48, 0x80, 0x7f, 0xf0,
    0xcd, 0xd3, 0x18, 0x3, 0xff, 0x88, 0x9f, 0x46,
    0x1, 0xff, 0xe0, 0x30, 0xf, 0xf0, 0x80, 0x42,
    0x1, 0xc2, 0x1, 0x8, 0x7, 0xff, 0x21, 0x40,
    0x3c, 0xa0, 0x11, 0x0, 0x78, 0xc0, 0x2, 0xc0,
    0x1d, 0xc0, 0x17, 0x0, 0x7a, 0xc0, 0x29, 0xa5,
    0x46, 0xb5, 0x0, 0x9c, 0x3, 0xce, 0x40, 0x12,
    0xd5, 0xca, 0x0, 0x4e, 0x20, 0x1f, 0x61, 0x80,
    0x7f, 0x34, 0x0, 0x7e, 0x1c, 0xb5, 0x21, 0x1,
    0x26, 0xc9, 0x0, 0xf8,

    /* U+1EEB "ừ" */
    0x0, 0xa7, 0xfe, 0x30, 0xf, 0xfe, 0xc, 0xa8,
    0x2, 0x40, 0x3f, 0xf8, 0x54, 0x80, 0xa2, 0x1,
    0xff, 0xc2, 0xb4, 0x26, 0x0, 0xff, 0xe1, 0xde,
    0xb8, 0x7, 0xf1, 0xff, 0xca, 0x1, 0xa3, 0xfe,
    0xb, 0xff, 0x68, 0x7, 0xff, 0x9b, 0x14, 0x4,
    0x3, 0xff, 0x84, 0xf0, 0xc, 0x1, 0xff, 0xc3,
    0xb0, 0xf0, 0xf, 0xfe, 0xb, 0x63, 0x22, 0x80,
    0x7f, 0xf0, 0x64, 0x62, 0xc0, 0x38, 0xc0, 0x30,
    0x80, 0x5b, 0xa7, 0x0, 0x8, 0x5, 0xc0, 0x19,
    0x0, 0x22, 0x0, 0xc4, 0x1, 0x30, 0x80, 0x20,
    0x80, 0x3f, 0x8c, 0x0, 0x3d, 0x9c, 0xe0, 0x1f,
    0xef, 0x0, 0xc6, 0x22, 0x90, 0xf, 0xe3, 0xc4,
    0x10, 0x27, 0xf2, 0x0, 0xfc,

    /* U+1EEC "Ử" */
    0x0, 0xf8, 0x40, 0x3f, 0xf8, 0xc5, 0xfd, 0xf8,
    0xa0, 0x1f, 0xfc, 0x32, 0xbb, 0x41, 0xd1, 0x0,
    0x7f, 0xf0, 0xd1, 0x48, 0x3, 0xff, 0x8e, 0xd4,
    0xfa, 0x40, 0x1f, 0xfc, 0x46, 0xb8, 0x20, 0xf,
    0xf1, 0x7f, 0xd4, 0x0, 0x14, 0x0, 0xbf, 0xeb,
    0xf, 0xfa, 0x40, 0x3f, 0xfb, 0xa2, 0x1, 0xff,
    0xc5, 0x54, 0x0, 0xff, 0xe3, 0xd6, 0x87, 0x0,
    0x7f, 0xf1, 0x46, 0xc1, 0xc0, 0x3f, 0xf8, 0x6f,
    0x1e, 0x52, 0x20, 0x1f, 0xfc, 0x33, 0x74, 0xc6,
    0x0, 0xff, 0xe2, 0x27, 0xd1, 0x80, 0x7f, 0xf8,
    0xc, 0x3, 0xfc, 0x20, 0x10, 0x80, 0x70, 0x80,
    0x42, 0x1, 0xff, 0xc8, 0x50, 0xf, 0x28, 0x4,
    0x40, 0x1e, 0x30, 0x0, 0xb0, 0x7, 0x70, 0x5,
    0xc0, 0x1e, 0xb0, 0xa, 0x69, 0x51, 0xad, 0x40,
    0x27, 0x0, 0xf3, 0x90, 0x4, 0xb5, 0x72, 0x80,
    0x13, 0x88, 0x7, 0xd8, 0x60, 0x1f, 0xcd, 0x0,
    0x1f, 0x87, 0x2d, 0x48, 0x40, 0x49, 0xb2, 0x40,
    0x3e,

    /* U+1EED "ử" */
    0x0, 0xcd, 0xfe, 0xea, 0x30, 0xf, 0xfe, 0x2,
    0x4c, 0x91, 0x74, 0x3, 0xff, 0x80, 0x4c, 0x60,
    0x7, 0x0, 0xff, 0xe1, 0x11, 0x3e, 0x40, 0x3f,
    0xf8, 0x4f, 0x0, 0x1f, 0xe3, 0xff, 0x94, 0x3,
    0x47, 0xfc, 0x17, 0xfe, 0xd0, 0xf, 0xff, 0x36,
    0x28, 0x8, 0x7, 0xff, 0x9, 0xe0, 0x18, 0x3,
    0xff, 0x87, 0x61, 0xe0, 0x1f, 0xfc, 0x16, 0xc6,
    0x45, 0x0, 0xff, 0xe0, 0xc8, 0xc5, 0x80, 0x71,
    0x80, 0x61, 0x0, 0xb7, 0x4e, 0x0, 0x10, 0xb,
    0x80, 0x32, 0x0, 0x44, 0x1, 0x88, 0x2, 0x61,
    0x0, 0x41, 0x0, 0x7f, 0x18, 0x0, 0x7b, 0x39,
    0xc0, 0x3f, 0xde, 0x1, 0x8c, 0x45, 0x20, 0x1f,
    0xc7, 0x88, 0x20, 0x4f, 0xe4, 0x1, 0xf8,

    /* U+1EEE "Ữ" */
    0x0, 0xf0, 0x80, 0x62, 0x10, 0xf, 0xfe, 0x2,
    0xff, 0x72, 0x11, 0xb6, 0x0, 0x3f, 0xf8, 0x16,
    0x0, 0x17, 0xb9, 0xf, 0x0, 0xff, 0x84, 0x49,
    0xf8, 0xe4, 0xa, 0xc0, 0x1f, 0xf0, 0xfd, 0x81,
    0xc6, 0xfd, 0x0, 0x7f, 0x17, 0xfd, 0x40, 0x1f,
    0x7f, 0xd6, 0x1f, 0xf4, 0x80, 0x7f, 0xf7, 0x44,
    0x3, 0xff, 0x8a, 0xa8, 0x1, 0xff, 0xc7, 0xad,
    0xe, 0x0, 0xff, 0xe2, 0x8d, 0x83, 0x80, 0x7f,
    0xf0, 0xde, 0x3c, 0xa4, 0x40, 0x3f, 0xf8, 0x66,
    0xe9, 0x8c, 0x1, 0xff, 0xc4, 0x4f, 0xa3, 0x0,
    0xff, 0xf0, 0x18, 0x7, 0xf8, 0x40, 0x21, 0x0,
    0xe1, 0x0, 0x84, 0x3, 0xff, 0x90, 0xa0, 0x1e,
    0x50, 0x8, 0x80, 0x3c, 0x60, 0x1, 0x60, 0xe,
    0xe0, 0xb, 0x80, 0x3d, 0x60, 0x14, 0xd2, 0xa3,
    0x5a, 0x80, 0x4e, 0x1, 0xe7, 0x20, 0x9, 0x6a,
    0xe5, 0x0, 0x27, 0x10, 0xf, 0xb0, 0xc0, 0x3f,
    0x9a, 0x0, 0x3f, 0xe, 0x5a, 0x90, 0x80, 0x93,
    0x64, 0x80, 0x7c,

    /* U+1EEF "ữ" */
    0x0, 0xa7, 0xfa, 0x4c, 0x2b, 0xc8, 0x3, 0xf2,
    0xb0, 0xb, 0x67, 0xa8, 0x10, 0x7, 0xed, 0x9,
    0xc7, 0x20, 0x4, 0x80, 0x7f, 0x4e, 0xb1, 0xc6,
    0xf7, 0xb0, 0x7, 0xf0, 0x90, 0x6, 0x10, 0xf,
    0xe3, 0xff, 0x94, 0x3, 0x47, 0xfc, 0x17, 0xfe,
    0xd0, 0xf, 0xff, 0x36, 0x28, 0x8, 0x7, 0xff,
    0x9, 0xe0, 0x18, 0x3, 0xff, 0x87, 0x61, 0xe0,
    0x1f, 0xfc, 0x16, 0xc6, 0x45, 0x0, 0xff, 0xe0,
    0xc8, 0xc5, 0x80, 0x71, 0x80, 0x61, 0x0, 0xb7,
    0x4e, 0x0, 0x10, 0xb, 0x80, 0x32, 0x0, 0x44,
    0x1, 0x88, 0x2, 0x61, 0x0, 0x41, 0x0, 0x7f,
    0x18, 0x0, 0x7b, 0x39, 0xc0, 0x3f, 0xde, 0x1,
    0x8c, 0x45, 0x20, 0x1f, 0xc7, 0x88, 0x20, 0x4f,
    0xe4, 0x1, 0xf8,

    /* U+1EF0 "Ự" */
    0x2f, 0xfa, 0x80, 0x3e, 0xff, 0xac, 0x3f, 0xe9,
    0x0, 0xff, 0xee, 0x88, 0x7, 0xff, 0x15, 0x50,
    0x3, 0xff, 0x8f, 0x5a, 0x1c, 0x1, 0xff, 0xc5,
    0x1b, 0x7, 0x0, 0xff, 0xe1, 0xbc, 0x79, 0x48,
    0x80, 0x7f, 0xf0, 0xcd, 0xd3, 0x18, 0x3, 0xff,
    0x88, 0x9f, 0x46, 0x1, 0xff, 0xe0, 0x30, 0xf,
    0xf0, 0x80, 0x42, 0x1, 0xc2, 0x1, 0x8, 0x7,
    0xff, 0x21, 0x40, 0x3c, 0xa0, 0x11, 0x0, 0x78,
    0xc0, 0x2, 0xc0, 0x1d, 0xc0, 0x17, 0x0, 0x7a,
    0xc0, 0x29, 0xa5, 0x46, 0xb5, 0x0, 0x9c, 0x3,
    0xce, 0x40, 0x12, 0xd5, 0xca, 0x0, 0x4e, 0x20,
    0x1f, 0x61, 0x80, 0x7f, 0x34, 0x0, 0x7e, 0x1c,
    0xb5, 0x21, 0x1, 0x26, 0xc9, 0x0, 0xff, 0x92,
    0xb7, 0xbf, 0xb6, 0x4c, 0x3, 0xff, 0x84, 0x95,
    0x50, 0x80, 0x7f, 0xf1, 0x9, 0x56, 0x30, 0xf,
    0xff, 0x40,

    /* U+1EF1 "ự" */
    0x3f, 0xf9, 0x40, 0x34, 0x7f, 0xc1, 0x7f, 0xed,
    0x0, 0xff, 0xf3, 0x62, 0x80, 0x80, 0x7f, 0xf0,
    0x9e, 0x1, 0x80, 0x3f, 0xf8, 0x76, 0x1e, 0x1,
    0xff, 0xc1, 0x6c, 0x64, 0x50, 0xf, 0xfe, 0xc,
    0x8c, 0x58, 0x7, 0x18, 0x6, 0x10, 0xb, 0x74,
    0xe0, 0x1, 0x0, 0xb8, 0x3, 0x20, 0x4, 0x40,
    0x18, 0x80, 0x26, 0x10, 0x4, 0x10, 0x7, 0xf1,
    0x80, 0x7, 0xb3, 0x9c, 0x3, 0xfd, 0xe0, 0x18,
    0xc4, 0x52, 0x1, 0xfc, 0x78, 0x82, 0x4, 0xfe,
    0x40, 0x1f, 0xe3, 0xbe, 0xfd, 0x81, 0x4f, 0xf8,
    0x3, 0xf8, 0x6a, 0xa3, 0x0, 0xff, 0xe0, 0x92,
    0xae, 0x0, 0xff, 0xf0, 0x80,

    /* U+1EF2 "Ỳ" */
    0x0, 0xf4, 0xee, 0xc2, 0x1, 0xff, 0xc2, 0x80,
    0x22, 0x30, 0x7, 0xff, 0x8, 0x70, 0x42, 0x40,
    0x3f, 0xf8, 0x63, 0x82, 0x26, 0x0, 0xff, 0xe1,
    0x97, 0x7b, 0x0, 0x7f, 0xf3, 0xef, 0xfe, 0xa0,
    0xf, 0x93, 0xff, 0x8, 0x48, 0x4, 0xa6, 0x1,
    0xe9, 0x0, 0xa0, 0x40, 0xa0, 0x2, 0xe0, 0xe,
    0x62, 0x0, 0x1b, 0x80, 0x4e, 0x40, 0x2, 0x60,
    0xd, 0x0, 0x17, 0x80, 0x77, 0x0, 0x50, 0x20,
    0x8, 0x10, 0x3, 0x18, 0x7, 0x1a, 0x80, 0x6,
    0x0, 0x9c, 0x0, 0x32, 0x1, 0xf5, 0x88, 0x1,
    0x8a, 0x0, 0x2b, 0x0, 0xfc, 0x30, 0x1, 0x7a,
    0x80, 0x11, 0x40, 0x3f, 0x98, 0xc0, 0x4, 0x1,
    0x48, 0x7, 0xfd, 0xc0, 0x1d, 0x4, 0x1, 0xff,
    0x13, 0x80, 0x44, 0xe0, 0x1f, 0xfc, 0x1b, 0x0,
    0x94, 0x3, 0xff, 0xfe, 0x1, 0xff, 0xf5,

    /* U+1EF3 "ỳ" */
    0x0, 0x8b, 0xfe, 0xa0, 0xf, 0xf1, 0x60, 0x1,
    0x44, 0x3, 0xfc, 0x74, 0x0, 0x90, 0xf, 0xf9,
    0x64, 0x90, 0x3, 0xff, 0x80, 0xdb, 0x80, 0x1e,
    0xaf, 0xf8, 0x80, 0x3b, 0x7f, 0xda, 0x1c, 0x1,
    0x28, 0x6, 0x22, 0x0, 0x28, 0x10, 0x80, 0x16,
    0x1, 0x94, 0x2, 0x50, 0x5, 0x0, 0xc, 0x80,
    0x2b, 0x0, 0x19, 0x0, 0x18, 0x2, 0x50, 0x1,
    0x18, 0x2, 0x80, 0x21, 0x40, 0x5, 0x0, 0x14,
    0x2, 0x60, 0xd, 0xc0, 0x2, 0x20, 0x58, 0x1,
    0x40, 0x39, 0x40, 0x2a, 0x13, 0x0, 0x70, 0x7,
    0x98, 0x0, 0xac, 0x0, 0x14, 0x0, 0xf5, 0x0,
    0xa, 0x40, 0xe, 0x1, 0xf1, 0x90, 0x0, 0x40,
    0x14, 0x1, 0xfa, 0x80, 0x31, 0x18, 0x7, 0xe6,
    0x0, 0xd4, 0x1, 0xfc, 0x26, 0x1, 0x30, 0x7,
    0xf0, 0x98, 0x1, 0x4, 0x3, 0xf0, 0xd0, 0x5,
    0xc0, 0x1f, 0x77, 0x48, 0x0, 0x25, 0x0, 0xf8,
    0x84, 0x3, 0x70, 0x7, 0xe4, 0x10, 0x25, 0xc3,
    0x0, 0xf8,

    /* U+1EF4 "Ỵ" */
    0xb, 0xff, 0xa8, 0x3, 0xe4, 0xff, 0xc2, 0x12,
    0x1, 0x29, 0x80, 0x7a, 0x40, 0x28, 0x10, 0x28,
    0x0, 0xb8, 0x3, 0x98, 0x80, 0x6, 0xe0, 0x13,
    0x90, 0x0, 0x98, 0x3, 0x40, 0x5, 0xe0, 0x1d,
    0xc0, 0x14, 0x8, 0x2, 0x4, 0x0, 0xc6, 0x1,
    0xc6, 0xa0, 0x1, 0x80, 0x27, 0x0, 0xc, 0x80,
    0x7d, 0x62, 0x0, 0x62, 0x80, 0xa, 0xc0, 0x3f,
    0xc, 0x0, 0x5e, 0xa0, 0x4, 0x50, 0xf, 0xe6,
    0x30, 0x1, 0x0, 0x52, 0x1, 0xff, 0x70, 0x7,
    0x41, 0x0, 0x7f, 0xc4, 0xe0, 0x11, 0x38, 0x7,
    0xff, 0x6, 0xc0, 0x25, 0x0, 0xff, 0xff, 0x80,
    0x7f, 0xff, 0xf, 0xfe, 0x80, 0xf, 0xfe, 0x10,
    0xd5, 0x48, 0x1, 0xff, 0xc2, 0x35, 0x58, 0xc0,
    0x3f, 0xfc, 0x20,

    /* U+1EF5 "ỵ" */
    0xaf, 0xf8, 0x80, 0x3b, 0x7f, 0xda, 0x1c, 0x1,
    0x28, 0x6, 0x22, 0x0, 0x28, 0x10, 0x40, 0x16,
    0x1, 0x94, 0x2, 0x50, 0x3, 0x0, 0xc, 0x40,
    0x2b, 0x0, 0x19, 0x0, 0x28, 0x2, 0x60, 0x0,
    0x98, 0x2, 0x80, 0x22, 0x30, 0x5, 0x80, 0x1c,
    0x2, 0x60, 0xd, 0x40, 0x3, 0x10, 0xd0, 0x2,
    0x80, 0x73, 0x80, 0x4c, 0x28, 0x0, 0xe0, 0xe,
    0x15, 0x0, 0x5b, 0x80, 0x5, 0x0, 0x3d, 0xc0,
    0x3, 0xa0, 0x3, 0x80, 0x7c, 0x82, 0x0, 0x30,
    0x5, 0x0, 0x7e, 0x70, 0xc, 0x46, 0x1, 0xfa,
    0x80, 0x35, 0x0, 0x7f, 0x19, 0x0, 0x4c, 0x1,
    0xfe, 0x30, 0x2, 0x8, 0x7, 0xe1, 0xa1, 0x0,
    0x70, 0x55, 0x4a, 0x0, 0xde, 0xe2, 0x80, 0x9,
    0x41, 0x56, 0xc0, 0x0, 0x88, 0x3, 0x70, 0x7,
    0xe4, 0x10, 0x25, 0xc3, 0x0, 0xf8,

    /* U+1EF6 "Ỷ" */
    0x0, 0xfc, 0x20, 0x1f, 0xfc, 0x5c, 0xef, 0xe9,
    0x0, 0xff, 0xe1, 0x7d, 0xc9, 0xb4, 0x80, 0x7f,
    0xf0, 0x4d, 0x15, 0x80, 0x40, 0x3f, 0xf8, 0x78,
    0x15, 0x0, 0x1f, 0xfc, 0x3b, 0xa5, 0x0, 0xfd,
    0x7f, 0xf5, 0x0, 0x48, 0x20, 0x4, 0xff, 0xc2,
    0x12, 0x1, 0x29, 0x80, 0x7a, 0x40, 0x28, 0x10,
    0x28, 0x0, 0xb8, 0x3, 0x98, 0x80, 0x6, 0xe0,
    0x13, 0x90, 0x0, 0x98, 0x3, 0x40, 0x5, 0xe0,
    0x1d, 0xc0, 0x14, 0x8, 0x2, 0x4, 0x0, 0xc6,
    0x1, 0xc6, 0xa0, 0x1, 0x80, 0x27, 0x0, 0xc,
    0x80, 0x7d, 0x62, 0x0, 0x62, 0x80, 0xa, 0xc0,
    0x3f, 0xc, 0x0, 0x5e, 0xa0, 0x4, 0x50, 0xf,
    0xe6, 0x30, 0x1, 0x0, 0x52, 0x1, 0xff, 0x70,
    0x7, 0x41, 0x0, 0x7f, 0xc4, 0xe0, 0x11, 0x38,
    0x7, 0xff, 0x6, 0xc0, 0x25, 0x0, 0xff, 0xff,
    0x80, 0x7f, 0xfd, 0x40,

    /* U+1EF7 "ỷ" */
    0x0, 0xc7, 0xfe, 0xeb, 0x40, 0xf, 0xe2, 0x99,
    0x3a, 0x58, 0x80, 0x7e, 0x16, 0x50, 0x2, 0x8,
    0x7, 0xf9, 0x43, 0xac, 0x3, 0xfe, 0x69, 0x10,
    0xf, 0x57, 0xfc, 0x40, 0x1d, 0xbf, 0xed, 0xe,
    0x0, 0x94, 0x3, 0x11, 0x0, 0x14, 0x8, 0x40,
    0xb, 0x0, 0xca, 0x1, 0x28, 0x2, 0x80, 0x6,
    0x40, 0x15, 0x80, 0xc, 0x80, 0xc, 0x1, 0x28,
    0x0, 0x8c, 0x1, 0x40, 0x10, 0xa0, 0x2, 0x80,
    0xa, 0x1, 0x30, 0x6, 0xe0, 0x1, 0x10, 0x2c,
    0x0, 0xa0, 0x1c, 0xa0, 0x15, 0x9, 0x80, 0x38,
    0x3, 0xcc, 0x0, 0x56, 0x0, 0xa, 0x0, 0x7a,
    0x80, 0x5, 0x20, 0x7, 0x0, 0xf8, 0xc8, 0x0,
    0x20, 0xa, 0x0, 0xfd, 0x40, 0x18, 0x8c, 0x3,
    0xf3, 0x0, 0x6a, 0x0, 0xfe, 0x13, 0x0, 0x98,
    0x3, 0xf8, 0x4c, 0x0, 0x82, 0x1, 0xf8, 0x68,
    0x2, 0xe0, 0xf, 0xbb, 0xa4, 0x0, 0x12, 0x80,
    0x7c, 0x42, 0x1, 0xb8, 0x3, 0xf2, 0x8, 0x12,
    0xe1, 0x80, 0x7c,

    /* U+1EF8 "Ỹ" */
    0x0, 0xf8, 0x44, 0x1, 0x88, 0x40, 0x3f, 0xd1,
    0xdc, 0xd7, 0x39, 0xd4, 0x0, 0xfe, 0x27, 0x0,
    0x14, 0x63, 0x3, 0x80, 0x7f, 0x38, 0x47, 0xda,
    0x88, 0xa0, 0x80, 0x3f, 0x97, 0xdc, 0x12, 0xbb,
    0x8e, 0x1, 0xeb, 0xff, 0xa8, 0x3, 0xe4, 0xff,
    0xc2, 0x12, 0x1, 0x29, 0x80, 0x7a, 0x40, 0x28,
    0x10, 0x28, 0x0, 0xb8, 0x3, 0x98, 0x80, 0x6,
    0xe0, 0x13, 0x90, 0x0, 0x98, 0x3, 0x40, 0x5,
    0xe0, 0x1d, 0xc0, 0x14, 0x8, 0x2, 0x4, 0x0,
    0xc6, 0x1, 0xc6, 0xa0, 0x1, 0x80, 0x27, 0x0,
    0xc, 0x80, 0x7d, 0x62, 0x0, 0x62, 0x80, 0xa,
    0xc0, 0x3f, 0xc, 0x0, 0x5e, 0xa0, 0x4, 0x50,
    0xf, 0xe6, 0x30, 0x1, 0x0, 0x52, 0x1, 0xff,
    0x70, 0x7, 0x41, 0x0, 0x7f, 0xc4, 0xe0, 0x11,
    0x38, 0x7, 0xff, 0x6, 0xc0, 0x25, 0x0, 0xff,
    0xff, 0x80, 0x7f, 0xfd, 0x40,

    /* U+1EF9 "ỹ" */
    0x0, 0x8f, 0x7f, 0x60, 0xd7, 0xec, 0x3, 0xdc,
    0x40, 0x4f, 0x94, 0x18, 0x1, 0xe2, 0x3c, 0xa6,
    0x20, 0x46, 0x0, 0xf7, 0xe1, 0xac, 0xef, 0xd8,
    0x80, 0x7f, 0xf1, 0xab, 0xfe, 0x20, 0xe, 0xdf,
    0xf6, 0x87, 0x0, 0x4a, 0x1, 0x88, 0x80, 0xa,
    0x4, 0x20, 0x5, 0x80, 0x65, 0x0, 0x94, 0x1,
    0x40, 0x3, 0x20, 0xa, 0xc0, 0x6, 0x40, 0x6,
    0x0, 0x94, 0x0, 0x46, 0x0, 0xa0, 0x8, 0x50,
    0x1, 0x40, 0x5, 0x0, 0x98, 0x3, 0x70, 0x0,
    0x88, 0x16, 0x0, 0x50, 0xe, 0x50, 0xa, 0x84,
    0xc0, 0x1c, 0x1, 0xe6, 0x0, 0x2b, 0x0, 0x5,
    0x0, 0x3d, 0x40, 0x2, 0x90, 0x3, 0x80, 0x7c,
    0x64, 0x0, 0x10, 0x5, 0x0, 0x7e, 0xa0, 0xc,
    0x46, 0x1, 0xf9, 0x80, 0x35, 0x0, 0x7f, 0x9,
    0x80, 0x4c, 0x1, 0xfc, 0x26, 0x0, 0x41, 0x0,
    0xfc, 0x34, 0x1, 0x70, 0x7, 0xdd, 0xd2, 0x0,
    0x9, 0x40, 0x3e, 0x21, 0x0, 0xdc, 0x1, 0xf9,
    0x4, 0x9, 0x70, 0xc0, 0x3e,

    /* U+2013 "–" */
    0xb, 0xbf, 0xfe, 0x12, 0x2, 0x27, 0xff, 0x8,
    0x80, 0x3f, 0xf8, 0x80,

    /* U+2014 "—" */
    0xbb, 0xff, 0xe7, 0x22, 0x7f, 0xf3, 0x80, 0x3f,
    0xf9, 0xc0,

    /* U+2015 "―" */
    0x1b, 0xbf, 0xfe, 0x60, 0x9a, 0x27, 0xff, 0x30,
    0xc0, 0x3f, 0xf9, 0xc0,

    /* U+2016 "‖" */
    0xcf, 0xf0, 0x80, 0xff, 0xac, 0x3, 0xff, 0xfe,
    0x1, 0xff, 0xff, 0x0, 0xff, 0xe0, 0x0,

    /* U+2017 "‗" */
    0x3f, 0xff, 0xfe, 0x14, 0x80, 0x7f, 0xf1, 0xa,
    0xab, 0xff, 0x86, 0x2a, 0xbf, 0xfc, 0x23, 0x15,
    0x5f, 0xfe, 0x11, 0x95, 0x57, 0xff, 0xc, 0x3,
    0xff, 0x88,

    /* U+2018 "‘" */
    0x0, 0xc, 0x18, 0xe, 0x3d, 0x4, 0x14, 0x48,
    0x38, 0xb8, 0x0, 0x42, 0x94, 0x0, 0x2b, 0xa2,
    0x1, 0xfc,

    /* U+2019 "’" */
    0x3f, 0xf9, 0x40, 0x3f, 0xc2, 0xa4, 0x2, 0x54,
    0xe0, 0xc0, 0x6a, 0x44, 0x4c, 0x9, 0x4, 0x5d,
    0x40,

    /* U+201A "‚" */
    0x2a, 0xa8, 0xc5, 0x56, 0x60, 0xf, 0xf1, 0xfb,
    0x3, 0x0, 0x10, 0xc, 0xb0, 0x9c, 0x0, 0x6f,
    0x0, 0x5f, 0x0, 0x0,

    /* U+201B "‛" */
    0x1f, 0xf9, 0xc0, 0x3f, 0xf8, 0x2, 0xa6, 0x20,
    0xa, 0x40, 0x51, 0x70, 0x5, 0x8c, 0x40, 0x7,
    0xda, 0xc0,

    /* U+201C "“" */
    0x0, 0x15, 0x0, 0x62, 0xa0, 0x1, 0xea, 0xa8,
    0x0, 0x9a, 0xa8, 0x1c, 0x18, 0xa0, 0xa, 0xc,
    0x42, 0x22, 0x98, 0x0, 0xc5, 0x8c, 0x18, 0x1e,
    0x88, 0x18, 0x16, 0x88, 0x40, 0x95, 0x80, 0x23,
    0x51, 0x0, 0xf1, 0x80, 0x7f, 0xf0, 0xc0,

    /* U+201D "”" */
    0x6f, 0xf8, 0xc1, 0xbf, 0xe3, 0x0, 0xff, 0xe1,
    0x88, 0x7, 0xa, 0xa8, 0x40, 0x25, 0x50, 0x80,
    0xe, 0x88, 0x8, 0xe, 0x8c, 0x8, 0x14, 0xd0,
    0x2, 0x52, 0x40, 0x7a, 0x19, 0x0, 0x3d, 0xc,
    0x82, 0xab, 0xc8, 0x0, 0xaa, 0xf2, 0x0,

    /* U+201E "„" */
    0x3a, 0xa8, 0x40, 0xea, 0xa1, 0x55, 0xc4, 0xa,
    0xb8, 0x80, 0x30, 0x80, 0x70, 0x80, 0x7f, 0xcd,
    0xe8, 0x6, 0xd, 0xe8, 0x6, 0x2, 0x84, 0x20,
    0x1, 0x42, 0x14, 0xc0, 0x80, 0x2, 0x60, 0x40,
    0x0, 0xa5, 0x40, 0x22, 0x95, 0x4, 0xe6, 0x0,
    0x93, 0x98, 0x0,

    /* U+201F "‟" */
    0x5f, 0xf9, 0x1, 0xbf, 0xe3, 0x0, 0xff, 0xe2,
    0x98, 0x6, 0x10, 0x25, 0x60, 0x8, 0xd4, 0x58,
    0x1e, 0x88, 0x18, 0x16, 0x88, 0xa5, 0x30, 0x1,
    0x8b, 0x18, 0x3, 0x83, 0x14, 0x1, 0x41, 0x88,
    0x7, 0xaa, 0xa0, 0x2, 0x6a, 0xa0,

    /* U+2020 "†" */
    0x0, 0xe8, 0xff, 0x68, 0x7, 0xff, 0xc4, 0xbf,
    0xf3, 0x80, 0xb, 0xff, 0x38, 0x7, 0xff, 0x40,
    0xbf, 0xf3, 0x80, 0xb, 0xff, 0x38, 0x7, 0xff,
    0xfc, 0x3, 0xff, 0xfe, 0x1, 0xff, 0xe7, 0x9c,
    0xc7, 0x80, 0x70,

    /* U+2021 "‡" */
    0x0, 0xe7, 0xff, 0x68, 0x7, 0xff, 0x8c, 0xbf,
    0xf4, 0x0, 0xb, 0xff, 0x38, 0x7, 0xff, 0x40,
    0xbf, 0xf4, 0x0, 0xb, 0xff, 0x38, 0x7, 0xff,
    0xfc, 0x3, 0xff, 0xb2, 0x5f, 0xfa, 0x0, 0x5,
    0xff, 0x9c, 0x3, 0xff, 0xa0, 0x5f, 0xfa, 0x0,
    0x5, 0xff, 0x9c, 0x3, 0xff, 0xc6, 0xd9, 0x8f,
    0x0, 0xe0,

    /* U+2022 "•" */
    0x0, 0x9e, 0x5c, 0x40, 0x22, 0xe8, 0x68, 0xe4,
    0x0, 0x70, 0x80, 0x6a, 0x1, 0x30, 0xe, 0x14,
    0x0, 0xfe, 0x11, 0x0, 0x79, 0x42, 0xc0, 0x39,
    0xc4, 0x16, 0x88, 0xa, 0x20, 0x0,

    /* U+2026 "…" */
    0x4a, 0xa8, 0x40, 0x33, 0xd5, 0x1c, 0x3, 0xd,
    0x54, 0x86, 0xab, 0x18, 0x6, 0xb5, 0x55, 0x80,
    0x63, 0x55, 0x8c, 0x3, 0xff, 0xc0
};


/*---------------------
 *  GLYPH DESCRIPTION
 *--------------------*/

static const lv_font_fmt_txt_glyph_dsc_t glyph_dsc[] = {
    {.bitmap_index = 0, .adv_w = 0, .box_w = 0, .box_h = 0, .ofs_x = 0, .ofs_y = 0} /* id = 0 reserved */,
    {.bitmap_index = 0, .adv_w = 116, .box_w = 0, .box_h = 0, .ofs_x = 0, .ofs_y = 0},
    {.bitmap_index = 0, .adv_w = 139, .box_w = 5, .box_h = 19, .ofs_x = 2, .ofs_y = 0},
    {.bitmap_index = 38, .adv_w = 197, .box_w = 11, .box_h = 7, .ofs_x = 1, .ofs_y = 12},
    {.bitmap_index = 67, .adv_w = 231, .box_w = 15, .box_h = 19, .ofs_x = 0, .ofs_y = 0},
    {.bitmap_index = 195, .adv_w = 231, .box_w = 14, .box_h = 24, .ofs_x = 0, .ofs_y = -3},
    {.bitmap_index = 332, .adv_w = 370, .box_w = 21, .box_h = 19, .ofs_x = 1, .ofs_y = 0},
    {.bitmap_index = 500, .adv_w = 300, .box_w = 18, .box_h = 20, .ofs_x = 1, .ofs_y = -1},
    {.bitmap_index = 652, .adv_w = 99, .box_w = 5, .box_h = 7, .ofs_x = 1, .ofs_y = 12},
    {.bitmap_index = 666, .adv_w = 139, .box_w = 7, .box_h = 24, .ofs_x = 1, .ofs_y = -5},
    {.bitmap_index = 744, .adv_w = 139, .box_w = 8, .box_h = 24, .ofs_x = 0, .ofs_y = -5},
    {.bitmap_index = 826, .adv_w = 162, .box_w = 10, .box_h = 10, .ofs_x = 0, .ofs_y = 9},
    {.bitmap_index = 874, .adv_w = 243, .box_w = 14, .box_h = 14, .ofs_x = 1, .ofs_y = 3},
    {.bitmap_index = 907, .adv_w = 116, .box_w = 5, .box_h = 9, .ofs_x = 1, .ofs_y = -5},
    {.bitmap_index = 927, .adv_w = 139, .box_w = 8, .box_h = 4, .ofs_x = 1, .ofs_y = 5},
    {.bitmap_index = 936, .adv_w = 116, .box_w = 5, .box_h = 4, .ofs_x = 1, .ofs_y = 0},
    {.bitmap_index = 943, .adv_w = 116, .box_w = 9, .box_h = 19, .ofs_x = -1, .ofs_y = 0},
    {.bitmap_index = 1010, .adv_w = 231, .box_w = 13, .box_h = 19, .ofs_x = 1, .ofs_y = 0},
    {.bitmap_index = 1117, .adv_w = 231, .box_w = 9, .box_h = 19, .ofs_x = 2, .ofs_y = 0},
    {.bitmap_index = 1151, .adv_w = 231, .box_w = 14, .box_h = 19, .ofs_x = 0, .ofs_y = 0},
    {.bitmap_index = 1255, .adv_w = 231, .box_w = 14, .box_h = 19, .ofs_x = 0, .ofs_y = 0},
    {.bitmap_index = 1367, .adv_w = 231, .box_w = 14, .box_h = 19, .ofs_x = 0, .ofs_y = 0},
    {.bitmap_index = 1442, .adv_w = 231, .box_w = 13, .box_h = 19, .ofs_x = 1, .ofs_y = 0},
    {.bitmap_index = 1545, .adv_w = 231, .box_w = 13, .box_h = 19, .ofs_x = 1, .ofs_y = 0},
    {.bitmap_index = 1658, .adv_w = 231, .box_w = 13, .box_h = 19, .ofs_x = 1, .ofs_y = 0},
    {.bitmap_index = 1736, .adv_w = 231, .box_w = 13, .box_h = 19, .ofs_x = 1, .ofs_y = 0},
    {.bitmap_index = 1851, .adv_w = 231, .box_w = 14, .box_h = 19, .ofs_x = 0, .ofs_y = 0},
    {.bitmap_index = 1969, .adv_w = 139, .box_w = 5, .box_h = 14, .ofs_x = 2, .ofs_y = 0},
    {.bitmap_index = 1988, .adv_w = 139, .box_w = 5, .box_h = 19, .ofs_x = 2, .ofs_y = -5},
    {.bitmap_index = 2019, .adv_w = 243, .box_w = 13, .box_h = 15, .ofs_x = 1, .ofs_y = 2},
    {.bitmap_index = 2093, .adv_w = 243, .box_w = 14, .box_h = 9, .ofs_x = 1, .ofs_y = 5},
    {.bitmap_index = 2119, .adv_w = 243, .box_w = 13, .box_h = 15, .ofs_x = 1, .ofs_y = 2},
    {.bitmap_index = 2194, .adv_w = 254, .box_w = 14, .box_h = 19, .ofs_x = 1, .ofs_y = 0},
    {.bitmap_index = 2288, .adv_w = 406, .box_w = 26, .box_h = 24, .ofs_x = 0, .ofs_y = -5},
    {.bitmap_index = 2568, .adv_w = 300, .box_w = 19, .box_h = 19, .ofs_x = 0, .ofs_y = 0},
    {.bitmap_index = 2696, .adv_w = 300, .box_w = 17, .box_h = 19, .ofs_x = 1, .ofs_y = 0},
    {.bitmap_index = 2802, .adv_w = 300, .box_w = 17, .box_h = 19, .ofs_x = 1, .ofs_y = 0},
    {.bitmap_index = 2928, .adv_w = 300, .box_w = 17, .box_h = 19, .ofs_x = 1, .ofs_y = 0},
    {.bitmap_index = 3034, .adv_w = 277, .box_w = 16, .box_h = 19, .ofs_x = 1, .ofs_y = 0},
    {.bitmap_index = 3078, .adv_w = 254, .box_w = 14, .box_h = 19, .ofs_x = 1, .ofs_y = 0},
    {.bitmap_index = 3115, .adv_w = 324, .box_w = 18, .box_h = 19, .ofs_x = 1, .ofs_y = 0},
    {.bitmap_index = 3245, .adv_w = 300, .box_w = 16, .box_h = 19, .ofs_x = 1, .ofs_y = 0},
    {.bitmap_index = 3275, .adv_w = 116, .box_w = 5, .box_h = 19, .ofs_x = 1, .ofs_y = 0},
    {.bitmap_index = 3284, .adv_w = 231, .box_w = 13, .box_h = 19, .ofs_x = 0, .ofs_y = 0},
    {.bitmap_index = 3334, .adv_w = 300, .box_w = 18, .box_h = 19, .ofs_x = 1, .ofs_y = 0},
    {.bitmap_index = 3446, .adv_w = 254, .box_w = 14, .box_h = 19, .ofs_x = 2, .ofs_y = 0},
    {.bitmap_index = 3467, .adv_w = 347, .box_w = 19, .box_h = 19, .ofs_x = 1, .ofs_y = 0},
    {.bitmap_index = 3590, .adv_w = 300, .box_w = 16, .box_h = 19, .ofs_x = 1, .ofs_y = 0},
    {.bitmap_index = 3675, .adv_w = 324, .box_w = 19, .box_h = 19, .ofs_x = 1, .ofs_y = 0},
    {.bitmap_index = 3817, .adv_w = 277, .box_w = 16, .box_h = 19, .ofs_x = 1, .ofs_y = 0},
    {.bitmap_index = 3891, .adv_w = 324, .box_w = 19, .box_h = 21, .ofs_x = 1, .ofs_y = -2},
    {.bitmap_index = 4053, .adv_w = 300, .box_w = 18, .box_h = 19, .ofs_x = 1, .ofs_y = 0},
    {.bitmap_index = 4160, .adv_w = 277, .box_w = 17, .box_h = 19, .ofs_x = 0, .ofs_y = 0},
    {.bitmap_index = 4296, .adv_w = 254, .box_w = 16, .box_h = 19, .ofs_x = 0, .ofs_y = 0},
    {.bitmap_index = 4325, .adv_w = 300, .box_w = 16, .box_h = 19, .ofs_x = 1, .ofs_y = 0},
    {.bitmap_index = 4390, .adv_w = 277, .box_w = 19, .box_h = 19, .ofs_x = -1, .ofs_y = 0},
    {.bitmap_index = 4524, .adv_w = 393, .box_w = 25, .box_h = 19, .ofs_x = 0, .ofs_y = 0},
    {.bitmap_index = 4722, .adv_w = 277, .box_w = 18, .box_h = 19, .ofs_x = 0, .ofs_y = 0},
    {.bitmap_index = 4855, .adv_w = 277, .box_w = 19, .box_h = 19, .ofs_x = -1, .ofs_y = 0},
    {.bitmap_index = 4946, .adv_w = 254, .box_w = 16, .box_h = 19, .ofs_x = 0, .ofs_y = 0},
    {.bitmap_index = 5031, .adv_w = 139, .box_w = 8, .box_h = 24, .ofs_x = 1, .ofs_y = -5},
    {.bitmap_index = 5056, .adv_w = 116, .box_w = 9, .box_h = 19, .ofs_x = -1, .ofs_y = 0},
    {.bitmap_index = 5121, .adv_w = 139, .box_w = 7, .box_h = 24, .ofs_x = 0, .ofs_y = -5},
    {.bitmap_index = 5145, .adv_w = 243, .box_w = 13, .box_h = 11, .ofs_x = 1, .ofs_y = 9},
    {.bitmap_index = 5208, .adv_w = 231, .box_w = 16, .box_h = 3, .ofs_x = -1, .ofs_y = -5},
    {.bitmap_index = 5219, .adv_w = 139, .box_w = 7, .box_h = 4, .ofs_x = 0, .ofs_y = 15},
    {.bitmap_index = 5234, .adv_w = 231, .box_w = 14, .box_h = 14, .ofs_x = 0, .ofs_y = 0},
    {.bitmap_index = 5323, .adv_w = 254, .box_w = 14, .box_h = 19, .ofs_x = 1, .ofs_y = 0},
    {.bitmap_index = 5406, .adv_w = 231, .box_w = 13, .box_h = 14, .ofs_x = 1, .ofs_y = 0},
    {.bitmap_index = 5485, .adv_w = 254, .box_w = 14, .box_h = 19, .ofs_x = 1, .ofs_y = 0},
    {.bitmap_index = 5572, .adv_w = 231, .box_w = 14, .box_h = 14, .ofs_x = 0, .ofs_y = 0},
    {.bitmap_index = 5661, .adv_w = 139, .box_w = 10, .box_h = 19, .ofs_x = 0, .ofs_y = 0},
    {.bitmap_index = 5708, .adv_w = 254, .box_w = 14, .box_h = 19, .ofs_x = 1, .ofs_y = -5},
    {.bitmap_index = 5824, .adv_w = 254, .box_w = 14, .box_h = 19, .ofs_x = 1, .ofs_y = 0},
    {.bitmap_index = 5874, .adv_w = 116, .box_w = 5, .box_h = 19, .ofs_x = 1, .ofs_y = 0},
    {.bitmap_index = 5889, .adv_w = 116, .box_w = 8, .box_h = 24, .ofs_x = -2, .ofs_y = -5},
    {.bitmap_index = 5928, .adv_w = 231, .box_w = 14, .box_h = 19, .ofs_x = 1, .ofs_y = 0},
    {.bitmap_index = 5999, .adv_w = 116, .box_w = 5, .box_h = 19, .ofs_x = 1, .ofs_y = 0},
    {.bitmap_index = 6008, .adv_w = 370, .box_w = 21, .box_h = 14, .ofs_x = 1, .ofs_y = 0},
    {.bitmap_index = 6079, .adv_w = 254, .box_w = 14, .box_h = 14, .ofs_x = 1, .ofs_y = 0},
    {.bitmap_index = 6124, .adv_w = 254, .box_w = 14, .box_h = 14, .ofs_x = 1, .ofs_y = 0},
    {.bitmap_index = 6209, .adv_w = 254, .box_w = 14, .box_h = 19, .ofs_x = 1, .ofs_y = -5},
    {.bitmap_index = 6296, .adv_w = 254, .box_w = 14, .box_h = 19, .ofs_x = 1, .ofs_y = -5},
    {.bitmap_index = 6384, .adv_w = 162, .box_w = 10, .box_h = 14, .ofs_x = 1, .ofs_y = 0},
    {.bitmap_index = 6418, .adv_w = 231, .box_w = 14, .box_h = 14, .ofs_x = 0, .ofs_y = 0},
    {.bitmap_index = 6510, .adv_w = 139, .box_w = 9, .box_h = 19, .ofs_x = 0, .ofs_y = 0},
    {.bitmap_index = 6558, .adv_w = 254, .box_w = 14, .box_h = 14, .ofs_x = 1, .ofs_y = 0},
    {.bitmap_index = 6603, .adv_w = 231, .box_w = 15, .box_h = 14, .ofs_x = 0, .ofs_y = 0},
    {.bitmap_index = 6692, .adv_w = 324, .box_w = 21, .box_h = 14, .ofs_x = 0, .ofs_y = 0},
    {.bitmap_index = 6825, .adv_w = 231, .box_w = 15, .box_h = 14, .ofs_x = 0, .ofs_y = 0},
    {.bitmap_index = 6913, .adv_w = 231, .box_w = 15, .box_h = 19, .ofs_x = 0, .ofs_y = -5},
    {.bitmap_index = 7027, .adv_w = 208, .box_w = 13, .box_h = 14, .ofs_x = 0, .ofs_y = 0},
    {.bitmap_index = 7083, .adv_w = 162, .box_w = 10, .box_h = 24, .ofs_x = 0, .ofs_y = -5},
    {.bitmap_index = 7172, .adv_w = 116, .box_w = 4, .box_h = 24, .ofs_x = 2, .ofs_y = -5},
    {.bitmap_index = 7181, .adv_w = 162, .box_w = 10, .box_h = 24, .ofs_x = 0, .ofs_y = -5},
    {.bitmap_index = 7268, .adv_w = 243, .box_w = 15, .box_h = 7, .ofs_x = 0, .ofs_y = 6},
    {.bitmap_index = 7310, .adv_w = 116, .box_w = 0, .box_h = 0, .ofs_x = 0, .ofs_y = 0},
    {.bitmap_index = 7310, .adv_w = 139, .box_w = 5, .box_h = 19, .ofs_x = 2, .ofs_y = -5},
    {.bitmap_index = 7346, .adv_w = 231, .box_w = 13, .box_h = 24, .ofs_x = 1, .ofs_y = -5},
    {.bitmap_index = 7468, .adv_w = 231, .box_w = 15, .box_h = 20, .ofs_x = 0, .ofs_y = -1},
    {.bitmap_index = 7589, .adv_w = 231, .box_w = 14, .box_h = 15, .ofs_x = 0, .ofs_y = 2},
    {.bitmap_index = 7682, .adv_w = 231, .box_w = 15, .box_h = 19, .ofs_x = 0, .ofs_y = 0},
    {.bitmap_index = 7784, .adv_w = 116, .box_w = 4, .box_h = 24, .ofs_x = 2, .ofs_y = -5},
    {.bitmap_index = 7802, .adv_w = 231, .box_w = 14, .box_h = 24, .ofs_x = 0, .ofs_y = -5},
    {.bitmap_index = 7959, .adv_w = 139, .box_w = 9, .box_h = 4, .ofs_x = 0, .ofs_y = 16},
    {.bitmap_index = 7971, .adv_w = 307, .box_w = 21, .box_h = 20, .ofs_x = -1, .ofs_y = 0},
    {.bitmap_index = 8159, .adv_w = 154, .box_w = 9, .box_h = 9, .ofs_x = 0, .ofs_y = 9},
    {.bitmap_index = 8200, .adv_w = 231, .box_w = 13, .box_h = 12, .ofs_x = 1, .ofs_y = 1},
    {.bitmap_index = 8277, .adv_w = 243, .box_w = 14, .box_h = 9, .ofs_x = 1, .ofs_y = 5},
    {.bitmap_index = 8296, .adv_w = 139, .box_w = 8, .box_h = 4, .ofs_x = 1, .ofs_y = 5},
    {.bitmap_index = 8305, .adv_w = 307, .box_w = 21, .box_h = 20, .ofs_x = -1, .ofs_y = 0},
    {.bitmap_index = 8484, .adv_w = 230, .box_w = 16, .box_h = 3, .ofs_x = -1, .ofs_y = 20},
    {.bitmap_index = 8495, .adv_w = 166, .box_w = 9, .box_h = 9, .ofs_x = 1, .ofs_y = 11},
    {.bitmap_index = 8535, .adv_w = 228, .box_w = 14, .box_h = 18, .ofs_x = 0, .ofs_y = 0},
    {.bitmap_index = 8583, .adv_w = 139, .box_w = 9, .box_h = 9, .ofs_x = 0, .ofs_y = 9},
    {.bitmap_index = 8622, .adv_w = 139, .box_w = 9, .box_h = 9, .ofs_x = 0, .ofs_y = 9},
    {.bitmap_index = 8662, .adv_w = 139, .box_w = 7, .box_h = 4, .ofs_x = 2, .ofs_y = 15},
    {.bitmap_index = 8677, .adv_w = 240, .box_w = 13, .box_h = 19, .ofs_x = 1, .ofs_y = -5},
    {.bitmap_index = 8722, .adv_w = 231, .box_w = 16, .box_h = 24, .ofs_x = -1, .ofs_y = -5},
    {.bitmap_index = 8783, .adv_w = 139, .box_w = 5, .box_h = 4, .ofs_x = 2, .ofs_y = 7},
    {.bitmap_index = 8790, .adv_w = 139, .box_w = 8, .box_h = 6, .ofs_x = 0, .ofs_y = -5},
    {.bitmap_index = 8812, .adv_w = 139, .box_w = 6, .box_h = 9, .ofs_x = 1, .ofs_y = 9},
    {.bitmap_index = 8828, .adv_w = 152, .box_w = 10, .box_h = 9, .ofs_x = 0, .ofs_y = 9},
    {.bitmap_index = 8875, .adv_w = 231, .box_w = 13, .box_h = 12, .ofs_x = 1, .ofs_y = 1},
    {.bitmap_index = 8951, .adv_w = 347, .box_w = 21, .box_h = 20, .ofs_x = 1, .ofs_y = -1},
    {.bitmap_index = 9090, .adv_w = 347, .box_w = 21, .box_h = 20, .ofs_x = 1, .ofs_y = -1},
    {.bitmap_index = 9235, .adv_w = 347, .box_w = 22, .box_h = 20, .ofs_x = 0, .ofs_y = -1},
    {.bitmap_index = 9401, .adv_w = 254, .box_w = 14, .box_h = 19, .ofs_x = 1, .ofs_y = -5},
    {.bitmap_index = 9494, .adv_w = 300, .box_w = 19, .box_h = 24, .ofs_x = 0, .ofs_y = 0},
    {.bitmap_index = 9651, .adv_w = 300, .box_w = 19, .box_h = 24, .ofs_x = 0, .ofs_y = 0},
    {.bitmap_index = 9806, .adv_w = 300, .box_w = 19, .box_h = 24, .ofs_x = 0, .ofs_y = 0},
    {.bitmap_index = 9967, .adv_w = 300, .box_w = 19, .box_h = 24, .ofs_x = 0, .ofs_y = 0},
    {.bitmap_index = 10129, .adv_w = 300, .box_w = 19, .box_h = 24, .ofs_x = 0, .ofs_y = 0},
    {.bitmap_index = 10280, .adv_w = 300, .box_w = 19, .box_h = 24, .ofs_x = 0, .ofs_y = 0},
    {.bitmap_index = 10433, .adv_w = 416, .box_w = 27, .box_h = 19, .ofs_x = -2, .ofs_y = 0},
    {.bitmap_index = 10564, .adv_w = 300, .box_w = 17, .box_h = 24, .ofs_x = 1, .ofs_y = -5},
    {.bitmap_index = 10718, .adv_w = 277, .box_w = 16, .box_h = 24, .ofs_x = 1, .ofs_y = 0},
    {.bitmap_index = 10787, .adv_w = 277, .box_w = 16, .box_h = 24, .ofs_x = 1, .ofs_y = 0},
    {.bitmap_index = 10856, .adv_w = 277, .box_w = 16, .box_h = 24, .ofs_x = 1, .ofs_y = 0},
    {.bitmap_index = 10929, .adv_w = 277, .box_w = 16, .box_h = 24, .ofs_x = 1, .ofs_y = 0},
    {.bitmap_index = 10993, .adv_w = 116, .box_w = 7, .box_h = 24, .ofs_x = -1, .ofs_y = 0},
    {.bitmap_index = 11020, .adv_w = 116, .box_w = 7, .box_h = 24, .ofs_x = 1, .ofs_y = 0},
    {.bitmap_index = 11047, .adv_w = 116, .box_w = 10, .box_h = 24, .ofs_x = -1, .ofs_y = 0},
    {.bitmap_index = 11084, .adv_w = 116, .box_w = 9, .box_h = 24, .ofs_x = -1, .ofs_y = 0},
    {.bitmap_index = 11113, .adv_w = 300, .box_w = 19, .box_h = 19, .ofs_x = -1, .ofs_y = 0},
    {.bitmap_index = 11229, .adv_w = 300, .box_w = 16, .box_h = 24, .ofs_x = 1, .ofs_y = 0},
    {.bitmap_index = 11344, .adv_w = 324, .box_w = 19, .box_h = 24, .ofs_x = 1, .ofs_y = 0},
    {.bitmap_index = 11513, .adv_w = 324, .box_w = 19, .box_h = 24, .ofs_x = 1, .ofs_y = 0},
    {.bitmap_index = 11683, .adv_w = 324, .box_w = 19, .box_h = 24, .ofs_x = 1, .ofs_y = 0},
    {.bitmap_index = 11858, .adv_w = 324, .box_w = 19, .box_h = 24, .ofs_x = 1, .ofs_y = 0},
    {.bitmap_index = 12033, .adv_w = 324, .box_w = 19, .box_h = 24, .ofs_x = 1, .ofs_y = 0},
    {.bitmap_index = 12197, .adv_w = 243, .box_w = 13, .box_h = 13, .ofs_x = 1, .ofs_y = 3},
    {.bitmap_index = 12276, .adv_w = 324, .box_w = 20, .box_h = 21, .ofs_x = 0, .ofs_y = -1},
    {.bitmap_index = 12457, .adv_w = 300, .box_w = 16, .box_h = 24, .ofs_x = 1, .ofs_y = 0},
    {.bitmap_index = 12548, .adv_w = 300, .box_w = 16, .box_h = 24, .ofs_x = 1, .ofs_y = 0},
    {.bitmap_index = 12637, .adv_w = 300, .box_w = 16, .box_h = 24, .ofs_x = 1, .ofs_y = 0},
    {.bitmap_index = 12731, .adv_w = 300, .box_w = 16, .box_h = 24, .ofs_x = 1, .ofs_y = 0},
    {.bitmap_index = 12816, .adv_w = 277, .box_w = 19, .box_h = 24, .ofs_x = -1, .ofs_y = 0},
    {.bitmap_index = 12934, .adv_w = 277, .box_w = 16, .box_h = 19, .ofs_x = 1, .ofs_y = 0},
    {.bitmap_index = 13011, .adv_w = 254, .box_w = 14, .box_h = 19, .ofs_x = 1, .ofs_y = 0},
    {.bitmap_index = 13113, .adv_w = 231, .box_w = 14, .box_h = 19, .ofs_x = 0, .ofs_y = 0},
    {.bitmap_index = 13223, .adv_w = 231, .box_w = 14, .box_h = 19, .ofs_x = 0, .ofs_y = 0},
    {.bitmap_index = 13334, .adv_w = 231, .box_w = 14, .box_h = 19, .ofs_x = 0, .ofs_y = 0},
    {.bitmap_index = 13450, .adv_w = 231, .box_w = 14, .box_h = 19, .ofs_x = 0, .ofs_y = 0},
    {.bitmap_index = 13568, .adv_w = 231, .box_w = 14, .box_h = 19, .ofs_x = 0, .ofs_y = 0},
    {.bitmap_index = 13676, .adv_w = 231, .box_w = 14, .box_h = 21, .ofs_x = 0, .ofs_y = 0},
    {.bitmap_index = 13794, .adv_w = 370, .box_w = 21, .box_h = 14, .ofs_x = 1, .ofs_y = 0},
    {.bitmap_index = 13931, .adv_w = 231, .box_w = 13, .box_h = 19, .ofs_x = 1, .ofs_y = -5},
    {.bitmap_index = 14035, .adv_w = 231, .box_w = 14, .box_h = 19, .ofs_x = 0, .ofs_y = 0},
    {.bitmap_index = 14146, .adv_w = 231, .box_w = 14, .box_h = 19, .ofs_x = 0, .ofs_y = 0},
    {.bitmap_index = 14257, .adv_w = 231, .box_w = 14, .box_h = 19, .ofs_x = 0, .ofs_y = 0},
    {.bitmap_index = 14373, .adv_w = 231, .box_w = 14, .box_h = 19, .ofs_x = 0, .ofs_y = 0},
    {.bitmap_index = 14483, .adv_w = 116, .box_w = 7, .box_h = 19, .ofs_x = -1, .ofs_y = 0},
    {.bitmap_index = 14510, .adv_w = 116, .box_w = 7, .box_h = 19, .ofs_x = 1, .ofs_y = 0},
    {.bitmap_index = 14537, .adv_w = 116, .box_w = 9, .box_h = 19, .ofs_x = -1, .ofs_y = 0},
    {.bitmap_index = 14569, .adv_w = 116, .box_w = 9, .box_h = 19, .ofs_x = -1, .ofs_y = 0},
    {.bitmap_index = 14595, .adv_w = 254, .box_w = 14, .box_h = 19, .ofs_x = 1, .ofs_y = 0},
    {.bitmap_index = 14709, .adv_w = 254, .box_w = 14, .box_h = 19, .ofs_x = 1, .ofs_y = 0},
    {.bitmap_index = 14785, .adv_w = 254, .box_w = 14, .box_h = 19, .ofs_x = 1, .ofs_y = 0},
    {.bitmap_index = 14891, .adv_w = 254, .box_w = 14, .box_h = 19, .ofs_x = 1, .ofs_y = 0},
    {.bitmap_index = 14997, .adv_w = 254, .box_w = 14, .box_h = 19, .ofs_x = 1, .ofs_y = 0},
    {.bitmap_index = 15110, .adv_w = 254, .box_w = 14, .box_h = 19, .ofs_x = 1, .ofs_y = 0},
    {.bitmap_index = 15225, .adv_w = 254, .box_w = 14, .box_h = 19, .ofs_x = 1, .ofs_y = 0},
    {.bitmap_index = 15329, .adv_w = 228, .box_w = 14, .box_h = 14, .ofs_x = 0, .ofs_y = 2},
    {.bitmap_index = 15371, .adv_w = 254, .box_w = 15, .box_h = 16, .ofs_x = 1, .ofs_y = -1},
    {.bitmap_index = 15484, .adv_w = 254, .box_w = 14, .box_h = 19, .ofs_x = 1, .ofs_y = 0},
    {.bitmap_index = 15551, .adv_w = 254, .box_w = 14, .box_h = 19, .ofs_x = 1, .ofs_y = 0},
    {.bitmap_index = 15618, .adv_w = 254, .box_w = 14, .box_h = 19, .ofs_x = 1, .ofs_y = 0},
    {.bitmap_index = 15690, .adv_w = 254, .box_w = 14, .box_h = 19, .ofs_x = 1, .ofs_y = 0},
    {.bitmap_index = 15756, .adv_w = 231, .box_w = 15, .box_h = 24, .ofs_x = 0, .ofs_y = -5},
    {.bitmap_index = 15893, .adv_w = 254, .box_w = 14, .box_h = 24, .ofs_x = 1, .ofs_y = -5},
    {.bitmap_index = 15983, .adv_w = 231, .box_w = 15, .box_h = 24, .ofs_x = 0, .ofs_y = -5},
    {.bitmap_index = 16118, .adv_w = 300, .box_w = 19, .box_h = 23, .ofs_x = 0, .ofs_y = 0},
    {.bitmap_index = 16263, .adv_w = 231, .box_w = 14, .box_h = 19, .ofs_x = 0, .ofs_y = 0},
    {.bitmap_index = 16368, .adv_w = 300, .box_w = 19, .box_h = 24, .ofs_x = 0, .ofs_y = 0},
    {.bitmap_index = 16528, .adv_w = 231, .box_w = 14, .box_h = 19, .ofs_x = 0, .ofs_y = 0},
    {.bitmap_index = 16640, .adv_w = 300, .box_w = 19, .box_h = 24, .ofs_x = 0, .ofs_y = -5},
    {.bitmap_index = 16800, .adv_w = 231, .box_w = 14, .box_h = 19, .ofs_x = 0, .ofs_y = -5},
    {.bitmap_index = 16914, .adv_w = 300, .box_w = 17, .box_h = 24, .ofs_x = 1, .ofs_y = 0},
    {.bitmap_index = 17066, .adv_w = 231, .box_w = 13, .box_h = 19, .ofs_x = 1, .ofs_y = 0},
    {.bitmap_index = 17166, .adv_w = 300, .box_w = 17, .box_h = 25, .ofs_x = 1, .ofs_y = 0},
    {.bitmap_index = 17323, .adv_w = 231, .box_w = 13, .box_h = 19, .ofs_x = 1, .ofs_y = 0},
    {.bitmap_index = 17428, .adv_w = 300, .box_w = 17, .box_h = 25, .ofs_x = 1, .ofs_y = 0},
    {.bitmap_index = 17569, .adv_w = 231, .box_w = 13, .box_h = 19, .ofs_x = 1, .ofs_y = 0},
    {.bitmap_index = 17660, .adv_w = 300, .box_w = 17, .box_h = 24, .ofs_x = 1, .ofs_y = 0},
    {.bitmap_index = 17815, .adv_w = 231, .box_w = 13, .box_h = 19, .ofs_x = 1, .ofs_y = 0},
    {.bitmap_index = 17921, .adv_w = 300, .box_w = 17, .box_h = 24, .ofs_x = 1, .ofs_y = 0},
    {.bitmap_index = 18056, .adv_w = 299, .box_w = 18, .box_h = 19, .ofs_x = 1, .ofs_y = 0},
    {.bitmap_index = 18169, .adv_w = 300, .box_w = 19, .box_h = 19, .ofs_x = -1, .ofs_y = 0},
    {.bitmap_index = 18285, .adv_w = 254, .box_w = 15, .box_h = 19, .ofs_x = 1, .ofs_y = 0},
    {.bitmap_index = 18392, .adv_w = 277, .box_w = 16, .box_h = 23, .ofs_x = 1, .ofs_y = 0},
    {.bitmap_index = 18451, .adv_w = 231, .box_w = 14, .box_h = 19, .ofs_x = 0, .ofs_y = 0},
    {.bitmap_index = 18556, .adv_w = 277, .box_w = 16, .box_h = 25, .ofs_x = 1, .ofs_y = 0},
    {.bitmap_index = 18635, .adv_w = 231, .box_w = 14, .box_h = 19, .ofs_x = 0, .ofs_y = 0},
    {.bitmap_index = 18748, .adv_w = 277, .box_w = 16, .box_h = 24, .ofs_x = 1, .ofs_y = 0},
    {.bitmap_index = 18807, .adv_w = 231, .box_w = 14, .box_h = 19, .ofs_x = 0, .ofs_y = 0},
    {.bitmap_index = 18910, .adv_w = 277, .box_w = 16, .box_h = 24, .ofs_x = 1, .ofs_y = -5},
    {.bitmap_index = 18978, .adv_w = 231, .box_w = 14, .box_h = 19, .ofs_x = 0, .ofs_y = -5},
    {.bitmap_index = 19091, .adv_w = 277, .box_w = 16, .box_h = 24, .ofs_x = 1, .ofs_y = 0},
    {.bitmap_index = 19164, .adv_w = 231, .box_w = 14, .box_h = 19, .ofs_x = 0, .ofs_y = 0},
    {.bitmap_index = 19281, .adv_w = 324, .box_w = 18, .box_h = 25, .ofs_x = 1, .ofs_y = 0},
    {.bitmap_index = 19442, .adv_w = 254, .box_w = 14, .box_h = 24, .ofs_x = 1, .ofs_y = -5},
    {.bitmap_index = 19586, .adv_w = 324, .box_w = 18, .box_h = 24, .ofs_x = 1, .ofs_y = 0},
    {.bitmap_index = 19746, .adv_w = 254, .box_w = 14, .box_h = 24, .ofs_x = 1, .ofs_y = -5},
    {.bitmap_index = 19886, .adv_w = 324, .box_w = 18, .box_h = 25, .ofs_x = 1, .ofs_y = 0},
    {.bitmap_index = 20032, .adv_w = 254, .box_w = 14, .box_h = 24, .ofs_x = 1, .ofs_y = -5},
    {.bitmap_index = 20162, .adv_w = 324, .box_w = 18, .box_h = 26, .ofs_x = 1, .ofs_y = -7},
    {.bitmap_index = 20326, .adv_w = 254, .box_w = 14, .box_h = 27, .ofs_x = 1, .ofs_y = -5},
    {.bitmap_index = 20469, .adv_w = 300, .box_w = 16, .box_h = 25, .ofs_x = 1, .ofs_y = 0},
    {.bitmap_index = 20530, .adv_w = 254, .box_w = 14, .box_h = 24, .ofs_x = 1, .ofs_y = 0},
    {.bitmap_index = 20608, .adv_w = 300, .box_w = 19, .box_h = 19, .ofs_x = 0, .ofs_y = 0},
    {.bitmap_index = 20664, .adv_w = 254, .box_w = 15, .box_h = 19, .ofs_x = 0, .ofs_y = 0},
    {.bitmap_index = 20735, .adv_w = 116, .box_w = 9, .box_h = 24, .ofs_x = -1, .ofs_y = 0},
    {.bitmap_index = 20769, .adv_w = 116, .box_w = 9, .box_h = 19, .ofs_x = -1, .ofs_y = 0},
    {.bitmap_index = 20801, .adv_w = 116, .box_w = 9, .box_h = 23, .ofs_x = -1, .ofs_y = 0},
    {.bitmap_index = 20824, .adv_w = 116, .box_w = 9, .box_h = 19, .ofs_x = -1, .ofs_y = 0},
    {.bitmap_index = 20846, .adv_w = 116, .box_w = 9, .box_h = 25, .ofs_x = -1, .ofs_y = 0},
    {.bitmap_index = 20885, .adv_w = 116, .box_w = 9, .box_h = 19, .ofs_x = -1, .ofs_y = 0},
    {.bitmap_index = 20916, .adv_w = 116, .box_w = 6, .box_h = 24, .ofs_x = 0, .ofs_y = -5},
    {.bitmap_index = 20940, .adv_w = 116, .box_w = 6, .box_h = 24, .ofs_x = 0, .ofs_y = -5},
    {.bitmap_index = 20973, .adv_w = 116, .box_w = 5, .box_h = 24, .ofs_x = 1, .ofs_y = 0},
    {.bitmap_index = 20991, .adv_w = 116, .box_w = 5, .box_h = 14, .ofs_x = 1, .ofs_y = 0},
    {.bitmap_index = 20997, .adv_w = 326, .box_w = 18, .box_h = 19, .ofs_x = 1, .ofs_y = 0},
    {.bitmap_index = 21060, .adv_w = 231, .box_w = 12, .box_h = 24, .ofs_x = 1, .ofs_y = -5},
    {.bitmap_index = 21118, .adv_w = 231, .box_w = 15, .box_h = 25, .ofs_x = 0, .ofs_y = 0},
    {.bitmap_index = 21205, .adv_w = 116, .box_w = 10, .box_h = 24, .ofs_x = -2, .ofs_y = -5},
    {.bitmap_index = 21259, .adv_w = 300, .box_w = 18, .box_h = 27, .ofs_x = 1, .ofs_y = -8},
    {.bitmap_index = 21414, .adv_w = 231, .box_w = 14, .box_h = 27, .ofs_x = 1, .ofs_y = -8},
    {.bitmap_index = 21520, .adv_w = 231, .box_w = 14, .box_h = 14, .ofs_x = 1, .ofs_y = 0},
    {.bitmap_index = 21588, .adv_w = 254, .box_w = 14, .box_h = 24, .ofs_x = 2, .ofs_y = 0},
    {.bitmap_index = 21632, .adv_w = 116, .box_w = 7, .box_h = 24, .ofs_x = 1, .ofs_y = 0},
    {.bitmap_index = 21659, .adv_w = 254, .box_w = 14, .box_h = 27, .ofs_x = 2, .ofs_y = -8},
    {.bitmap_index = 21712, .adv_w = 116, .box_w = 5, .box_h = 27, .ofs_x = 1, .ofs_y = -8},
    {.bitmap_index = 21740, .adv_w = 254, .box_w = 14, .box_h = 19, .ofs_x = 2, .ofs_y = 0},
    {.bitmap_index = 21788, .adv_w = 160, .box_w = 9, .box_h = 19, .ofs_x = 1, .ofs_y = 0},
    {.bitmap_index = 21817, .adv_w = 254, .box_w = 14, .box_h = 19, .ofs_x = 2, .ofs_y = 0},
    {.bitmap_index = 21849, .adv_w = 199, .box_w = 10, .box_h = 19, .ofs_x = 1, .ofs_y = 0},
    {.bitmap_index = 21871, .adv_w = 254, .box_w = 16, .box_h = 19, .ofs_x = 0, .ofs_y = 0},
    {.bitmap_index = 21942, .adv_w = 116, .box_w = 8, .box_h = 19, .ofs_x = 0, .ofs_y = 0},
    {.bitmap_index = 21975, .adv_w = 300, .box_w = 16, .box_h = 24, .ofs_x = 1, .ofs_y = 0},
    {.bitmap_index = 22084, .adv_w = 254, .box_w = 14, .box_h = 19, .ofs_x = 1, .ofs_y = 0},
    {.bitmap_index = 22151, .adv_w = 300, .box_w = 16, .box_h = 27, .ofs_x = 1, .ofs_y = -8},
    {.bitmap_index = 22276, .adv_w = 254, .box_w = 14, .box_h = 22, .ofs_x = 1, .ofs_y = -8},
    {.bitmap_index = 22355, .adv_w = 300, .box_w = 16, .box_h = 24, .ofs_x = 1, .ofs_y = 0},
    {.bitmap_index = 22469, .adv_w = 254, .box_w = 14, .box_h = 19, .ofs_x = 1, .ofs_y = 0},
    {.bitmap_index = 22542, .adv_w = 295, .box_w = 18, .box_h = 19, .ofs_x = -1, .ofs_y = 0},
    {.bitmap_index = 22619, .adv_w = 301, .box_w = 17, .box_h = 19, .ofs_x = 1, .ofs_y = 0},
    {.bitmap_index = 22725, .adv_w = 254, .box_w = 14, .box_h = 19, .ofs_x = 1, .ofs_y = -5},
    {.bitmap_index = 22793, .adv_w = 324, .box_w = 19, .box_h = 24, .ofs_x = 1, .ofs_y = 0},
    {.bitmap_index = 22951, .adv_w = 254, .box_w = 14, .box_h = 19, .ofs_x = 1, .ofs_y = 0},
    {.bitmap_index = 23050, .adv_w = 324, .box_w = 19, .box_h = 25, .ofs_x = 1, .ofs_y = 0},
    {.bitmap_index = 23224, .adv_w = 254, .box_w = 14, .box_h = 19, .ofs_x = 1, .ofs_y = 0},
    {.bitmap_index = 23332, .adv_w = 324, .box_w = 19, .box_h = 24, .ofs_x = 1, .ofs_y = 0},
    {.bitmap_index = 23508, .adv_w = 254, .box_w = 14, .box_h = 19, .ofs_x = 1, .ofs_y = 0},
    {.bitmap_index = 23623, .adv_w = 416, .box_w = 26, .box_h = 19, .ofs_x = 0, .ofs_y = 0},
    {.bitmap_index = 23782, .adv_w = 393, .box_w = 23, .box_h = 14, .ofs_x = 1, .ofs_y = 0},
    {.bitmap_index = 23919, .adv_w = 300, .box_w = 18, .box_h = 24, .ofs_x = 1, .ofs_y = 0},
    {.bitmap_index = 24054, .adv_w = 162, .box_w = 10, .box_h = 19, .ofs_x = 1, .ofs_y = 0},
    {.bitmap_index = 24108, .adv_w = 300, .box_w = 18, .box_h = 27, .ofs_x = 1, .ofs_y = -8},
    {.bitmap_index = 24254, .adv_w = 162, .box_w = 10, .box_h = 22, .ofs_x = 1, .ofs_y = -8},
    {.bitmap_index = 24317, .adv_w = 300, .box_w = 18, .box_h = 24, .ofs_x = 1, .ofs_y = 0},
    {.bitmap_index = 24455, .adv_w = 162, .box_w = 10, .box_h = 19, .ofs_x = 1, .ofs_y = 0},
    {.bitmap_index = 24513, .adv_w = 277, .box_w = 17, .box_h = 24, .ofs_x = 0, .ofs_y = 0},
    {.bitmap_index = 24674, .adv_w = 231, .box_w = 14, .box_h = 19, .ofs_x = 0, .ofs_y = 0},
    {.bitmap_index = 24788, .adv_w = 277, .box_w = 17, .box_h = 25, .ofs_x = 0, .ofs_y = 0},
    {.bitmap_index = 24954, .adv_w = 231, .box_w = 14, .box_h = 19, .ofs_x = 0, .ofs_y = 0},
    {.bitmap_index = 25072, .adv_w = 277, .box_w = 17, .box_h = 24, .ofs_x = 0, .ofs_y = -5},
    {.bitmap_index = 25236, .adv_w = 231, .box_w = 14, .box_h = 19, .ofs_x = 0, .ofs_y = -5},
    {.bitmap_index = 25352, .adv_w = 277, .box_w = 17, .box_h = 24, .ofs_x = 0, .ofs_y = 0},
    {.bitmap_index = 25516, .adv_w = 231, .box_w = 14, .box_h = 19, .ofs_x = 0, .ofs_y = 0},
    {.bitmap_index = 25635, .adv_w = 254, .box_w = 16, .box_h = 24, .ofs_x = 0, .ofs_y = -5},
    {.bitmap_index = 25691, .adv_w = 139, .box_w = 9, .box_h = 24, .ofs_x = 0, .ofs_y = -5},
    {.bitmap_index = 25761, .adv_w = 254, .box_w = 16, .box_h = 24, .ofs_x = 0, .ofs_y = 0},
    {.bitmap_index = 25818, .adv_w = 199, .box_w = 13, .box_h = 19, .ofs_x = 0, .ofs_y = 0},
    {.bitmap_index = 25885, .adv_w = 254, .box_w = 16, .box_h = 19, .ofs_x = 0, .ofs_y = 0},
    {.bitmap_index = 25935, .adv_w = 139, .box_w = 9, .box_h = 19, .ofs_x = 0, .ofs_y = 0},
    {.bitmap_index = 25996, .adv_w = 300, .box_w = 16, .box_h = 25, .ofs_x = 1, .ofs_y = 0},
    {.bitmap_index = 26097, .adv_w = 254, .box_w = 14, .box_h = 19, .ofs_x = 1, .ofs_y = 0},
    {.bitmap_index = 26172, .adv_w = 300, .box_w = 16, .box_h = 24, .ofs_x = 1, .ofs_y = 0},
    {.bitmap_index = 26254, .adv_w = 254, .box_w = 14, .box_h = 19, .ofs_x = 1, .ofs_y = 0},
    {.bitmap_index = 26314, .adv_w = 300, .box_w = 16, .box_h = 25, .ofs_x = 1, .ofs_y = 0},
    {.bitmap_index = 26410, .adv_w = 254, .box_w = 14, .box_h = 19, .ofs_x = 1, .ofs_y = 0},
    {.bitmap_index = 26479, .adv_w = 300, .box_w = 16, .box_h = 26, .ofs_x = 1, .ofs_y = 0},
    {.bitmap_index = 26577, .adv_w = 254, .box_w = 14, .box_h = 21, .ofs_x = 1, .ofs_y = 0},
    {.bitmap_index = 26653, .adv_w = 300, .box_w = 16, .box_h = 24, .ofs_x = 1, .ofs_y = 0},
    {.bitmap_index = 26751, .adv_w = 254, .box_w = 14, .box_h = 19, .ofs_x = 1, .ofs_y = 0},
    {.bitmap_index = 26827, .adv_w = 300, .box_w = 16, .box_h = 24, .ofs_x = 1, .ofs_y = -5},
    {.bitmap_index = 26916, .adv_w = 254, .box_w = 14, .box_h = 19, .ofs_x = 1, .ofs_y = -5},
    {.bitmap_index = 26985, .adv_w = 393, .box_w = 25, .box_h = 25, .ofs_x = 0, .ofs_y = 0},
    {.bitmap_index = 27219, .adv_w = 324, .box_w = 21, .box_h = 19, .ofs_x = 0, .ofs_y = 0},
    {.bitmap_index = 27387, .adv_w = 277, .box_w = 19, .box_h = 25, .ofs_x = -1, .ofs_y = 0},
    {.bitmap_index = 27511, .adv_w = 231, .box_w = 15, .box_h = 24, .ofs_x = 0, .ofs_y = -5},
    {.bitmap_index = 27653, .adv_w = 277, .box_w = 19, .box_h = 24, .ofs_x = -1, .ofs_y = 0},
    {.bitmap_index = 27764, .adv_w = 254, .box_w = 16, .box_h = 24, .ofs_x = 0, .ofs_y = 0},
    {.bitmap_index = 27873, .adv_w = 208, .box_w = 13, .box_h = 19, .ofs_x = 0, .ofs_y = 0},
    {.bitmap_index = 27950, .adv_w = 254, .box_w = 16, .box_h = 24, .ofs_x = 0, .ofs_y = 0},
    {.bitmap_index = 28050, .adv_w = 208, .box_w = 13, .box_h = 19, .ofs_x = 0, .ofs_y = 0},
    {.bitmap_index = 28120, .adv_w = 254, .box_w = 16, .box_h = 24, .ofs_x = 0, .ofs_y = 0},
    {.bitmap_index = 28234, .adv_w = 208, .box_w = 13, .box_h = 19, .ofs_x = 0, .ofs_y = 0},
    {.bitmap_index = 28317, .adv_w = 116, .box_w = 8, .box_h = 19, .ofs_x = 1, .ofs_y = 0},
    {.bitmap_index = 28342, .adv_w = 300, .box_w = 19, .box_h = 24, .ofs_x = 0, .ofs_y = -5},
    {.bitmap_index = 28489, .adv_w = 231, .box_w = 14, .box_h = 19, .ofs_x = 0, .ofs_y = -5},
    {.bitmap_index = 28595, .adv_w = 300, .box_w = 19, .box_h = 25, .ofs_x = 0, .ofs_y = 0},
    {.bitmap_index = 28757, .adv_w = 231, .box_w = 14, .box_h = 19, .ofs_x = 0, .ofs_y = 0},
    {.bitmap_index = 28870, .adv_w = 300, .box_w = 19, .box_h = 24, .ofs_x = 0, .ofs_y = 0},
    {.bitmap_index = 29029, .adv_w = 231, .box_w = 14, .box_h = 24, .ofs_x = 0, .ofs_y = 0},
    {.bitmap_index = 29166, .adv_w = 300, .box_w = 19, .box_h = 24, .ofs_x = 0, .ofs_y = 0},
    {.bitmap_index = 29325, .adv_w = 231, .box_w = 14, .box_h = 24, .ofs_x = 0, .ofs_y = 0},
    {.bitmap_index = 29462, .adv_w = 300, .box_w = 19, .box_h = 24, .ofs_x = 0, .ofs_y = 0},
    {.bitmap_index = 29621, .adv_w = 231, .box_w = 14, .box_h = 25, .ofs_x = 0, .ofs_y = 0},
    {.bitmap_index = 29764, .adv_w = 300, .box_w = 19, .box_h = 24, .ofs_x = 0, .ofs_y = 0},
    {.bitmap_index = 29926, .adv_w = 231, .box_w = 14, .box_h = 23, .ofs_x = 0, .ofs_y = 0},
    {.bitmap_index = 30066, .adv_w = 300, .box_w = 19, .box_h = 27, .ofs_x = 0, .ofs_y = -5},
    {.bitmap_index = 30233, .adv_w = 231, .box_w = 14, .box_h = 24, .ofs_x = 0, .ofs_y = -5},
    {.bitmap_index = 30366, .adv_w = 300, .box_w = 19, .box_h = 24, .ofs_x = 0, .ofs_y = 0},
    {.bitmap_index = 30525, .adv_w = 231, .box_w = 14, .box_h = 24, .ofs_x = 0, .ofs_y = 0},
    {.bitmap_index = 30659, .adv_w = 300, .box_w = 19, .box_h = 24, .ofs_x = 0, .ofs_y = 0},
    {.bitmap_index = 30818, .adv_w = 231, .box_w = 14, .box_h = 24, .ofs_x = 0, .ofs_y = 0},
    {.bitmap_index = 30952, .adv_w = 300, .box_w = 19, .box_h = 24, .ofs_x = 0, .ofs_y = 0},
    {.bitmap_index = 31111, .adv_w = 231, .box_w = 14, .box_h = 25, .ofs_x = 0, .ofs_y = 0},
    {.bitmap_index = 31250, .adv_w = 300, .box_w = 19, .box_h = 24, .ofs_x = 0, .ofs_y = 0},
    {.bitmap_index = 31411, .adv_w = 231, .box_w = 14, .box_h = 23, .ofs_x = 0, .ofs_y = 0},
    {.bitmap_index = 31547, .adv_w = 300, .box_w = 19, .box_h = 27, .ofs_x = 0, .ofs_y = -5},
    {.bitmap_index = 31714, .adv_w = 231, .box_w = 14, .box_h = 24, .ofs_x = 0, .ofs_y = -5},
    {.bitmap_index = 31844, .adv_w = 277, .box_w = 16, .box_h = 24, .ofs_x = 1, .ofs_y = -5},
    {.bitmap_index = 31903, .adv_w = 231, .box_w = 14, .box_h = 19, .ofs_x = 0, .ofs_y = -5},
    {.bitmap_index = 32007, .adv_w = 277, .box_w = 16, .box_h = 25, .ofs_x = 1, .ofs_y = 0},
    {.bitmap_index = 32082, .adv_w = 231, .box_w = 14, .box_h = 19, .ofs_x = 0, .ofs_y = 0},
    {.bitmap_index = 32194, .adv_w = 277, .box_w = 16, .box_h = 24, .ofs_x = 1, .ofs_y = 0},
    {.bitmap_index = 32269, .adv_w = 231, .box_w = 14, .box_h = 19, .ofs_x = 0, .ofs_y = 0},
    {.bitmap_index = 32387, .adv_w = 277, .box_w = 16, .box_h = 24, .ofs_x = 1, .ofs_y = 0},
    {.bitmap_index = 32460, .adv_w = 231, .box_w = 14, .box_h = 24, .ofs_x = 0, .ofs_y = 0},
    {.bitmap_index = 32597, .adv_w = 277, .box_w = 16, .box_h = 24, .ofs_x = 1, .ofs_y = 0},
    {.bitmap_index = 32672, .adv_w = 231, .box_w = 14, .box_h = 24, .ofs_x = 0, .ofs_y = 0},
    {.bitmap_index = 32809, .adv_w = 277, .box_w = 16, .box_h = 24, .ofs_x = 1, .ofs_y = 0},
    {.bitmap_index = 32883, .adv_w = 231, .box_w = 14, .box_h = 25, .ofs_x = 0, .ofs_y = 0},
    {.bitmap_index = 33026, .adv_w = 277, .box_w = 16, .box_h = 24, .ofs_x = 1, .ofs_y = 0},
    {.bitmap_index = 33104, .adv_w = 231, .box_w = 14, .box_h = 23, .ofs_x = 0, .ofs_y = 0},
    {.bitmap_index = 33244, .adv_w = 277, .box_w = 16, .box_h = 27, .ofs_x = 1, .ofs_y = -5},
    {.bitmap_index = 33322, .adv_w = 231, .box_w = 14, .box_h = 24, .ofs_x = 0, .ofs_y = -5},
    {.bitmap_index = 33453, .adv_w = 116, .box_w = 6, .box_h = 25, .ofs_x = 1, .ofs_y = 0},
    {.bitmap_index = 33480, .adv_w = 116, .box_w = 6, .box_h = 19, .ofs_x = 1, .ofs_y = 0},
    {.bitmap_index = 33503, .adv_w = 116, .box_w = 5, .box_h = 24, .ofs_x = 1, .ofs_y = -5},
    {.bitmap_index = 33521, .adv_w = 116, .box_w = 5, .box_h = 24, .ofs_x = 1, .ofs_y = -5},
    {.bitmap_index = 33545, .adv_w = 324, .box_w = 19, .box_h = 24, .ofs_x = 1, .ofs_y = -5},
    {.bitmap_index = 33706, .adv_w = 254, .box_w = 14, .box_h = 19, .ofs_x = 1, .ofs_y = -5},
    {.bitmap_index = 33806, .adv_w = 324, .box_w = 19, .box_h = 25, .ofs_x = 1, .ofs_y = 0},
    {.bitmap_index = 33982, .adv_w = 254, .box_w = 14, .box_h = 19, .ofs_x = 1, .ofs_y = 0},
    {.bitmap_index = 34090, .adv_w = 324, .box_w = 19, .box_h = 24, .ofs_x = 1, .ofs_y = 0},
    {.bitmap_index = 34263, .adv_w = 254, .box_w = 14, .box_h = 24, .ofs_x = 1, .ofs_y = 0},
    {.bitmap_index = 34397, .adv_w = 324, .box_w = 19, .box_h = 24, .ofs_x = 1, .ofs_y = 0},
    {.bitmap_index = 34569, .adv_w = 254, .box_w = 14, .box_h = 24, .ofs_x = 1, .ofs_y = 0},
    {.bitmap_index = 34703, .adv_w = 324, .box_w = 19, .box_h = 24, .ofs_x = 1, .ofs_y = 0},
    {.bitmap_index = 34875, .adv_w = 254, .box_w = 14, .box_h = 25, .ofs_x = 1, .ofs_y = 0},
    {.bitmap_index = 35014, .adv_w = 324, .box_w = 19, .box_h = 25, .ofs_x = 1, .ofs_y = 0},
    {.bitmap_index = 35194, .adv_w = 254, .box_w = 14, .box_h = 23, .ofs_x = 1, .ofs_y = 0},
    {.bitmap_index = 35331, .adv_w = 324, .box_w = 19, .box_h = 27, .ofs_x = 1, .ofs_y = -5},
    {.bitmap_index = 35510, .adv_w = 254, .box_w = 14, .box_h = 24, .ofs_x = 1, .ofs_y = -5},
    {.bitmap_index = 35639, .adv_w = 355, .box_w = 22, .box_h = 24, .ofs_x = 1, .ofs_y = 0},
    {.bitmap_index = 35828, .adv_w = 296, .box_w = 18, .box_h = 19, .ofs_x = 1, .ofs_y = 0},
    {.bitmap_index = 35961, .adv_w = 355, .box_w = 22, .box_h = 24, .ofs_x = 1, .ofs_y = 0},
    {.bitmap_index = 36149, .adv_w = 296, .box_w = 18, .box_h = 19, .ofs_x = 1, .ofs_y = 0},
    {.bitmap_index = 36282, .adv_w = 355, .box_w = 22, .box_h = 25, .ofs_x = 1, .ofs_y = 0},
    {.bitmap_index = 36477, .adv_w = 296, .box_w = 18, .box_h = 19, .ofs_x = 1, .ofs_y = 0},
    {.bitmap_index = 36612, .adv_w = 355, .box_w = 22, .box_h = 24, .ofs_x = 1, .ofs_y = 0},
    {.bitmap_index = 36811, .adv_w = 296, .box_w = 18, .box_h = 19, .ofs_x = 1, .ofs_y = 0},
    {.bitmap_index = 36950, .adv_w = 355, .box_w = 22, .box_h = 24, .ofs_x = 1, .ofs_y = -5},
    {.bitmap_index = 37131, .adv_w = 296, .box_w = 18, .box_h = 19, .ofs_x = 1, .ofs_y = -5},
    {.bitmap_index = 37255, .adv_w = 300, .box_w = 16, .box_h = 24, .ofs_x = 1, .ofs_y = -5},
    {.bitmap_index = 37337, .adv_w = 254, .box_w = 14, .box_h = 19, .ofs_x = 1, .ofs_y = -5},
    {.bitmap_index = 37398, .adv_w = 300, .box_w = 16, .box_h = 25, .ofs_x = 1, .ofs_y = 0},
    {.bitmap_index = 37494, .adv_w = 254, .box_w = 14, .box_h = 19, .ofs_x = 1, .ofs_y = 0},
    {.bitmap_index = 37562, .adv_w = 345, .box_w = 21, .box_h = 24, .ofs_x = 1, .ofs_y = 0},
    {.bitmap_index = 37694, .adv_w = 301, .box_w = 18, .box_h = 19, .ofs_x = 1, .ofs_y = 0},
    {.bitmap_index = 37796, .adv_w = 345, .box_w = 21, .box_h = 24, .ofs_x = 1, .ofs_y = 0},
    {.bitmap_index = 37928, .adv_w = 301, .box_w = 18, .box_h = 19, .ofs_x = 1, .ofs_y = 0},
    {.bitmap_index = 38029, .adv_w = 345, .box_w = 21, .box_h = 25, .ofs_x = 1, .ofs_y = 0},
    {.bitmap_index = 38166, .adv_w = 301, .box_w = 18, .box_h = 19, .ofs_x = 1, .ofs_y = 0},
    {.bitmap_index = 38269, .adv_w = 345, .box_w = 21, .box_h = 24, .ofs_x = 1, .ofs_y = 0},
    {.bitmap_index = 38408, .adv_w = 301, .box_w = 18, .box_h = 19, .ofs_x = 1, .ofs_y = 0},
    {.bitmap_index = 38515, .adv_w = 345, .box_w = 21, .box_h = 24, .ofs_x = 1, .ofs_y = -5},
    {.bitmap_index = 38637, .adv_w = 301, .box_w = 18, .box_h = 19, .ofs_x = 1, .ofs_y = -5},
    {.bitmap_index = 38730, .adv_w = 277, .box_w = 19, .box_h = 25, .ofs_x = -1, .ofs_y = 0},
    {.bitmap_index = 38849, .adv_w = 231, .box_w = 15, .box_h = 24, .ofs_x = 0, .ofs_y = -5},
    {.bitmap_index = 38987, .adv_w = 277, .box_w = 19, .box_h = 24, .ofs_x = -1, .ofs_y = -5},
    {.bitmap_index = 39094, .adv_w = 231, .box_w = 15, .box_h = 19, .ofs_x = 0, .ofs_y = -5},
    {.bitmap_index = 39212, .adv_w = 277, .box_w = 19, .box_h = 25, .ofs_x = -1, .ofs_y = 0},
    {.bitmap_index = 39336, .adv_w = 231, .box_w = 15, .box_h = 24, .ofs_x = 0, .ofs_y = -5},
    {.bitmap_index = 39475, .adv_w = 277, .box_w = 19, .box_h = 24, .ofs_x = -1, .ofs_y = 0},
    {.bitmap_index = 39600, .adv_w = 231, .box_w = 15, .box_h = 24, .ofs_x = 0, .ofs_y = -5},
    {.bitmap_index = 39741, .adv_w = 231, .box_w = 16, .box_h = 3, .ofs_x = -1, .ofs_y = 6},
    {.bitmap_index = 39753, .adv_w = 416, .box_w = 26, .box_h = 3, .ofs_x = 0, .ofs_y = 6},
    {.bitmap_index = 39763, .adv_w = 416, .box_w = 26, .box_h = 3, .ofs_x = 0, .ofs_y = 6},
    {.bitmap_index = 39775, .adv_w = 207, .box_w = 9, .box_h = 19, .ofs_x = 2, .ofs_y = 0},
    {.bitmap_index = 39790, .adv_w = 230, .box_w = 16, .box_h = 7, .ofs_x = -1, .ofs_y = -10},
    {.bitmap_index = 39816, .adv_w = 116, .box_w = 5, .box_h = 8, .ofs_x = 1, .ofs_y = 11},
    {.bitmap_index = 39834, .adv_w = 116, .box_w = 5, .box_h = 8, .ofs_x = 1, .ofs_y = 11},
    {.bitmap_index = 39851, .adv_w = 116, .box_w = 5, .box_h = 9, .ofs_x = 1, .ofs_y = -5},
    {.bitmap_index = 39871, .adv_w = 116, .box_w = 5, .box_h = 8, .ofs_x = 1, .ofs_y = 11},
    {.bitmap_index = 39889, .adv_w = 208, .box_w = 11, .box_h = 8, .ofs_x = 1, .ofs_y = 11},
    {.bitmap_index = 39928, .adv_w = 208, .box_w = 11, .box_h = 8, .ofs_x = 1, .ofs_y = 11},
    {.bitmap_index = 39967, .adv_w = 208, .box_w = 11, .box_h = 9, .ofs_x = 1, .ofs_y = -5},
    {.bitmap_index = 40010, .adv_w = 208, .box_w = 11, .box_h = 8, .ofs_x = 1, .ofs_y = 11},
    {.bitmap_index = 40048, .adv_w = 231, .box_w = 14, .box_h = 24, .ofs_x = 0, .ofs_y = -5},
    {.bitmap_index = 40083, .adv_w = 231, .box_w = 14, .box_h = 24, .ofs_x = 0, .ofs_y = -5},
    {.bitmap_index = 40133, .adv_w = 146, .box_w = 9, .box_h = 8, .ofs_x = 0, .ofs_y = 6},
    {.bitmap_index = 40163, .adv_w = 416, .box_w = 22, .box_h = 4, .ofs_x = 2, .ofs_y = 0}
};

/*---------------------
 *  CHARACTER MAPPING
 *--------------------*/



/*Collect the unicode lists and glyph_id offsets*/
static const lv_font_fmt_txt_cmap_t cmaps[] =
{
    {
        .range_start = 32, .range_length = 95, .glyph_id_start = 1,
        .unicode_list = NULL, .glyph_id_ofs_list = NULL, .list_length = 0, .type = LV_FONT_FMT_TXT_CMAP_FORMAT0_TINY
    },
    {
        .range_start = 160, .range_length = 224, .glyph_id_start = 96,
        .unicode_list = NULL, .glyph_id_ofs_list = NULL, .list_length = 0, .type = LV_FONT_FMT_TXT_CMAP_FORMAT0_TINY
    },
    {
        .range_start = 7840, .range_length = 90, .glyph_id_start = 320,
        .unicode_list = NULL, .glyph_id_ofs_list = NULL, .list_length = 0, .type = LV_FONT_FMT_TXT_CMAP_FORMAT0_TINY
    },
    {
        .range_start = 8211, .range_length = 16, .glyph_id_start = 410,
        .unicode_list = NULL, .glyph_id_ofs_list = NULL, .list_length = 0, .type = LV_FONT_FMT_TXT_CMAP_FORMAT0_TINY
    },
    {
        .range_start = 8230, .range_length = 1, .glyph_id_start = 426,
        .unicode_list = NULL, .glyph_id_ofs_list = NULL, .list_length = 0, .type = LV_FONT_FMT_TXT_CMAP_FORMAT0_TINY
    }
};



/*--------------------
 *  ALL CUSTOM DATA
 *--------------------*/

#if LVGL_VERSION_MAJOR == 8
/*Store all the custom data of the font*/
static  lv_font_fmt_txt_glyph_cache_t cache;
#endif

#if LVGL_VERSION_MAJOR >= 8
static const lv_font_fmt_txt_dsc_t font_dsc = {
#else
static lv_font_fmt_txt_dsc_t font_dsc = {
#endif
    .glyph_bitmap = glyph_bitmap,
    .glyph_dsc = glyph_dsc,
    .cmaps = cmaps,
    .kern_dsc = NULL,
    .kern_scale = 0,
    .cmap_num = 5,
    .bpp = 4,
    .kern_classes = 0,
    .bitmap_format = 1,
#if LVGL_VERSION_MAJOR == 8
    .cache = &cache
#endif
};



/*-----------------
 *  PUBLIC FONT
 *----------------*/

/*Initialize a public general font descriptor*/
#if LVGL_VERSION_MAJOR >= 8
const lv_font_t vocat_vn_26 = {
#else
lv_font_t vocat_vn_26 = {
#endif
    .get_glyph_dsc = lv_font_get_glyph_dsc_fmt_txt,    /*Function pointer to get glyph's data*/
    .get_glyph_bitmap = lv_font_get_bitmap_fmt_txt,    /*Function pointer to get glyph's bitmap*/
    .line_height = 36,          /*The maximum line height required by the font*/
    .base_line = 10,             /*Baseline measured from the bottom of the line*/
#if !(LVGL_VERSION_MAJOR == 6 && LVGL_VERSION_MINOR == 0)
    .subpx = LV_FONT_SUBPX_NONE,
#endif
#if LV_VERSION_CHECK(7, 4, 0) || LVGL_VERSION_MAJOR >= 8
    .underline_position = -3,
    .underline_thickness = 3,
#endif
    .dsc = &font_dsc,          /*The custom font data. Will be accessed by `get_glyph_bitmap/dsc` */
#if LV_VERSION_CHECK(8, 2, 0) || LVGL_VERSION_MAJOR >= 9
    .fallback = NULL,
#endif
    .user_data = NULL,
};



#endif /*#if VOCAT_VN_26*/

